order_id,customer_id,customer_name,product_name,quantity,unit_price,order_status,order_date,updated_at
1001,1002,Meera Nair,SSD,4,8000,Completed,2026-02-15,2026-02-15 13:45:00
1002,852,Meera Nair,Webcam,4,5000,Completed,2026-07-14,2026-07-15 22:05:00
1003,1211,Ajay Reddy,RAM,1,4000,Completed,2026-08-21,2026-08-22 23:42:00
1004,1457,Ajay Reddy,Monitor,1,15000,Pending,2026-06-10,2026-06-12 15:20:00
1005,1251,Kiran Patel,Mobile Phone,2,25000,Pending,2026-04-06,2026-04-07 22:00:00
1006,1122,Vikram Singh,RAM,4,4000,Cancelled,2026-04-19,2026-04-21 21:48:00
1007,1036,Ajay Reddy,Laptop Bag,4,3500,Completed,2026-06-05,2026-06-07 10:35:00
1008,1342,Rahul Sharma,Laptop,5,65000,Pending,2026-05-22,2026-05-22 03:22:00
1009,1437,Divya Menon,Keyboard,1,2500,Completed,2026-01-04,2026-01-04 20:14:00
1010,1438,Neha Singh,USB Hub,2,1800,Completed,2026-05-10,2026-05-10 16:25:00
1011,631,Arjun Kumar,SSD,4,8000,Completed,2026-07-08,2026-07-10 10:15:00
1012,673,Arjun Kumar,Smart Watch,5,7500,Pending,2026-01-18,2026-01-20 03:58:00
1013,915,Neha Singh,Laptop,1,65000,Completed,2026-08-17,2026-08-19 03:22:00
1014,1199,Kiran Patel,RAM,5,4000,Completed,2026-02-16,2026-02-18 13:41:00
1015,1072,Ananya Das,USB Hub,1,1800,Completed,2026-05-29,2026-05-30 04:34:00
1016,631,Meera Nair,Mouse,5,1200,Completed,2026-06-20,2026-06-22 13:58:00
1017,1143,Priya Reddy,Smart Watch,5,7500,Completed,2026-09-06,2026-09-06 14:34:00
1018,529,Pooja Iyer,Mobile Phone,5,25000,Completed,2026-03-19,2026-03-21 05:38:00
1019,1416,Suresh Kumar,USB Hub,2,1800,Completed,2026-01-05,2026-01-06 21:05:00
1020,1202,Kiran Patel,Headphones,1,4500,Completed,2026-02-27,2026-02-28 09:12:00
1021,734,Ananya Das,Power Bank,5,2200,Completed,2026-06-01,2026-06-03 13:55:00
1022,683,Manoj Rao,Monitor,2,15000,Completed,2026-03-31,2026-04-01 08:42:00
1023,953,Arjun Kumar,Smart Watch,2,7500,Completed,2026-04-12,2026-04-14 16:35:00
1024,602,Rahul Sharma,Keyboard,1,2500,Completed,2026-03-14,2026-03-15 19:58:00
1025,867,Suresh Kumar,SSD,3,8000,Completed,2026-07-02,2026-07-03 01:31:00
1026,1473,Sneha Rao,USB Hub,5,1800,Completed,2026-01-09,2026-01-10 05:30:00
1027,987,Manoj Rao,Keyboard,4,2500,Completed,2026-06-15,2026-06-17 19:40:00
1028,1158,Rohit Verma,Tablet,2,30000,Completed,2026-04-13,2026-04-13 01:15:00
1029,1139,Kiran Patel,Monitor,5,15000,Completed,2026-02-23,2026-02-23 11:58:00
1030,603,Suresh Kumar,Mobile Phone,3,25000,Completed,2026-02-14,2026-02-16 19:43:00
1031,1276,Neha Singh,Keyboard,3,2500,Completed,2026-09-01,2026-09-02 18:49:00
1032,1489,Vikram Singh,RAM,1,4000,Pending,2026-03-21,2026-03-21 22:22:00
1033,1288,Meera Nair,Headphones,2,4500,Completed,2026-07-03,2026-07-06 00:29:00
1034,1088,Manoj Rao,Laptop,4,65000,Pending,2026-02-06,2026-02-08 15:58:00
1035,1464,Divya Menon,Printer,1,12000,Completed,2026-03-21,2026-03-23 23:29:00
1036,795,Vikram Singh,Power Bank,1,2200,Completed,2026-06-13,2026-06-13 13:54:00
1037,1010,Rahul Sharma,Tablet,3,30000,Completed,2026-03-11,2026-03-11 22:48:00
1038,1394,Suresh Kumar,Laptop,2,65000,Completed,2026-03-07,2026-03-07 03:53:00
1039,836,Meera Nair,SSD,4,8000,Pending,2026-01-14,2026-01-15 01:50:00
1040,532,Neha Singh,Laptop,3,65000,Completed,2026-07-08,2026-07-10 15:02:00
1041,1462,Rohit Verma,Laptop,5,65000,Cancelled,2026-01-07,2026-01-09 08:23:00
1042,736,Arjun Kumar,Laptop,4,65000,Completed,2026-02-15,2026-02-16 13:55:00
1043,503,Rohit Verma,USB Hub,4,1800,Completed,2026-04-15,2026-04-15 18:20:00
1044,1310,Ananya Das,Laptop,4,65000,Pending,2026-03-14,2026-03-14 07:45:00
1045,988,Meera Nair,Power Bank,2,2200,Completed,2026-04-20,2026-04-20 13:37:00
1046,1342,Priya Reddy,Monitor,5,15000,Completed,2026-06-21,2026-06-21 18:46:00
1047,805,Kiran Patel,Webcam,2,5000,Pending,2026-01-02,2026-01-02 07:03:00
1048,629,Arjun Kumar,RAM,4,4000,Completed,2026-08-10,2026-08-11 11:07:00
1049,1083,Ananya Das,Laptop,5,65000,Completed,2026-07-23,2026-07-24 23:34:00
1050,1371,Rohit Verma,Printer,5,12000,Cancelled,2026-06-03,2026-06-03 18:22:00
1051,1465,Ananya Das,Mobile Phone,5,25000,Completed,2026-02-10,2026-02-12 03:25:00
1052,845,Kiran Patel,Mobile Phone,3,25000,Completed,2026-05-09,2026-05-11 00:03:00
1053,1320,Divya Menon,Headphones,2,4500,Completed,2026-05-18,2026-05-20 10:55:00
1054,638,Divya Menon,Smart Watch,2,7500,Completed,2026-04-01,2026-04-03 12:42:00
1055,1160,Ananya Das,Laptop,5,65000,Cancelled,2026-01-18,2026-01-19 20:25:00
1056,922,Rohit Verma,Power Bank,4,2200,Completed,2026-07-25,2026-07-25 13:28:00
1057,1454,Ajay Reddy,Monitor,1,15000,Completed,2026-07-17,2026-07-20 00:21:00
1058,751,Rohit Verma,Monitor,5,15000,Completed,2026-06-25,2026-06-27 07:38:00
1059,660,Ananya Das,Headphones,4,4500,Completed,2026-06-15,2026-06-15 08:18:00
1060,1479,Pooja Iyer,Tablet,5,30000,Completed,2026-01-08,2026-01-09 20:48:00
1061,1103,Priya Reddy,Keyboard,1,2500,Completed,2026-03-06,2026-03-08 15:44:00
1062,932,Arjun Kumar,Printer,1,12000,Completed,2026-08-30,2026-09-01 17:15:00
1063,1049,Sneha Rao,Headphones,2,4500,Completed,2026-06-10,2026-06-12 00:21:00
1064,1019,Divya Menon,RAM,4,4000,Pending,2026-01-24,2026-01-25 08:09:00
1065,540,Vikram Singh,Headphones,3,4500,Pending,2026-01-16,2026-01-16 01:06:00
1066,636,Sneha Rao,RAM,1,4000,Completed,2026-03-23,2026-03-25 09:37:00
1067,798,Rohit Verma,Laptop,4,65000,Completed,2026-08-27,2026-08-28 06:22:00
1068,926,Neha Singh,Smart Watch,3,7500,Completed,2026-06-02,2026-06-03 02:43:00
1069,1364,Kiran Patel,Laptop,5,65000,Pending,2026-02-24,2026-02-25 18:40:00
1070,508,Neha Singh,Printer,2,12000,Cancelled,2026-02-04,2026-02-05 05:51:00
1071,1094,Kiran Patel,Laptop,1,65000,Completed,2026-01-18,2026-01-18 18:31:00
1072,1346,Suresh Kumar,Monitor,5,15000,Completed,2026-04-22,2026-04-22 02:33:00
1073,1049,Vikram Singh,Mobile Phone,2,25000,Completed,2026-07-16,2026-07-18 03:51:00
1074,801,Arjun Kumar,Smart Watch,1,7500,Completed,2026-08-10,2026-08-11 07:47:00
1075,1354,Manoj Rao,Monitor,3,15000,Completed,2026-09-03,2026-09-03 07:59:00
1076,1269,Rahul Sharma,Power Bank,1,2200,Completed,2026-04-01,2026-04-01 07:22:00
1077,1006,Ajay Reddy,Power Bank,1,2200,Completed,2026-02-27,2026-02-27 11:27:00
1078,794,Divya Menon,Mouse,2,1200,Completed,2026-07-12,2026-07-14 09:35:00
1079,1419,Suresh Kumar,RAM,1,4000,Completed,2026-07-28,2026-07-30 05:45:00
1080,1413,Suresh Kumar,Webcam,2,5000,Completed,2026-07-10,2026-07-10 15:03:00
1081,1203,Ananya Das,Tablet,1,30000,Completed,2026-07-28,2026-07-29 06:40:00
1082,1244,Ananya Das,Laptop,2,65000,Pending,2026-02-17,2026-02-18 00:29:00
1083,563,Manoj Rao,Mouse,3,1200,Completed,2026-03-30,2026-04-01 16:53:00
1084,1138,Meera Nair,Laptop,2,65000,Completed,2026-07-22,2026-07-22 13:13:00
1085,853,Rahul Sharma,RAM,2,4000,Completed,2026-04-21,2026-04-22 08:07:00
1086,536,Meera Nair,Power Bank,5,2200,Pending,2026-03-25,2026-03-27 02:57:00
1087,1377,Ananya Das,Laptop,1,65000,Completed,2026-07-15,2026-07-16 01:48:00
1088,888,Priya Reddy,Printer,1,12000,Completed,2026-04-14,2026-04-15 07:52:00
1089,765,Rohit Verma,Laptop Bag,3,3500,Pending,2026-02-24,2026-02-24 10:47:00
1090,1137,Neha Singh,SSD,4,8000,Completed,2026-07-26,2026-07-28 21:25:00
1091,1328,Kiran Patel,Headphones,2,4500,Completed,2026-06-25,2026-06-25 15:53:00
1092,616,Pooja Iyer,Mobile Phone,5,25000,Completed,2026-07-16,2026-07-17 16:56:00
1093,656,Sneha Rao,Laptop,5,65000,Completed,2026-01-19,2026-01-19 15:33:00
1094,829,Kiran Patel,Mouse,3,1200,Cancelled,2026-06-11,2026-06-12 03:26:00
1095,1022,Kiran Patel,SSD,2,8000,Completed,2026-03-05,2026-03-07 05:14:00
1096,578,Arjun Kumar,Tablet,1,30000,Cancelled,2026-06-10,2026-06-12 12:43:00
1097,510,Manoj Rao,SSD,3,8000,Completed,2026-08-28,2026-08-28 16:02:00
1098,709,Divya Menon,USB Hub,1,1800,Pending,2026-05-13,2026-05-13 12:55:00
1099,1369,Priya Reddy,Mouse,4,1200,Completed,2026-08-13,2026-08-13 17:35:00
1100,780,Meera Nair,Monitor,1,15000,Completed,2026-07-07,2026-07-08 22:07:00
1101,594,Arjun Kumar,Webcam,3,5000,Completed,2026-02-15,2026-02-16 11:09:00
1102,836,Vikram Singh,Mobile Phone,4,25000,Completed,2026-07-09,2026-07-11 08:27:00
1103,635,Rahul Sharma,USB Hub,4,1800,Completed,2026-07-26,2026-07-27 12:36:00
1104,1329,Sneha Rao,Laptop,3,65000,Pending,2026-02-28,2026-03-02 04:49:00
1105,720,Rohit Verma,Power Bank,2,2200,Completed,2026-05-24,2026-05-25 14:09:00
1106,920,Meera Nair,Monitor,3,15000,Completed,2026-07-27,2026-07-29 03:13:00
1107,1386,Sneha Rao,Tablet,3,30000,Completed,2026-04-12,2026-04-12 08:16:00
1108,1156,Ananya Das,Smart Watch,1,7500,Completed,2026-05-28,2026-05-28 18:20:00
1109,1492,Kiran Patel,Tablet,5,30000,Pending,2026-06-28,2026-06-28 11:27:00
1110,563,Suresh Kumar,Power Bank,2,2200,Pending,2026-04-27,2026-04-28 19:31:00
1111,916,Rohit Verma,Keyboard,1,2500,Completed,2026-08-30,2026-09-01 23:48:00
1112,1459,Sneha Rao,Power Bank,3,2200,Completed,2026-02-18,2026-02-20 19:27:00
1113,1460,Sneha Rao,SSD,1,8000,Completed,2026-08-30,2026-09-01 15:27:00
1114,1236,Neha Singh,Webcam,3,5000,Completed,2026-06-21,2026-06-23 09:09:00
1115,1136,Divya Menon,Tablet,4,30000,Cancelled,2026-04-30,2026-04-30 17:32:00
1116,508,Pooja Iyer,Laptop,2,65000,Completed,2026-06-29,2026-07-01 23:13:00
1117,932,Divya Menon,SSD,2,8000,Completed,2026-05-04,2026-05-04 19:19:00
1118,547,Manoj Rao,Mouse,5,1200,Completed,2026-06-08,2026-06-10 05:56:00
1119,1269,Neha Singh,Laptop Bag,3,3500,Cancelled,2026-06-03,2026-06-06 00:30:00
1120,565,Manoj Rao,USB Hub,2,1800,Completed,2026-04-14,2026-04-16 12:04:00
1121,1139,Arjun Kumar,Mobile Phone,1,25000,Completed,2026-04-16,2026-04-16 20:11:00
1122,980,Suresh Kumar,Laptop,4,65000,Completed,2026-03-12,2026-03-13 07:21:00
1123,554,Meera Nair,Mouse,1,1200,Completed,2026-07-04,2026-07-04 23:23:00
1124,1171,Meera Nair,Monitor,5,15000,Pending,2026-08-11,2026-08-12 02:09:00
1125,1447,Rahul Sharma,Printer,4,12000,Pending,2026-02-15,2026-02-15 16:53:00
1126,896,Ananya Das,Headphones,2,4500,Completed,2026-06-02,2026-06-02 14:59:00
1127,1088,Neha Singh,Headphones,3,4500,Pending,2026-09-01,2026-09-02 13:03:00
1128,505,Rahul Sharma,Keyboard,5,2500,Completed,2026-01-09,2026-01-10 19:49:00
1129,1457,Sneha Rao,USB Hub,1,1800,Completed,2026-06-07,2026-06-07 14:14:00
1130,1096,Rohit Verma,Mouse,5,1200,Cancelled,2026-05-02,2026-05-04 13:58:00
1131,880,Rahul Sharma,Keyboard,3,2500,Completed,2026-04-28,2026-04-28 09:16:00
1132,1142,Sneha Rao,Tablet,4,30000,Completed,2026-06-19,2026-06-19 21:16:00
1133,992,Ajay Reddy,Keyboard,1,2500,Completed,2026-02-12,2026-02-13 12:58:00
1134,1347,Manoj Rao,Laptop,2,65000,Cancelled,2026-03-25,2026-03-25 07:16:00
1135,702,Suresh Kumar,SSD,5,8000,Completed,2026-02-27,2026-02-27 14:58:00
1136,990,Ajay Reddy,Laptop,5,65000,Completed,2026-04-14,2026-04-15 08:12:00
1137,1204,Suresh Kumar,Smart Watch,4,7500,Completed,2026-03-22,2026-03-22 08:11:00
1138,585,Sneha Rao,Webcam,3,5000,Completed,2026-09-01,2026-09-02 15:10:00
1139,1275,Meera Nair,Monitor,1,15000,Completed,2026-05-18,2026-05-19 04:21:00
1140,1251,Neha Singh,Power Bank,3,2200,Completed,2026-05-22,2026-05-23 04:03:00
1141,1356,Vikram Singh,Tablet,1,30000,Completed,2026-05-22,2026-05-24 06:59:00
1142,1045,Ajay Reddy,Laptop Bag,2,3500,Completed,2026-08-01,2026-08-03 08:14:00
1143,1075,Meera Nair,Laptop Bag,3,3500,Cancelled,2026-04-25,2026-04-25 16:59:00
1144,732,Meera Nair,SSD,4,8000,Pending,2026-04-05,2026-04-07 16:34:00
1145,1318,Suresh Kumar,Power Bank,5,2200,Completed,2026-07-06,2026-07-07 14:51:00
1146,1006,Manoj Rao,USB Hub,1,1800,Completed,2026-07-30,2026-07-30 23:17:00
1147,780,Kiran Patel,Keyboard,4,2500,Completed,2026-05-12,2026-05-13 01:08:00
1148,1301,Ajay Reddy,Monitor,4,15000,Cancelled,2026-07-02,2026-07-04 17:26:00
1149,847,Kiran Patel,Headphones,1,4500,Pending,2026-06-20,2026-06-22 11:32:00
1150,1152,Suresh Kumar,USB Hub,2,1800,Pending,2026-05-28,2026-05-28 11:32:00
1151,720,Arjun Kumar,Smart Watch,5,7500,Cancelled,2026-02-22,2026-02-24 08:58:00
1152,1064,Sneha Rao,SSD,3,8000,Completed,2026-01-27,2026-01-29 21:28:00
1153,1048,Priya Reddy,Printer,2,12000,Completed,2026-07-05,2026-07-06 03:21:00
1154,781,Rahul Sharma,Keyboard,2,2500,Completed,2026-03-03,2026-03-05 07:36:00
1155,1406,Rahul Sharma,Laptop Bag,4,3500,Completed,2026-08-26,2026-08-28 15:39:00
1156,1310,Neha Singh,Monitor,4,15000,Completed,2026-03-03,2026-03-05 19:48:00
1157,625,Pooja Iyer,Headphones,3,4500,Pending,2026-06-09,2026-06-10 09:00:00
1158,935,Manoj Rao,Keyboard,4,2500,Pending,2026-08-30,2026-09-01 11:18:00
1159,1163,Ajay Reddy,Power Bank,2,2200,Completed,2026-05-19,2026-05-20 20:19:00
1160,740,Divya Menon,Smart Watch,4,7500,Pending,2026-03-11,2026-03-12 00:32:00
1161,844,Kiran Patel,Tablet,5,30000,Completed,2026-02-04,2026-02-06 18:49:00
1162,1399,Meera Nair,Smart Watch,2,7500,Completed,2026-03-22,2026-03-25 00:07:00
1163,1314,Arjun Kumar,Mobile Phone,5,25000,Pending,2026-03-06,2026-03-08 16:34:00
1164,589,Vikram Singh,USB Hub,2,1800,Completed,2026-02-11,2026-02-12 10:26:00
1165,545,Manoj Rao,Laptop,5,65000,Completed,2026-05-20,2026-05-20 18:59:00
1166,1074,Ajay Reddy,USB Hub,5,1800,Completed,2026-03-14,2026-03-15 18:37:00
1167,1306,Manoj Rao,Printer,5,12000,Cancelled,2026-04-12,2026-04-14 19:07:00
1168,1208,Priya Reddy,Laptop,4,65000,Completed,2026-07-16,2026-07-17 22:33:00
1169,1165,Pooja Iyer,Mobile Phone,5,25000,Pending,2026-08-30,2026-08-31 23:41:00
1170,1148,Priya Reddy,Tablet,4,30000,Pending,2026-02-13,2026-02-16 00:16:00
1171,581,Sneha Rao,Monitor,4,15000,Cancelled,2026-04-15,2026-04-15 07:36:00
1172,1247,Ajay Reddy,Keyboard,4,2500,Completed,2026-05-28,2026-05-29 17:44:00
1173,539,Manoj Rao,Monitor,5,15000,Pending,2026-01-17,2026-01-18 08:11:00
1174,1189,Rohit Verma,Printer,4,12000,Cancelled,2026-02-10,2026-02-11 06:22:00
1175,1156,Vikram Singh,Webcam,5,5000,Cancelled,2026-02-20,2026-02-22 12:14:00
1176,1001,Kiran Patel,Tablet,3,30000,Cancelled,2026-07-29,2026-07-30 23:17:00
1177,1343,Meera Nair,Laptop Bag,1,3500,Completed,2026-03-28,2026-03-29 01:31:00
1178,1195,Ananya Das,Smart Watch,1,7500,Pending,2026-07-29,2026-07-31 07:33:00
1179,694,Suresh Kumar,Printer,1,12000,Cancelled,2026-03-14,2026-03-14 09:42:00
1180,1171,Priya Reddy,Mouse,5,1200,Completed,2026-03-15,2026-03-16 17:43:00
1181,1345,Divya Menon,Printer,5,12000,Cancelled,2026-03-24,2026-03-26 00:30:00
1182,915,Suresh Kumar,Keyboard,3,2500,Completed,2026-06-15,2026-06-15 07:36:00
1183,1372,Arjun Kumar,Keyboard,5,2500,Completed,2026-06-24,2026-06-26 08:57:00
1184,945,Vikram Singh,Laptop,1,65000,Completed,2026-03-01,2026-03-03 03:03:00
1185,577,Pooja Iyer,Keyboard,4,2500,Completed,2026-09-01,2026-09-02 12:17:00
1186,529,Pooja Iyer,Power Bank,1,2200,Cancelled,2026-07-14,2026-07-15 22:52:00
1187,1183,Rohit Verma,Power Bank,1,2200,Pending,2026-04-10,2026-04-11 17:15:00
1188,528,Manoj Rao,Laptop,3,65000,Completed,2026-04-20,2026-04-20 19:33:00
1189,1339,Rahul Sharma,Laptop,2,65000,Completed,2026-03-03,2026-03-03 01:26:00
1190,1478,Kiran Patel,RAM,2,4000,Pending,2026-03-22,2026-03-24 01:33:00
1191,606,Priya Reddy,USB Hub,2,1800,Completed,2026-05-25,2026-05-26 12:06:00
1192,1432,Pooja Iyer,RAM,5,4000,Completed,2026-05-28,2026-05-29 00:22:00
1193,1248,Ananya Das,Tablet,3,30000,Completed,2026-02-22,2026-02-22 01:18:00
1194,926,Ananya Das,RAM,1,4000,Completed,2026-03-09,2026-03-11 18:25:00
1195,890,Vikram Singh,USB Hub,2,1800,Pending,2026-05-25,2026-05-27 15:35:00
1196,1298,Rohit Verma,Mobile Phone,5,25000,Completed,2026-01-28,2026-01-30 19:24:00
1197,893,Arjun Kumar,Laptop,5,65000,Completed,2026-01-04,2026-01-06 04:58:00
1198,700,Arjun Kumar,Power Bank,2,2200,Completed,2026-05-15,2026-05-16 02:12:00
1199,623,Kiran Patel,Headphones,4,4500,Completed,2026-03-27,2026-03-28 00:18:00
1200,1242,Manoj Rao,Smart Watch,2,7500,Pending,2026-02-17,2026-02-17 15:17:00
1201,533,Divya Menon,RAM,5,4000,Cancelled,2026-05-02,2026-05-02 13:12:00
1202,888,Priya Reddy,Mouse,5,1200,Completed,2026-08-18,2026-08-19 05:22:00
1203,830,Arjun Kumar,Mobile Phone,2,25000,Cancelled,2026-05-22,2026-05-23 16:45:00
1204,1016,Neha Singh,RAM,3,4000,Completed,2026-08-22,2026-08-24 04:45:00
1205,643,Neha Singh,Webcam,5,5000,Completed,2026-07-03,2026-07-03 21:15:00
1206,942,Neha Singh,Power Bank,4,2200,Completed,2026-05-20,2026-05-20 13:57:00
1207,986,Ajay Reddy,Webcam,4,5000,Completed,2026-07-24,2026-07-25 01:05:00
1208,886,Divya Menon,SSD,1,8000,Completed,2026-08-31,2026-09-01 08:33:00
1209,1155,Divya Menon,Power Bank,3,2200,Completed,2026-04-07,2026-04-08 09:11:00
1210,805,Manoj Rao,Headphones,4,4500,Completed,2026-01-18,2026-01-20 08:15:00
1211,517,Neha Singh,Monitor,2,15000,Completed,2026-04-09,2026-04-11 13:50:00
1212,836,Divya Menon,USB Hub,5,1800,Completed,2026-06-02,2026-06-03 07:29:00
1213,573,Manoj Rao,Keyboard,2,2500,Completed,2026-03-28,2026-03-30 13:34:00
1214,1039,Meera Nair,Laptop,2,65000,Completed,2026-07-10,2026-07-10 11:41:00
1215,539,Rahul Sharma,USB Hub,2,1800,Cancelled,2026-04-16,2026-04-18 07:19:00
1216,566,Manoj Rao,Webcam,4,5000,Pending,2026-01-20,2026-01-21 14:11:00
1217,595,Arjun Kumar,Power Bank,1,2200,Completed,2026-01-27,2026-01-29 14:36:00
1218,1322,Rahul Sharma,Laptop,2,65000,Completed,2026-06-22,2026-06-23 17:10:00
1219,899,Suresh Kumar,Power Bank,4,2200,Completed,2026-09-06,2026-09-06 19:49:00
1220,805,Meera Nair,Mobile Phone,4,25000,Completed,2026-07-29,2026-07-29 13:01:00
1221,1165,Pooja Iyer,Printer,2,12000,Completed,2026-05-22,2026-05-23 10:46:00
1222,787,Meera Nair,Webcam,5,5000,Completed,2026-08-29,2026-08-31 19:51:00
1223,711,Suresh Kumar,Printer,4,12000,Pending,2026-03-09,2026-03-10 17:27:00
1224,814,Ajay Reddy,Printer,3,12000,Completed,2026-02-26,2026-03-01 00:14:00
1225,536,Suresh Kumar,Webcam,1,5000,Pending,2026-03-26,2026-03-27 02:30:00
1226,524,Suresh Kumar,Smart Watch,4,7500,Completed,2026-02-05,2026-02-07 02:42:00
1227,1499,Ananya Das,USB Hub,2,1800,Pending,2026-01-11,2026-01-12 17:12:00
1228,693,Meera Nair,RAM,1,4000,Completed,2026-02-03,2026-02-03 02:02:00
1229,625,Rahul Sharma,Tablet,5,30000,Completed,2026-07-27,2026-07-27 22:02:00
1230,1262,Sneha Rao,Laptop Bag,5,3500,Pending,2026-01-26,2026-01-26 04:57:00
1231,855,Suresh Kumar,Headphones,4,4500,Cancelled,2026-05-04,2026-05-06 11:48:00
1232,535,Arjun Kumar,SSD,2,8000,Completed,2026-05-24,2026-05-25 17:09:00
1233,1418,Manoj Rao,Monitor,5,15000,Completed,2026-02-22,2026-02-24 03:08:00
1234,1220,Ajay Reddy,Keyboard,3,2500,Completed,2026-07-29,2026-07-29 04:15:00
1235,1118,Vikram Singh,Monitor,5,15000,Completed,2026-05-18,2026-05-20 01:24:00
1236,1002,Manoj Rao,Printer,3,12000,Completed,2026-07-04,2026-07-06 07:12:00
1237,893,Divya Menon,Monitor,2,15000,Pending,2026-01-13,2026-01-15 03:03:00
1238,1376,Neha Singh,Mobile Phone,5,25000,Completed,2026-07-27,2026-07-29 07:59:00
1239,516,Meera Nair,Printer,4,12000,Pending,2026-06-08,2026-06-10 21:41:00
1240,861,Priya Reddy,Laptop Bag,3,3500,Completed,2026-03-09,2026-03-11 03:05:00
1241,865,Vikram Singh,RAM,3,4000,Completed,2026-03-11,2026-03-12 17:09:00
1242,950,Manoj Rao,Monitor,3,15000,Completed,2026-01-14,2026-01-16 11:19:00
1243,641,Ajay Reddy,Keyboard,2,2500,Completed,2026-02-10,2026-02-10 10:23:00
1244,1128,Rahul Sharma,Mouse,2,1200,Completed,2026-04-18,2026-04-18 17:44:00
1245,1145,Priya Reddy,Headphones,4,4500,Pending,2026-06-28,2026-06-29 03:18:00
1246,1333,Rohit Verma,Keyboard,5,2500,Completed,2026-08-10,2026-08-10 15:16:00
1247,1386,Pooja Iyer,RAM,2,4000,Cancelled,2026-03-16,2026-03-18 12:07:00
1248,1307,Rohit Verma,Smart Watch,4,7500,Completed,2026-05-09,2026-05-10 05:42:00
1249,885,Rohit Verma,Keyboard,4,2500,Pending,2026-04-09,2026-04-11 09:22:00
1250,836,Priya Reddy,Keyboard,3,2500,Completed,2026-06-14,2026-06-16 15:17:00
1251,959,Rohit Verma,Laptop Bag,3,3500,Pending,2026-08-19,2026-08-20 15:02:00
1252,764,Vikram Singh,Keyboard,4,2500,Pending,2026-08-02,2026-08-04 12:47:00
1253,1310,Divya Menon,USB Hub,2,1800,Completed,2026-08-27,2026-08-27 12:59:00
1254,988,Neha Singh,Mouse,2,1200,Pending,2026-02-18,2026-02-19 01:36:00
1255,715,Ajay Reddy,Headphones,2,4500,Cancelled,2026-04-19,2026-04-19 01:39:00
1256,935,Priya Reddy,Mouse,3,1200,Completed,2026-01-07,2026-01-09 05:10:00
1257,917,Rohit Verma,Printer,4,12000,Completed,2026-09-06,2026-09-06 14:12:00
1258,1257,Suresh Kumar,Webcam,2,5000,Pending,2026-01-01,2026-01-01 16:04:00
1259,690,Pooja Iyer,Webcam,5,5000,Cancelled,2026-09-03,2026-09-05 17:17:00
1260,706,Sneha Rao,Monitor,1,15000,Completed,2026-07-13,2026-07-13 18:11:00
1261,1350,Rahul Sharma,Webcam,3,5000,Completed,2026-04-04,2026-04-05 17:43:00
1262,1048,Rohit Verma,Printer,4,12000,Completed,2026-03-13,2026-03-14 05:37:00
1263,1264,Rohit Verma,Laptop Bag,5,3500,Completed,2026-01-05,2026-01-05 23:13:00
1264,547,Priya Reddy,Mobile Phone,2,25000,Pending,2026-03-19,2026-03-21 10:03:00
1265,885,Pooja Iyer,USB Hub,2,1800,Completed,2026-08-31,2026-09-01 17:49:00
1266,770,Sneha Rao,Power Bank,2,2200,Completed,2026-04-14,2026-04-15 15:47:00
1267,662,Neha Singh,Power Bank,1,2200,Completed,2026-02-13,2026-02-13 10:01:00
1268,1354,Priya Reddy,Mouse,4,1200,Completed,2026-08-07,2026-08-07 04:41:00
1269,1359,Arjun Kumar,Laptop Bag,1,3500,Completed,2026-06-17,2026-06-17 17:03:00
1270,1496,Arjun Kumar,SSD,2,8000,Pending,2026-03-24,2026-03-26 23:56:00
1271,581,Sneha Rao,Printer,1,12000,Pending,2026-03-06,2026-03-08 11:26:00
1272,592,Ananya Das,Mobile Phone,5,25000,Pending,2026-05-15,2026-05-17 06:50:00
1273,1107,Sneha Rao,Laptop Bag,3,3500,Completed,2026-01-23,2026-01-24 15:48:00
1274,1228,Kiran Patel,RAM,4,4000,Completed,2026-02-25,2026-02-26 06:38:00
1275,1080,Rahul Sharma,Laptop,4,65000,Completed,2026-06-08,2026-06-10 02:02:00
1276,1498,Kiran Patel,Headphones,3,4500,Cancelled,2026-04-13,2026-04-15 12:00:00
1277,1195,Priya Reddy,Keyboard,5,2500,Pending,2026-08-01,2026-08-03 23:09:00
1278,1352,Neha Singh,Webcam,1,5000,Completed,2026-05-06,2026-05-06 19:44:00
1279,1390,Ananya Das,USB Hub,5,1800,Completed,2026-03-08,2026-03-09 07:39:00
1280,866,Arjun Kumar,Tablet,1,30000,Pending,2026-04-03,2026-04-04 06:44:00
1281,954,Arjun Kumar,Laptop Bag,1,3500,Completed,2026-01-30,2026-02-01 12:02:00
1282,1365,Ananya Das,Monitor,2,15000,Completed,2026-08-11,2026-08-12 05:07:00
1283,714,Kiran Patel,Keyboard,1,2500,Completed,2026-04-06,2026-04-06 19:19:00
1284,1491,Divya Menon,Smart Watch,5,7500,Completed,2026-08-08,2026-08-10 02:28:00
1285,1106,Meera Nair,RAM,5,4000,Pending,2026-07-12,2026-07-14 16:28:00
1286,1157,Kiran Patel,SSD,5,8000,Pending,2026-07-27,2026-07-29 03:42:00
1287,845,Ananya Das,Keyboard,4,2500,Completed,2026-08-21,2026-08-22 22:03:00
1288,1322,Neha Singh,Printer,1,12000,Completed,2026-08-22,2026-08-25 00:24:00
1289,1237,Divya Menon,Laptop,5,65000,Pending,2026-03-26,2026-03-28 13:34:00
1290,1122,Arjun Kumar,Mouse,1,1200,Completed,2026-09-04,2026-09-05 05:54:00
1291,763,Neha Singh,Laptop Bag,3,3500,Pending,2026-02-11,2026-02-13 08:18:00
1292,1398,Divya Menon,Printer,4,12000,Completed,2026-06-01,2026-06-02 05:50:00
1293,1121,Manoj Rao,Webcam,2,5000,Completed,2026-07-02,2026-07-04 20:34:00
1294,585,Arjun Kumar,RAM,1,4000,Pending,2026-08-23,2026-08-24 23:00:00
1295,1478,Suresh Kumar,Power Bank,5,2200,Pending,2026-08-15,2026-08-16 11:13:00
1296,1396,Arjun Kumar,Smart Watch,5,7500,Completed,2026-02-14,2026-02-15 07:01:00
1297,1207,Ananya Das,Smart Watch,2,7500,Completed,2026-05-14,2026-05-14 18:08:00
1298,800,Kiran Patel,Mouse,4,1200,Completed,2026-02-11,2026-02-11 03:17:00
1299,916,Priya Reddy,Printer,4,12000,Completed,2026-07-10,2026-07-12 23:41:00
1300,802,Ananya Das,Printer,4,12000,Pending,2026-06-29,2026-06-29 14:53:00
1301,1050,Arjun Kumar,Smart Watch,1,7500,Completed,2026-07-23,2026-07-24 09:18:00
1302,1162,Suresh Kumar,Smart Watch,2,7500,Pending,2026-05-11,2026-05-12 01:32:00
1303,1397,Priya Reddy,Mouse,4,1200,Completed,2026-04-21,2026-04-21 12:49:00
1304,789,Ajay Reddy,Monitor,3,15000,Completed,2026-03-23,2026-03-23 13:24:00
1305,1380,Sneha Rao,Webcam,2,5000,Completed,2026-08-27,2026-08-28 20:18:00
1306,668,Vikram Singh,Smart Watch,2,7500,Cancelled,2026-08-26,2026-08-26 22:32:00
1307,796,Divya Menon,Mouse,5,1200,Pending,2026-02-25,2026-02-26 09:33:00
1308,1122,Divya Menon,Smart Watch,3,7500,Completed,2026-08-08,2026-08-10 12:31:00
1309,1213,Neha Singh,Monitor,4,15000,Pending,2026-05-08,2026-05-08 05:58:00
1310,817,Vikram Singh,Power Bank,2,2200,Completed,2026-08-15,2026-08-15 07:43:00
1311,1210,Arjun Kumar,Mobile Phone,1,25000,Completed,2026-08-06,2026-08-08 20:18:00
1312,1114,Rohit Verma,RAM,5,4000,Pending,2026-02-06,2026-02-07 02:22:00
1313,720,Priya Reddy,SSD,2,8000,Pending,2026-04-07,2026-04-08 14:00:00
1314,677,Neha Singh,Keyboard,3,2500,Completed,2026-06-28,2026-06-28 12:34:00
1315,1283,Priya Reddy,Headphones,1,4500,Completed,2026-08-28,2026-08-29 05:14:00
1316,1228,Vikram Singh,Tablet,5,30000,Pending,2026-05-19,2026-05-21 17:05:00
1317,690,Kiran Patel,SSD,2,8000,Completed,2026-06-16,2026-06-16 07:20:00
1318,875,Rahul Sharma,Keyboard,5,2500,Pending,2026-09-03,2026-09-03 21:12:00
1319,1468,Divya Menon,RAM,3,4000,Completed,2026-06-21,2026-06-22 16:42:00
1320,1288,Suresh Kumar,Headphones,4,4500,Pending,2026-08-11,2026-08-13 11:34:00
1321,1026,Rohit Verma,Mouse,1,1200,Completed,2026-07-16,2026-07-18 16:21:00
1322,937,Vikram Singh,Keyboard,2,2500,Completed,2026-04-27,2026-04-29 20:42:00
1323,888,Ajay Reddy,RAM,3,4000,Pending,2026-08-15,2026-08-17 07:13:00
1324,785,Meera Nair,Keyboard,3,2500,Completed,2026-05-02,2026-05-03 15:03:00
1325,1288,Ajay Reddy,Laptop,1,65000,Completed,2026-06-02,2026-06-03 06:39:00
1326,1128,Sneha Rao,Tablet,4,30000,Pending,2026-07-24,2026-07-25 08:29:00
1327,915,Ajay Reddy,Headphones,5,4500,Completed,2026-06-23,2026-06-23 15:31:00
1328,1495,Pooja Iyer,Mouse,5,1200,Completed,2026-07-17,2026-07-18 06:18:00
1329,1346,Rohit Verma,Headphones,3,4500,Completed,2026-03-14,2026-03-15 05:48:00
1330,1237,Arjun Kumar,Printer,4,12000,Completed,2026-08-30,2026-08-30 13:17:00
1331,886,Divya Menon,Printer,5,12000,Completed,2026-02-13,2026-02-15 06:34:00
1332,833,Ananya Das,Monitor,3,15000,Pending,2026-07-27,2026-07-29 13:59:00
1333,682,Kiran Patel,Keyboard,1,2500,Pending,2026-08-06,2026-08-08 08:43:00
1334,1381,Meera Nair,Laptop,5,65000,Completed,2026-03-21,2026-03-21 09:52:00
1335,754,Manoj Rao,SSD,3,8000,Completed,2026-06-28,2026-06-28 10:34:00
1336,889,Divya Menon,Laptop,1,65000,Completed,2026-04-30,2026-05-02 07:08:00
1337,1414,Ananya Das,Keyboard,4,2500,Completed,2026-08-06,2026-08-07 05:14:00
1338,580,Kiran Patel,Webcam,3,5000,Pending,2026-06-17,2026-06-17 19:09:00
1339,538,Kiran Patel,Laptop Bag,3,3500,Completed,2026-05-26,2026-05-27 15:14:00
1340,945,Suresh Kumar,Laptop Bag,5,3500,Pending,2026-08-25,2026-08-25 01:54:00
1341,688,Manoj Rao,Monitor,1,15000,Pending,2026-08-22,2026-08-22 13:22:00
1342,926,Rohit Verma,Mouse,3,1200,Completed,2026-05-07,2026-05-08 08:31:00
1343,1221,Suresh Kumar,Webcam,1,5000,Completed,2026-03-19,2026-03-19 13:00:00
1344,999,Suresh Kumar,Tablet,2,30000,Completed,2026-06-24,2026-06-25 13:09:00
1345,1282,Manoj Rao,Laptop Bag,3,3500,Completed,2026-03-06,2026-03-07 08:34:00
1346,773,Suresh Kumar,Laptop,5,65000,Completed,2026-07-16,2026-07-18 05:09:00
1347,808,Rahul Sharma,Headphones,2,4500,Pending,2026-07-03,2026-07-04 06:07:00
1348,855,Meera Nair,SSD,3,8000,Pending,2026-07-05,2026-07-07 06:07:00
1349,833,Pooja Iyer,Laptop,3,65000,Pending,2026-02-23,2026-02-24 04:18:00
1350,648,Meera Nair,Mobile Phone,1,25000,Pending,2026-07-08,2026-07-08 07:02:00
1351,1027,Sneha Rao,Printer,4,12000,Completed,2026-02-26,2026-02-26 18:12:00
1352,1360,Vikram Singh,Tablet,5,30000,Completed,2026-02-27,2026-02-27 17:45:00
1353,540,Meera Nair,Keyboard,2,2500,Completed,2026-02-08,2026-02-09 06:32:00
1354,998,Ajay Reddy,SSD,4,8000,Pending,2026-08-14,2026-08-15 11:47:00
1355,1480,Arjun Kumar,SSD,5,8000,Completed,2026-02-09,2026-02-11 09:06:00
1356,868,Priya Reddy,RAM,3,4000,Pending,2026-03-02,2026-03-03 01:38:00
1357,783,Rohit Verma,Mobile Phone,2,25000,Pending,2026-06-16,2026-06-18 13:14:00
1358,896,Ajay Reddy,Keyboard,1,2500,Completed,2026-03-21,2026-03-21 22:39:00
1359,1362,Manoj Rao,Mouse,2,1200,Completed,2026-07-07,2026-07-08 15:35:00
1360,1317,Vikram Singh,Mouse,1,1200,Completed,2026-04-03,2026-04-03 08:47:00
1361,606,Sneha Rao,Printer,2,12000,Completed,2026-09-06,2026-09-06 21:14:00
1362,529,Sneha Rao,Monitor,1,15000,Completed,2026-06-13,2026-06-13 08:43:00
1363,617,Ananya Das,Power Bank,3,2200,Completed,2026-05-12,2026-05-14 20:27:00
1364,1205,Rohit Verma,Laptop,2,65000,Pending,2026-01-06,2026-01-06 04:36:00
1365,1225,Rahul Sharma,Smart Watch,1,7500,Completed,2026-05-27,2026-05-27 22:50:00
1366,784,Ajay Reddy,Keyboard,2,2500,Pending,2026-07-22,2026-07-22 12:55:00
1367,731,Manoj Rao,Keyboard,4,2500,Completed,2026-08-28,2026-08-29 20:13:00
1368,781,Suresh Kumar,USB Hub,3,1800,Completed,2026-04-25,2026-04-26 18:31:00
1369,541,Rohit Verma,Tablet,4,30000,Completed,2026-01-10,2026-01-12 22:48:00
1370,1305,Ananya Das,Tablet,1,30000,Completed,2026-03-18,2026-03-21 00:05:00
1371,592,Ajay Reddy,Webcam,4,5000,Completed,2026-08-12,2026-08-14 11:16:00
1372,1296,Neha Singh,Laptop,1,65000,Completed,2026-04-17,2026-04-17 04:09:00
1373,546,Ajay Reddy,RAM,4,4000,Pending,2026-08-09,2026-08-11 03:59:00
1374,582,Suresh Kumar,USB Hub,5,1800,Completed,2026-04-28,2026-04-30 19:46:00
1375,534,Manoj Rao,Keyboard,4,2500,Completed,2026-08-07,2026-08-09 23:48:00
1376,919,Arjun Kumar,Monitor,5,15000,Cancelled,2026-01-09,2026-01-11 14:58:00
1377,1347,Kiran Patel,Monitor,1,15000,Completed,2026-03-03,2026-03-04 08:46:00
1378,1235,Sneha Rao,Tablet,2,30000,Completed,2026-02-06,2026-02-07 11:13:00
1379,1165,Ananya Das,Printer,2,12000,Cancelled,2026-01-23,2026-01-23 03:34:00
1380,703,Pooja Iyer,Tablet,3,30000,Cancelled,2026-04-14,2026-04-15 17:20:00
1381,1272,Suresh Kumar,RAM,3,4000,Completed,2026-01-26,2026-01-26 06:56:00
1382,1386,Divya Menon,USB Hub,5,1800,Pending,2026-05-25,2026-05-26 06:20:00
1383,930,Neha Singh,Headphones,1,4500,Completed,2026-03-14,2026-03-15 14:35:00
1384,785,Meera Nair,Printer,3,12000,Completed,2026-08-12,2026-08-12 07:26:00
1385,561,Sneha Rao,Smart Watch,2,7500,Completed,2026-04-23,2026-04-23 20:55:00
1386,792,Suresh Kumar,Power Bank,2,2200,Pending,2026-04-03,2026-04-04 19:26:00
1387,1209,Sneha Rao,Keyboard,4,2500,Pending,2026-03-05,2026-03-06 21:15:00
1388,971,Sneha Rao,Webcam,3,5000,Completed,2026-06-10,2026-06-11 15:12:00
1389,863,Arjun Kumar,Keyboard,5,2500,Completed,2026-07-23,2026-07-23 15:52:00
1390,605,Arjun Kumar,Mobile Phone,5,25000,Pending,2026-07-01,2026-07-03 23:50:00
1391,560,Kiran Patel,SSD,2,8000,Completed,2026-05-17,2026-05-17 12:17:00
1392,1067,Rahul Sharma,Power Bank,1,2200,Pending,2026-07-25,2026-07-27 01:59:00
1393,758,Ajay Reddy,Headphones,4,4500,Cancelled,2026-05-04,2026-05-06 02:47:00
1394,1099,Pooja Iyer,Webcam,5,5000,Completed,2026-07-01,2026-07-03 12:51:00
1395,959,Neha Singh,Mouse,5,1200,Pending,2026-02-06,2026-02-06 14:16:00
1396,1203,Priya Reddy,Keyboard,4,2500,Completed,2026-04-22,2026-04-24 17:35:00
1397,986,Sneha Rao,Webcam,4,5000,Cancelled,2026-05-10,2026-05-12 02:37:00
1398,921,Neha Singh,Mobile Phone,4,25000,Completed,2026-05-09,2026-05-09 05:40:00
1399,1467,Sneha Rao,Printer,1,12000,Completed,2026-07-12,2026-07-13 17:53:00
1400,1315,Suresh Kumar,Printer,2,12000,Completed,2026-08-29,2026-08-29 02:01:00
1401,1343,Kiran Patel,Tablet,5,30000,Cancelled,2026-01-26,2026-01-28 20:42:00
1402,1065,Vikram Singh,Laptop Bag,4,3500,Pending,2026-05-01,2026-05-03 05:37:00
1403,1388,Vikram Singh,USB Hub,4,1800,Completed,2026-02-15,2026-02-15 23:59:00
1404,968,Rohit Verma,Headphones,3,4500,Cancelled,2026-04-02,2026-04-04 08:45:00
1405,1215,Divya Menon,Laptop Bag,3,3500,Completed,2026-04-26,2026-04-27 21:39:00
1406,1021,Vikram Singh,RAM,4,4000,Cancelled,2026-06-11,2026-06-13 18:50:00
1407,1378,Arjun Kumar,Keyboard,1,2500,Completed,2026-02-13,2026-02-14 18:15:00
1408,709,Divya Menon,Headphones,2,4500,Completed,2026-07-30,2026-07-31 17:12:00
1409,786,Ajay Reddy,Laptop Bag,2,3500,Completed,2026-06-11,2026-06-13 03:59:00
1410,621,Divya Menon,Tablet,2,30000,Completed,2026-06-05,2026-06-05 05:55:00
1411,1395,Divya Menon,RAM,1,4000,Pending,2026-08-08,2026-08-10 19:10:00
1412,564,Kiran Patel,Power Bank,3,2200,Completed,2026-03-09,2026-03-11 21:14:00
1413,1122,Pooja Iyer,USB Hub,2,1800,Completed,2026-06-27,2026-06-29 02:54:00
1414,1153,Ajay Reddy,Monitor,1,15000,Completed,2026-04-25,2026-04-26 13:58:00
1415,812,Pooja Iyer,Monitor,5,15000,Pending,2026-05-05,2026-05-05 22:51:00
1416,1414,Ajay Reddy,Laptop Bag,4,3500,Completed,2026-08-21,2026-08-21 18:48:00
1417,1215,Rohit Verma,Monitor,3,15000,Completed,2026-04-30,2026-04-30 07:02:00
1418,579,Meera Nair,Laptop Bag,5,3500,Cancelled,2026-01-27,2026-01-28 18:31:00
1419,808,Vikram Singh,Tablet,3,30000,Completed,2026-08-08,2026-08-10 01:12:00
1420,625,Vikram Singh,Mobile Phone,1,25000,Completed,2026-09-02,2026-09-03 22:59:00
1421,934,Ananya Das,RAM,5,4000,Completed,2026-02-07,2026-02-07 01:00:00
1422,1375,Suresh Kumar,Printer,2,12000,Completed,2026-07-12,2026-07-12 18:29:00
1423,765,Suresh Kumar,Webcam,2,5000,Cancelled,2026-03-30,2026-04-01 17:00:00
1424,1231,Arjun Kumar,Laptop,1,65000,Completed,2026-01-24,2026-01-26 14:58:00
1425,1311,Vikram Singh,Headphones,1,4500,Pending,2026-07-29,2026-07-29 06:19:00
1426,731,Pooja Iyer,Webcam,3,5000,Pending,2026-05-24,2026-05-24 07:52:00
1427,1265,Divya Menon,USB Hub,3,1800,Pending,2026-08-12,2026-08-13 23:04:00
1428,677,Manoj Rao,Headphones,5,4500,Completed,2026-08-01,2026-08-02 15:04:00
1429,625,Rahul Sharma,Mouse,4,1200,Completed,2026-07-06,2026-07-07 19:20:00
1430,710,Rahul Sharma,Mouse,1,1200,Completed,2026-07-20,2026-07-22 10:59:00
1431,1425,Pooja Iyer,Tablet,3,30000,Completed,2026-08-10,2026-08-12 09:23:00
1432,865,Divya Menon,Mouse,1,1200,Pending,2026-01-27,2026-01-29 03:17:00
1433,1044,Kiran Patel,Monitor,5,15000,Pending,2026-04-04,2026-04-06 02:43:00
1434,849,Divya Menon,SSD,2,8000,Completed,2026-04-11,2026-04-11 21:02:00
1435,1052,Priya Reddy,Webcam,3,5000,Completed,2026-07-31,2026-08-01 20:44:00
1436,1484,Sneha Rao,Smart Watch,5,7500,Pending,2026-08-07,2026-08-09 12:58:00
1437,1296,Priya Reddy,Smart Watch,4,7500,Completed,2026-03-20,2026-03-22 10:22:00
1438,863,Pooja Iyer,Laptop,3,65000,Completed,2026-01-22,2026-01-23 15:01:00
1439,640,Priya Reddy,SSD,4,8000,Completed,2026-03-22,2026-03-23 21:54:00
1440,552,Priya Reddy,Mobile Phone,1,25000,Completed,2026-01-16,2026-01-18 21:57:00
1441,756,Ajay Reddy,Monitor,2,15000,Completed,2026-07-01,2026-07-01 04:18:00
1442,1321,Manoj Rao,Power Bank,5,2200,Completed,2026-02-20,2026-02-21 19:01:00
1443,884,Meera Nair,Laptop,5,65000,Cancelled,2026-07-02,2026-07-03 18:10:00
1444,561,Neha Singh,Laptop,5,65000,Cancelled,2026-01-16,2026-01-18 23:51:00
1445,981,Neha Singh,Smart Watch,5,7500,Completed,2026-01-04,2026-01-04 09:41:00
1446,1015,Rahul Sharma,USB Hub,2,1800,Completed,2026-04-26,2026-04-28 23:36:00
1447,558,Pooja Iyer,RAM,3,4000,Completed,2026-03-07,2026-03-10 00:49:00
1448,567,Sneha Rao,Printer,5,12000,Completed,2026-02-18,2026-02-19 11:59:00
1449,1156,Ajay Reddy,USB Hub,5,1800,Completed,2026-07-16,2026-07-17 23:21:00
1450,780,Arjun Kumar,RAM,2,4000,Pending,2026-07-23,2026-07-25 12:57:00
1451,1001,Meera Nair,Power Bank,5,2200,Completed,2026-07-03,2026-07-04 23:13:00
1452,920,Arjun Kumar,SSD,4,8000,Completed,2026-02-16,2026-02-18 07:31:00
1453,1313,Priya Reddy,Power Bank,1,2200,Completed,2026-03-24,2026-03-25 14:06:00
1454,864,Suresh Kumar,Tablet,3,30000,Pending,2026-01-05,2026-01-08 00:45:00
1455,1326,Neha Singh,Mobile Phone,4,25000,Pending,2026-01-14,2026-01-14 20:52:00
1456,1180,Pooja Iyer,Laptop Bag,2,3500,Completed,2026-03-15,2026-03-16 03:37:00
1457,821,Priya Reddy,Mobile Phone,2,25000,Completed,2026-08-10,2026-08-10 04:05:00
1458,1078,Arjun Kumar,USB Hub,1,1800,Completed,2026-08-15,2026-08-15 04:47:00
1459,678,Kiran Patel,SSD,2,8000,Pending,2026-09-01,2026-09-01 03:32:00
1460,935,Ajay Reddy,Power Bank,1,2200,Completed,2026-06-05,2026-06-05 12:50:00
1461,1498,Rohit Verma,SSD,3,8000,Completed,2026-05-18,2026-05-18 21:57:00
1462,1011,Ajay Reddy,Webcam,4,5000,Pending,2026-06-18,2026-06-20 02:10:00
1463,938,Rohit Verma,Smart Watch,4,7500,Cancelled,2026-03-22,2026-03-23 23:16:00
1464,897,Manoj Rao,Printer,5,12000,Completed,2026-04-22,2026-04-23 18:57:00
1465,883,Rohit Verma,Laptop,1,65000,Cancelled,2026-03-25,2026-03-25 13:37:00
1466,976,Ananya Das,Mouse,5,1200,Completed,2026-03-16,2026-03-18 17:59:00
1467,865,Sneha Rao,Laptop Bag,4,3500,Cancelled,2026-04-24,2026-04-26 21:46:00
1468,1488,Pooja Iyer,Laptop Bag,5,3500,Completed,2026-02-22,2026-02-23 11:45:00
1469,901,Rahul Sharma,Printer,5,12000,Cancelled,2026-03-12,2026-03-14 01:59:00
1470,1489,Priya Reddy,Webcam,4,5000,Completed,2026-06-15,2026-06-17 14:31:00
1471,692,Ananya Das,Headphones,4,4500,Pending,2026-02-20,2026-02-21 20:28:00
1472,528,Neha Singh,Laptop,1,65000,Completed,2026-05-05,2026-05-07 18:32:00
1473,1058,Arjun Kumar,Monitor,5,15000,Completed,2026-05-12,2026-05-12 21:51:00
1474,1338,Arjun Kumar,Mobile Phone,1,25000,Cancelled,2026-08-24,2026-08-25 04:41:00
1475,1091,Suresh Kumar,Mouse,2,1200,Completed,2026-07-16,2026-07-16 10:57:00
1476,1272,Pooja Iyer,RAM,3,4000,Completed,2026-06-28,2026-06-29 22:39:00
1477,1198,Suresh Kumar,USB Hub,3,1800,Completed,2026-06-01,2026-06-01 09:57:00
1478,989,Meera Nair,Smart Watch,4,7500,Completed,2026-03-10,2026-03-10 07:18:00
1479,1005,Priya Reddy,Power Bank,5,2200,Completed,2026-03-09,2026-03-09 14:49:00
1480,1206,Neha Singh,Webcam,2,5000,Completed,2026-04-19,2026-04-21 10:51:00
1481,869,Manoj Rao,RAM,1,4000,Pending,2026-05-22,2026-05-22 20:41:00
1482,580,Arjun Kumar,Mouse,2,1200,Completed,2026-03-01,2026-03-01 08:24:00
1483,764,Vikram Singh,Laptop,1,65000,Pending,2026-01-02,2026-01-04 04:25:00
1484,533,Vikram Singh,SSD,4,8000,Cancelled,2026-05-13,2026-05-14 00:03:00
1485,1032,Ajay Reddy,USB Hub,3,1800,Pending,2026-03-13,2026-03-15 19:46:00
1486,914,Arjun Kumar,Power Bank,3,2200,Pending,2026-09-05,2026-09-05 12:13:00
1487,1079,Rohit Verma,Tablet,1,30000,Completed,2026-06-06,2026-06-06 01:32:00
1488,1237,Suresh Kumar,SSD,3,8000,Pending,2026-06-05,2026-06-07 17:27:00
1489,1407,Rohit Verma,Keyboard,5,2500,Completed,2026-01-27,2026-01-29 15:54:00
1490,642,Ananya Das,Laptop Bag,3,3500,Cancelled,2026-03-14,2026-03-16 12:14:00
1491,1476,Sneha Rao,Laptop Bag,4,3500,Pending,2026-04-07,2026-04-07 06:19:00
1492,1073,Divya Menon,Webcam,3,5000,Completed,2026-04-16,2026-04-18 01:44:00
1493,1404,Ajay Reddy,Smart Watch,4,7500,Completed,2026-02-02,2026-02-02 12:29:00
1494,1416,Ananya Das,Webcam,5,5000,Completed,2026-09-01,2026-09-03 11:07:00
1495,648,Manoj Rao,SSD,1,8000,Completed,2026-08-31,2026-09-01 09:27:00
1496,1275,Rohit Verma,USB Hub,4,1800,Completed,2026-01-03,2026-01-03 15:23:00
1497,1282,Suresh Kumar,Webcam,1,5000,Completed,2026-08-15,2026-08-15 20:04:00
1498,693,Pooja Iyer,Monitor,4,15000,Completed,2026-05-19,2026-05-19 03:09:00
1499,753,Kiran Patel,USB Hub,1,1800,Completed,2026-05-09,2026-05-09 16:46:00
1500,1195,Suresh Kumar,Mobile Phone,5,25000,Completed,2026-03-24,2026-03-26 09:01:00
1501,1467,Priya Reddy,SSD,1,8000,Completed,2026-02-10,2026-02-12 19:21:00
1502,698,Sneha Rao,Laptop,3,65000,Completed,2026-02-03,2026-02-04 18:42:00
1503,1203,Neha Singh,SSD,5,8000,Completed,2026-06-18,2026-06-20 01:39:00
1504,1039,Manoj Rao,Tablet,2,30000,Pending,2026-08-23,2026-08-23 23:35:00
1505,1493,Rohit Verma,Power Bank,5,2200,Completed,2026-04-11,2026-04-13 08:10:00
1506,1400,Meera Nair,Webcam,4,5000,Completed,2026-08-24,2026-08-24 09:24:00
1507,615,Manoj Rao,Monitor,2,15000,Completed,2026-05-21,2026-05-22 07:10:00
1508,1366,Pooja Iyer,Smart Watch,4,7500,Completed,2026-06-18,2026-06-18 08:03:00
1509,1021,Rohit Verma,Headphones,4,4500,Cancelled,2026-02-26,2026-02-27 16:22:00
1510,1366,Ajay Reddy,Power Bank,2,2200,Completed,2026-09-08,2026-09-08 19:23:00
1511,501,Sneha Rao,Headphones,1,4500,Completed,2026-05-18,2026-05-19 07:13:00
1512,1170,Ajay Reddy,Mobile Phone,3,25000,Completed,2026-03-16,2026-03-17 12:56:00
1513,662,Sneha Rao,Laptop Bag,1,3500,Completed,2026-02-04,2026-02-04 05:55:00
1514,1407,Kiran Patel,Webcam,2,5000,Completed,2026-06-18,2026-06-19 08:47:00
1515,503,Meera Nair,USB Hub,5,1800,Completed,2026-07-14,2026-07-16 17:59:00
1516,1036,Rahul Sharma,Tablet,2,30000,Cancelled,2026-04-10,2026-04-10 13:57:00
1517,847,Sneha Rao,USB Hub,3,1800,Completed,2026-08-27,2026-08-28 21:23:00
1518,814,Suresh Kumar,Power Bank,2,2200,Completed,2026-07-29,2026-07-29 04:30:00
1519,618,Rahul Sharma,USB Hub,4,1800,Completed,2026-08-26,2026-08-27 20:46:00
1520,1185,Priya Reddy,Printer,3,12000,Completed,2026-09-07,2026-09-08 09:19:00
1521,551,Rahul Sharma,Laptop Bag,2,3500,Completed,2026-06-04,2026-06-04 09:42:00
1522,1115,Arjun Kumar,Power Bank,1,2200,Completed,2026-03-28,2026-03-29 09:16:00
1523,1367,Kiran Patel,Monitor,2,15000,Completed,2026-06-14,2026-06-15 07:34:00
1524,1078,Suresh Kumar,Webcam,4,5000,Completed,2026-02-19,2026-02-21 09:02:00
1525,1023,Sneha Rao,Mobile Phone,2,25000,Pending,2026-02-22,2026-02-24 04:57:00
1526,546,Divya Menon,SSD,3,8000,Completed,2026-05-12,2026-05-12 11:51:00
1527,825,Vikram Singh,Printer,5,12000,Completed,2026-02-08,2026-02-09 06:06:00
1528,1246,Rahul Sharma,Laptop Bag,1,3500,Completed,2026-02-15,2026-02-16 10:33:00
1529,880,Rahul Sharma,Headphones,2,4500,Completed,2026-06-25,2026-06-25 07:52:00
1530,622,Suresh Kumar,Printer,3,12000,Pending,2026-04-09,2026-04-10 14:30:00
1531,1322,Vikram Singh,Laptop,3,65000,Completed,2026-03-17,2026-03-19 09:30:00
1532,995,Ananya Das,Power Bank,4,2200,Completed,2026-03-23,2026-03-23 10:48:00
1533,1167,Vikram Singh,Monitor,5,15000,Completed,2026-05-10,2026-05-11 02:34:00
1534,733,Sneha Rao,Keyboard,4,2500,Pending,2026-08-31,2026-09-01 10:00:00
1535,1023,Ananya Das,Printer,3,12000,Cancelled,2026-07-07,2026-07-09 03:03:00
1536,1203,Pooja Iyer,USB Hub,3,1800,Completed,2026-04-11,2026-04-11 06:54:00
1537,1075,Kiran Patel,Tablet,4,30000,Completed,2026-07-23,2026-07-25 14:53:00
1538,1455,Kiran Patel,SSD,2,8000,Completed,2026-02-16,2026-02-18 04:15:00
1539,719,Kiran Patel,Monitor,2,15000,Cancelled,2026-01-30,2026-01-31 17:53:00
1540,1078,Ananya Das,Power Bank,4,2200,Completed,2026-05-10,2026-05-11 15:34:00
1541,649,Rahul Sharma,Tablet,4,30000,Completed,2026-07-02,2026-07-02 18:44:00
1542,1102,Rohit Verma,Laptop,5,65000,Pending,2026-06-26,2026-06-26 03:05:00
1543,962,Pooja Iyer,Headphones,5,4500,Completed,2026-01-15,2026-01-16 05:10:00
1544,952,Manoj Rao,Monitor,5,15000,Completed,2026-03-15,2026-03-16 23:45:00
1545,1110,Ajay Reddy,Mouse,2,1200,Cancelled,2026-04-19,2026-04-20 12:11:00
1546,1448,Priya Reddy,Headphones,2,4500,Completed,2026-03-24,2026-03-26 01:02:00
1547,538,Arjun Kumar,Smart Watch,2,7500,Pending,2026-07-25,2026-07-27 20:42:00
1548,971,Ananya Das,Monitor,4,15000,Pending,2026-06-23,2026-06-24 22:30:00
1549,1304,Rahul Sharma,Tablet,2,30000,Completed,2026-07-03,2026-07-05 21:01:00
1550,757,Meera Nair,Laptop Bag,4,3500,Cancelled,2026-02-16,2026-02-18 10:20:00
1551,1181,Meera Nair,Headphones,4,4500,Completed,2026-01-21,2026-01-21 14:01:00
1552,732,Ananya Das,Printer,4,12000,Completed,2026-01-14,2026-01-17 00:56:00
1553,1348,Manoj Rao,Webcam,2,5000,Pending,2026-08-03,2026-08-04 08:03:00
1554,551,Pooja Iyer,Laptop Bag,3,3500,Completed,2026-03-29,2026-03-30 06:24:00
1555,630,Sneha Rao,Webcam,5,5000,Completed,2026-04-10,2026-04-10 15:48:00
1556,1276,Priya Reddy,USB Hub,2,1800,Completed,2026-06-13,2026-06-15 17:13:00
1557,865,Kiran Patel,Laptop,3,65000,Completed,2026-08-10,2026-08-13 00:26:00
1558,1427,Kiran Patel,Mouse,3,1200,Cancelled,2026-05-27,2026-05-27 20:43:00
1559,1377,Manoj Rao,Laptop,5,65000,Completed,2026-06-01,2026-06-03 09:09:00
1560,758,Pooja Iyer,Laptop,2,65000,Completed,2026-02-27,2026-02-28 00:02:00
1561,786,Ajay Reddy,RAM,4,4000,Pending,2026-05-20,2026-05-20 01:45:00
1562,859,Sneha Rao,Mouse,4,1200,Cancelled,2026-06-08,2026-06-09 09:11:00
1563,643,Neha Singh,Mobile Phone,2,25000,Completed,2026-03-01,2026-03-01 01:01:00
1564,1068,Divya Menon,Webcam,4,5000,Completed,2026-07-30,2026-08-01 05:07:00
1565,1213,Arjun Kumar,Printer,1,12000,Pending,2026-07-09,2026-07-10 04:24:00
1566,1363,Rohit Verma,Headphones,2,4500,Pending,2026-04-03,2026-04-05 19:19:00
1567,610,Priya Reddy,SSD,2,8000,Completed,2026-03-04,2026-03-04 14:20:00
1568,543,Pooja Iyer,SSD,3,8000,Completed,2026-01-19,2026-01-19 11:18:00
1569,784,Ananya Das,Smart Watch,2,7500,Completed,2026-03-31,2026-04-02 09:28:00
1570,931,Rahul Sharma,Laptop,2,65000,Cancelled,2026-05-05,2026-05-06 15:55:00
1571,1198,Suresh Kumar,Monitor,1,15000,Completed,2026-01-20,2026-01-22 01:34:00
1572,884,Rohit Verma,Monitor,5,15000,Pending,2026-02-20,2026-02-22 18:36:00
1573,1431,Meera Nair,Mouse,4,1200,Completed,2026-07-24,2026-07-24 06:16:00
1574,1106,Rahul Sharma,USB Hub,1,1800,Completed,2026-07-13,2026-07-13 05:56:00
1575,1174,Ananya Das,Headphones,2,4500,Pending,2026-01-18,2026-01-19 03:38:00
1576,1467,Priya Reddy,SSD,3,8000,Pending,2026-08-04,2026-08-06 17:28:00
1577,822,Suresh Kumar,Mobile Phone,3,25000,Completed,2026-06-09,2026-06-11 00:29:00
1578,1062,Arjun Kumar,Mobile Phone,3,25000,Completed,2026-07-13,2026-07-13 13:52:00
1579,1403,Manoj Rao,Power Bank,3,2200,Completed,2026-07-20,2026-07-21 13:52:00
1580,1277,Ajay Reddy,Monitor,4,15000,Completed,2026-03-15,2026-03-16 09:35:00
1581,1372,Arjun Kumar,Laptop,1,65000,Completed,2026-03-31,2026-04-02 12:25:00
1582,1288,Priya Reddy,Smart Watch,3,7500,Completed,2026-02-08,2026-02-09 14:03:00
1583,783,Priya Reddy,Keyboard,5,2500,Pending,2026-02-26,2026-02-28 05:34:00
1584,636,Vikram Singh,Monitor,2,15000,Pending,2026-08-10,2026-08-10 12:27:00
1585,557,Arjun Kumar,Keyboard,5,2500,Completed,2026-03-28,2026-03-28 02:52:00
1586,618,Neha Singh,Headphones,5,4500,Pending,2026-03-06,2026-03-07 23:58:00
1587,830,Neha Singh,SSD,1,8000,Completed,2026-07-25,2026-07-27 18:47:00
1588,553,Arjun Kumar,Tablet,1,30000,Completed,2026-06-20,2026-06-20 04:25:00
1589,1134,Priya Reddy,Webcam,5,5000,Pending,2026-01-18,2026-01-18 23:23:00
1590,851,Kiran Patel,Monitor,3,15000,Completed,2026-04-19,2026-04-20 09:23:00
1591,1485,Arjun Kumar,Keyboard,2,2500,Completed,2026-01-23,2026-01-24 11:00:00
1592,1228,Sneha Rao,Laptop,4,65000,Pending,2026-09-07,2026-09-09 06:11:00
1593,1139,Ananya Das,Keyboard,4,2500,Completed,2026-07-04,2026-07-06 10:35:00
1594,629,Ajay Reddy,Keyboard,1,2500,Completed,2026-02-19,2026-02-19 08:54:00
1595,1152,Pooja Iyer,Laptop Bag,4,3500,Completed,2026-08-20,2026-08-20 03:05:00
1596,913,Rahul Sharma,Webcam,1,5000,Cancelled,2026-02-13,2026-02-15 06:35:00
1597,1240,Suresh Kumar,Webcam,3,5000,Completed,2026-06-06,2026-06-06 04:35:00
1598,875,Suresh Kumar,SSD,5,8000,Pending,2026-01-19,2026-01-21 09:53:00
1599,1140,Priya Reddy,Monitor,5,15000,Completed,2026-03-13,2026-03-13 03:59:00
1600,979,Rohit Verma,Mobile Phone,2,25000,Completed,2026-08-11,2026-08-12 10:21:00
1601,819,Arjun Kumar,Mouse,3,1200,Pending,2026-05-02,2026-05-03 03:14:00
1602,650,Ajay Reddy,Headphones,3,4500,Completed,2026-08-10,2026-08-11 05:12:00
1603,1479,Meera Nair,Power Bank,1,2200,Pending,2026-05-29,2026-05-31 13:19:00
1604,1398,Rohit Verma,RAM,3,4000,Completed,2026-04-01,2026-04-01 06:34:00
1605,1403,Ajay Reddy,Laptop Bag,1,3500,Completed,2026-07-11,2026-07-12 16:56:00
1606,919,Vikram Singh,Laptop,3,65000,Completed,2026-06-16,2026-06-17 23:07:00
1607,1428,Ananya Das,USB Hub,3,1800,Completed,2026-02-19,2026-02-19 04:53:00
1608,1080,Vikram Singh,SSD,3,8000,Completed,2026-04-01,2026-04-01 23:17:00
1609,616,Kiran Patel,USB Hub,1,1800,Pending,2026-04-07,2026-04-07 10:30:00
1610,801,Vikram Singh,SSD,5,8000,Pending,2026-06-03,2026-06-03 17:26:00
1611,1081,Suresh Kumar,Headphones,5,4500,Completed,2026-05-27,2026-05-28 20:21:00
1612,987,Ananya Das,Headphones,4,4500,Completed,2026-04-18,2026-04-18 15:44:00
1613,927,Suresh Kumar,Tablet,2,30000,Completed,2026-02-07,2026-02-09 23:31:00
1614,880,Ananya Das,Smart Watch,2,7500,Completed,2026-01-16,2026-01-17 10:41:00
1615,1121,Ananya Das,Monitor,2,15000,Completed,2026-03-02,2026-03-02 03:34:00
1616,1314,Priya Reddy,Webcam,3,5000,Completed,2026-08-01,2026-08-01 12:24:00
1617,1437,Ajay Reddy,Monitor,4,15000,Completed,2026-03-24,2026-03-24 13:40:00
1618,1452,Manoj Rao,Smart Watch,4,7500,Cancelled,2026-02-19,2026-02-21 07:12:00
1619,832,Rahul Sharma,Mouse,4,1200,Completed,2026-05-13,2026-05-15 10:33:00
1620,807,Neha Singh,Keyboard,4,2500,Cancelled,2026-03-24,2026-03-24 16:56:00
1621,1099,Rohit Verma,Mobile Phone,4,25000,Completed,2026-05-20,2026-05-20 19:44:00
1622,1036,Sneha Rao,Webcam,5,5000,Pending,2026-01-25,2026-01-25 20:27:00
1623,1344,Ananya Das,Smart Watch,3,7500,Pending,2026-07-12,2026-07-13 03:59:00
1624,797,Manoj Rao,Mouse,5,1200,Completed,2026-08-03,2026-08-03 06:45:00
1625,726,Rahul Sharma,Mouse,4,1200,Completed,2026-05-08,2026-05-10 13:54:00
1626,1301,Divya Menon,Laptop,5,65000,Pending,2026-07-17,2026-07-17 15:05:00
1627,1272,Ajay Reddy,Mouse,1,1200,Pending,2026-03-29,2026-03-29 11:24:00
1628,1415,Ajay Reddy,SSD,5,8000,Completed,2026-08-11,2026-08-11 18:43:00
1629,738,Rahul Sharma,Monitor,1,15000,Completed,2026-06-21,2026-06-23 22:39:00
1630,1002,Pooja Iyer,SSD,5,8000,Completed,2026-04-19,2026-04-19 17:54:00
1631,1254,Priya Reddy,Printer,3,12000,Pending,2026-03-04,2026-03-04 15:46:00
1632,520,Meera Nair,Keyboard,2,2500,Completed,2026-01-01,2026-01-02 18:10:00
1633,1448,Ajay Reddy,Printer,1,12000,Completed,2026-02-03,2026-02-05 18:49:00
1634,1124,Rohit Verma,Mouse,1,1200,Completed,2026-07-21,2026-07-23 23:09:00
1635,1139,Kiran Patel,Laptop,2,65000,Completed,2026-04-01,2026-04-02 08:56:00
1636,536,Manoj Rao,Headphones,3,4500,Pending,2026-05-24,2026-05-25 10:46:00
1637,1391,Sneha Rao,Mobile Phone,4,25000,Completed,2026-02-04,2026-02-05 01:13:00
1638,1060,Kiran Patel,Monitor,1,15000,Cancelled,2026-06-06,2026-06-06 17:17:00
1639,1396,Neha Singh,Headphones,3,4500,Pending,2026-07-20,2026-07-21 09:54:00
1640,837,Sneha Rao,Mouse,3,1200,Pending,2026-06-24,2026-06-26 12:02:00
1641,629,Suresh Kumar,RAM,2,4000,Pending,2026-06-22,2026-06-23 07:01:00
1642,1261,Priya Reddy,Webcam,2,5000,Completed,2026-01-19,2026-01-20 08:37:00
1643,978,Vikram Singh,Mobile Phone,1,25000,Completed,2026-07-25,2026-07-26 15:57:00
1644,1099,Kiran Patel,Power Bank,3,2200,Completed,2026-04-17,2026-04-18 22:08:00
1645,1010,Priya Reddy,Keyboard,2,2500,Cancelled,2026-06-03,2026-06-04 04:57:00
1646,652,Sneha Rao,Monitor,1,15000,Completed,2026-01-03,2026-01-04 12:18:00
1647,983,Ajay Reddy,Mobile Phone,1,25000,Completed,2026-02-05,2026-02-07 01:39:00
1648,790,Priya Reddy,Headphones,4,4500,Completed,2026-02-11,2026-02-13 04:46:00
1649,1216,Ajay Reddy,Headphones,4,4500,Pending,2026-01-31,2026-02-01 05:09:00
1650,889,Rohit Verma,Headphones,5,4500,Completed,2026-04-11,2026-04-13 08:11:00
1651,805,Meera Nair,RAM,1,4000,Pending,2026-07-03,2026-07-05 07:48:00
1652,733,Priya Reddy,USB Hub,5,1800,Completed,2026-06-15,2026-06-17 18:45:00
1653,894,Suresh Kumar,Tablet,3,30000,Completed,2026-05-19,2026-05-22 00:04:00
1654,961,Ananya Das,Webcam,3,5000,Completed,2026-04-28,2026-04-28 09:53:00
1655,885,Ajay Reddy,Laptop,2,65000,Completed,2026-08-31,2026-09-02 08:48:00
1656,1458,Pooja Iyer,Printer,4,12000,Completed,2026-04-27,2026-04-27 15:12:00
1657,800,Neha Singh,USB Hub,4,1800,Cancelled,2026-04-30,2026-04-30 08:43:00
1658,527,Vikram Singh,Keyboard,2,2500,Completed,2026-05-13,2026-05-13 03:42:00
1659,941,Vikram Singh,Laptop,1,65000,Cancelled,2026-03-22,2026-03-22 10:59:00
1660,1465,Meera Nair,Mobile Phone,5,25000,Completed,2026-02-18,2026-02-19 21:23:00
1661,600,Neha Singh,USB Hub,3,1800,Completed,2026-06-06,2026-06-08 05:33:00
1662,668,Rahul Sharma,Monitor,1,15000,Completed,2026-04-26,2026-04-26 02:59:00
1663,1423,Pooja Iyer,Laptop Bag,2,3500,Pending,2026-01-11,2026-01-13 11:56:00
1664,999,Divya Menon,Printer,5,12000,Completed,2026-03-25,2026-03-25 09:15:00
1665,1382,Suresh Kumar,Printer,2,12000,Pending,2026-03-20,2026-03-20 03:38:00
1666,928,Ananya Das,Smart Watch,2,7500,Completed,2026-02-09,2026-02-09 17:15:00
1667,1441,Kiran Patel,Mouse,2,1200,Completed,2026-01-27,2026-01-29 21:31:00
1668,928,Neha Singh,Headphones,1,4500,Completed,2026-01-04,2026-01-04 10:03:00
1669,1094,Pooja Iyer,Printer,1,12000,Completed,2026-07-27,2026-07-28 07:38:00
1670,1380,Priya Reddy,Keyboard,2,2500,Pending,2026-08-14,2026-08-16 15:39:00
1671,725,Rohit Verma,Webcam,1,5000,Pending,2026-06-30,2026-07-02 19:07:00
1672,1452,Manoj Rao,Keyboard,2,2500,Completed,2026-06-21,2026-06-21 07:19:00
1673,765,Priya Reddy,Laptop,5,65000,Completed,2026-05-03,2026-05-05 05:27:00
1674,594,Vikram Singh,RAM,2,4000,Completed,2026-02-04,2026-02-04 14:00:00
1675,988,Vikram Singh,Mouse,4,1200,Completed,2026-09-05,2026-09-06 19:41:00
1676,1459,Ananya Das,SSD,4,8000,Completed,2026-03-20,2026-03-21 03:38:00
1677,1086,Vikram Singh,USB Hub,2,1800,Completed,2026-02-18,2026-02-19 07:26:00
1678,1462,Arjun Kumar,Tablet,4,30000,Completed,2026-02-28,2026-02-28 21:55:00
1679,1415,Ajay Reddy,Headphones,1,4500,Completed,2026-03-30,2026-03-31 21:01:00
1680,1092,Ajay Reddy,Keyboard,2,2500,Completed,2026-06-16,2026-06-18 12:48:00
1681,533,Divya Menon,RAM,1,4000,Completed,2026-03-13,2026-03-15 19:59:00
1682,691,Pooja Iyer,SSD,3,8000,Pending,2026-08-04,2026-08-04 13:44:00
1683,1345,Kiran Patel,USB Hub,1,1800,Pending,2026-06-11,2026-06-13 03:54:00
1684,1138,Vikram Singh,RAM,5,4000,Completed,2026-08-13,2026-08-15 08:09:00
1685,1496,Rohit Verma,Tablet,1,30000,Completed,2026-07-22,2026-07-23 11:49:00
1686,1401,Pooja Iyer,Mobile Phone,2,25000,Completed,2026-08-07,2026-08-07 04:21:00
1687,709,Ananya Das,SSD,4,8000,Completed,2026-08-02,2026-08-03 12:34:00
1688,1220,Kiran Patel,Mouse,3,1200,Completed,2026-09-03,2026-09-05 09:03:00
1689,697,Kiran Patel,Printer,3,12000,Cancelled,2026-05-18,2026-05-20 19:36:00
1690,959,Rohit Verma,Printer,1,12000,Completed,2026-01-08,2026-01-08 22:48:00
1691,1131,Rohit Verma,USB Hub,1,1800,Pending,2026-02-12,2026-02-12 12:06:00
1692,1246,Priya Reddy,Mobile Phone,2,25000,Cancelled,2026-06-27,2026-06-29 03:01:00
1693,1005,Ananya Das,USB Hub,2,1800,Pending,2026-08-22,2026-08-24 09:03:00
1694,990,Priya Reddy,Smart Watch,5,7500,Cancelled,2026-08-24,2026-08-24 20:42:00
1695,1284,Arjun Kumar,Smart Watch,4,7500,Pending,2026-08-06,2026-08-08 09:13:00
1696,661,Meera Nair,RAM,4,4000,Completed,2026-06-13,2026-06-15 23:11:00
1697,912,Ajay Reddy,Webcam,3,5000,Completed,2026-05-05,2026-05-06 22:24:00
1698,1239,Rohit Verma,SSD,4,8000,Cancelled,2026-07-20,2026-07-20 16:38:00
1699,1385,Sneha Rao,Laptop Bag,3,3500,Pending,2026-01-31,2026-02-01 08:55:00
1700,631,Manoj Rao,Webcam,1,5000,Completed,2026-04-05,2026-04-05 16:58:00
1701,1234,Priya Reddy,USB Hub,1,1800,Cancelled,2026-06-09,2026-06-10 01:02:00
1702,652,Divya Menon,Mouse,3,1200,Completed,2026-07-25,2026-07-26 20:49:00
1703,1311,Manoj Rao,RAM,3,4000,Pending,2026-02-17,2026-02-19 20:42:00
1704,683,Rohit Verma,Mouse,3,1200,Cancelled,2026-08-16,2026-08-18 16:55:00
1705,1323,Meera Nair,Mouse,3,1200,Completed,2026-02-19,2026-02-21 05:47:00
1706,527,Suresh Kumar,USB Hub,3,1800,Completed,2026-01-06,2026-01-06 12:38:00
1707,769,Pooja Iyer,Mouse,2,1200,Completed,2026-07-23,2026-07-24 02:09:00
1708,605,Kiran Patel,Printer,2,12000,Completed,2026-08-21,2026-08-21 14:24:00
1709,1342,Pooja Iyer,Mouse,2,1200,Completed,2026-06-30,2026-06-30 02:25:00
1710,1174,Rahul Sharma,Tablet,2,30000,Completed,2026-06-28,2026-06-30 04:30:00
1711,719,Priya Reddy,Monitor,1,15000,Completed,2026-01-11,2026-01-12 10:01:00
1712,950,Manoj Rao,Printer,2,12000,Completed,2026-07-21,2026-07-23 14:57:00
1713,568,Pooja Iyer,USB Hub,1,1800,Completed,2026-03-10,2026-03-12 06:06:00
1714,508,Rahul Sharma,Monitor,4,15000,Completed,2026-04-02,2026-04-04 21:32:00
1715,575,Arjun Kumar,Mobile Phone,2,25000,Pending,2026-05-20,2026-05-22 17:07:00
1716,1466,Meera Nair,SSD,5,8000,Completed,2026-01-25,2026-01-26 00:19:00
1717,985,Meera Nair,Laptop,5,65000,Completed,2026-01-29,2026-01-30 11:55:00
1718,1118,Manoj Rao,Smart Watch,2,7500,Completed,2026-05-06,2026-05-06 20:56:00
1719,651,Manoj Rao,Laptop Bag,1,3500,Completed,2026-08-16,2026-08-17 15:58:00
1720,627,Rahul Sharma,RAM,1,4000,Completed,2026-03-12,2026-03-12 06:06:00
1721,772,Ajay Reddy,Webcam,3,5000,Pending,2026-01-07,2026-01-07 01:52:00
1722,908,Divya Menon,Laptop,2,65000,Cancelled,2026-01-30,2026-02-01 20:10:00
1723,1091,Vikram Singh,RAM,1,4000,Pending,2026-04-24,2026-04-24 20:51:00
1724,1359,Neha Singh,Mouse,4,1200,Completed,2026-03-02,2026-03-02 05:42:00
1725,1158,Pooja Iyer,Monitor,1,15000,Completed,2026-01-13,2026-01-13 20:35:00
1726,780,Meera Nair,Headphones,2,4500,Pending,2026-02-14,2026-02-15 17:10:00
1727,683,Ajay Reddy,Power Bank,4,2200,Pending,2026-08-29,2026-08-30 05:50:00
1728,711,Rahul Sharma,Keyboard,2,2500,Pending,2026-03-19,2026-03-21 20:17:00
1729,1324,Sneha Rao,Mouse,4,1200,Completed,2026-02-26,2026-02-28 09:22:00
1730,1443,Meera Nair,Power Bank,2,2200,Completed,2026-05-05,2026-05-07 06:53:00
1731,862,Rohit Verma,Monitor,1,15000,Pending,2026-01-19,2026-01-21 18:12:00
1732,878,Priya Reddy,USB Hub,3,1800,Completed,2026-02-17,2026-02-17 14:26:00
1733,1237,Arjun Kumar,USB Hub,2,1800,Completed,2026-03-14,2026-03-16 13:18:00
1734,1418,Rahul Sharma,Printer,5,12000,Cancelled,2026-07-14,2026-07-14 17:24:00
1735,1141,Manoj Rao,Monitor,1,15000,Cancelled,2026-06-13,2026-06-13 13:02:00
1736,553,Sneha Rao,Power Bank,4,2200,Completed,2026-06-09,2026-06-09 01:26:00
1737,889,Divya Menon,Monitor,4,15000,Completed,2026-07-18,2026-07-20 04:22:00
1738,866,Rahul Sharma,Mouse,5,1200,Pending,2026-03-10,2026-03-11 04:18:00
1739,1130,Sneha Rao,Smart Watch,5,7500,Completed,2026-03-20,2026-03-22 14:25:00
1740,1052,Neha Singh,Smart Watch,3,7500,Completed,2026-08-19,2026-08-21 14:52:00
1741,717,Suresh Kumar,Headphones,1,4500,Completed,2026-01-07,2026-01-08 19:34:00
1742,1357,Meera Nair,RAM,3,4000,Completed,2026-04-09,2026-04-09 09:53:00
1743,890,Arjun Kumar,Keyboard,3,2500,Completed,2026-02-03,2026-02-04 07:27:00
1744,1357,Rahul Sharma,Webcam,5,5000,Completed,2026-06-28,2026-06-28 12:41:00
1745,742,Manoj Rao,Laptop Bag,1,3500,Completed,2026-02-27,2026-02-27 12:20:00
1746,1424,Pooja Iyer,USB Hub,5,1800,Pending,2026-02-23,2026-02-24 22:36:00
1747,798,Pooja Iyer,USB Hub,5,1800,Pending,2026-03-28,2026-03-29 12:28:00
1748,554,Vikram Singh,Tablet,3,30000,Completed,2026-02-16,2026-02-18 12:54:00
1749,733,Divya Menon,Tablet,4,30000,Cancelled,2026-08-15,2026-08-15 19:26:00
1750,1251,Kiran Patel,Power Bank,1,2200,Completed,2026-06-15,2026-06-15 21:00:00
1751,587,Ajay Reddy,Power Bank,4,2200,Completed,2026-02-13,2026-02-13 05:55:00
1752,555,Arjun Kumar,Mobile Phone,2,25000,Completed,2026-05-12,2026-05-12 07:35:00
1753,1350,Manoj Rao,Power Bank,5,2200,Completed,2026-02-26,2026-02-28 03:40:00
1754,1096,Ajay Reddy,USB Hub,1,1800,Completed,2026-07-08,2026-07-08 21:49:00
1755,1411,Pooja Iyer,Webcam,2,5000,Pending,2026-02-27,2026-02-27 14:33:00
1756,1057,Priya Reddy,Printer,3,12000,Completed,2026-03-11,2026-03-13 00:48:00
1757,842,Suresh Kumar,SSD,1,8000,Completed,2026-01-08,2026-01-08 03:31:00
1758,699,Suresh Kumar,Laptop Bag,3,3500,Completed,2026-08-09,2026-08-10 09:09:00
1759,903,Neha Singh,Monitor,5,15000,Cancelled,2026-03-02,2026-03-03 02:54:00
1760,578,Rohit Verma,Mouse,1,1200,Pending,2026-05-28,2026-05-29 11:34:00
1761,855,Neha Singh,Laptop,4,65000,Completed,2026-02-26,2026-02-28 15:30:00
1762,694,Manoj Rao,Mobile Phone,1,25000,Completed,2026-02-04,2026-02-05 21:52:00
1763,1110,Manoj Rao,Webcam,2,5000,Completed,2026-04-03,2026-04-04 07:43:00
1764,529,Rohit Verma,USB Hub,3,1800,Completed,2026-08-02,2026-08-02 03:26:00
1765,1102,Rahul Sharma,Smart Watch,3,7500,Completed,2026-04-07,2026-04-08 17:43:00
1766,1180,Rohit Verma,Webcam,4,5000,Pending,2026-07-29,2026-07-29 21:47:00
1767,541,Ananya Das,Mouse,4,1200,Completed,2026-02-13,2026-02-13 12:40:00
1768,1060,Manoj Rao,USB Hub,5,1800,Completed,2026-03-06,2026-03-07 01:14:00
1769,923,Vikram Singh,Monitor,4,15000,Completed,2026-07-26,2026-07-28 11:20:00
1770,623,Kiran Patel,Laptop,1,65000,Completed,2026-03-25,2026-03-25 05:29:00
1771,1273,Rahul Sharma,Smart Watch,5,7500,Completed,2026-06-08,2026-06-09 05:02:00
1772,725,Sneha Rao,Mouse,5,1200,Completed,2026-07-12,2026-07-14 00:53:00
1773,1080,Arjun Kumar,Smart Watch,4,7500,Completed,2026-01-09,2026-01-09 05:35:00
1774,1493,Suresh Kumar,SSD,2,8000,Completed,2026-04-27,2026-04-27 07:30:00
1775,1389,Rahul Sharma,Smart Watch,3,7500,Completed,2026-03-26,2026-03-28 11:36:00
1776,1261,Neha Singh,Power Bank,3,2200,Completed,2026-08-27,2026-08-29 23:06:00
1777,1429,Sneha Rao,Monitor,5,15000,Completed,2026-07-06,2026-07-06 14:03:00
1778,770,Ajay Reddy,Laptop Bag,1,3500,Completed,2026-02-19,2026-02-20 15:24:00
1779,839,Ananya Das,Webcam,5,5000,Pending,2026-03-19,2026-03-21 18:26:00
1780,573,Pooja Iyer,USB Hub,1,1800,Completed,2026-06-22,2026-06-24 13:37:00
1781,915,Manoj Rao,RAM,2,4000,Completed,2026-06-18,2026-06-19 17:38:00
1782,768,Suresh Kumar,Mouse,2,1200,Completed,2026-09-01,2026-09-01 06:39:00
1783,636,Manoj Rao,Mouse,1,1200,Completed,2026-04-11,2026-04-12 04:57:00
1784,1346,Sneha Rao,Printer,1,12000,Completed,2026-07-09,2026-07-09 09:37:00
1785,1201,Pooja Iyer,Printer,5,12000,Completed,2026-08-07,2026-08-09 01:54:00
1786,954,Manoj Rao,Headphones,1,4500,Completed,2026-05-28,2026-05-28 03:45:00
1787,1329,Suresh Kumar,Headphones,1,4500,Pending,2026-01-23,2026-01-24 08:40:00
1788,1197,Vikram Singh,Monitor,2,15000,Pending,2026-05-09,2026-05-09 09:55:00
1789,953,Rohit Verma,Mobile Phone,2,25000,Completed,2026-06-01,2026-06-02 07:29:00
1790,777,Vikram Singh,RAM,2,4000,Cancelled,2026-09-07,2026-09-09 05:47:00
1791,1493,Vikram Singh,Laptop Bag,4,3500,Completed,2026-05-21,2026-05-22 10:00:00
1792,503,Rohit Verma,Smart Watch,3,7500,Pending,2026-07-13,2026-07-13 09:18:00
1793,1058,Kiran Patel,Laptop Bag,3,3500,Completed,2026-05-24,2026-05-25 16:38:00
1794,1432,Vikram Singh,USB Hub,3,1800,Cancelled,2026-04-08,2026-04-10 13:49:00
1795,1034,Manoj Rao,Printer,5,12000,Completed,2026-03-25,2026-03-25 09:22:00
1796,1486,Ananya Das,USB Hub,5,1800,Completed,2026-02-02,2026-02-05 00:50:00
1797,822,Arjun Kumar,Power Bank,4,2200,Completed,2026-05-10,2026-05-10 17:33:00
1798,1266,Divya Menon,USB Hub,5,1800,Completed,2026-01-21,2026-01-22 09:18:00
1799,1395,Meera Nair,SSD,1,8000,Completed,2026-06-11,2026-06-12 04:42:00
1800,1500,Sneha Rao,Printer,2,12000,Completed,2026-01-31,2026-01-31 19:42:00
1801,529,Ananya Das,Mobile Phone,2,25000,Completed,2026-09-08,2026-09-09 15:23:00
1802,639,Kiran Patel,Tablet,1,30000,Completed,2026-06-08,2026-06-08 20:28:00
1803,1242,Priya Reddy,Power Bank,2,2200,Completed,2026-09-01,2026-09-02 18:12:00
1804,649,Ajay Reddy,Laptop,4,65000,Completed,2026-04-01,2026-04-02 20:41:00
1805,1079,Ananya Das,Smart Watch,2,7500,Pending,2026-05-21,2026-05-22 04:55:00
1806,736,Ananya Das,Mobile Phone,4,25000,Completed,2026-08-03,2026-08-04 04:48:00
1807,1433,Ananya Das,RAM,1,4000,Completed,2026-07-05,2026-07-06 12:35:00
1808,1318,Priya Reddy,Tablet,5,30000,Completed,2026-07-22,2026-07-22 06:57:00
1809,774,Meera Nair,USB Hub,5,1800,Completed,2026-02-20,2026-02-20 21:04:00
1810,589,Manoj Rao,Power Bank,1,2200,Completed,2026-07-19,2026-07-21 23:32:00
1811,961,Arjun Kumar,Mouse,3,1200,Cancelled,2026-02-01,2026-02-02 16:19:00
1812,593,Priya Reddy,Headphones,1,4500,Completed,2026-05-05,2026-05-06 11:35:00
1813,678,Suresh Kumar,USB Hub,3,1800,Pending,2026-08-12,2026-08-14 07:51:00
1814,1406,Ananya Das,Webcam,2,5000,Pending,2026-08-01,2026-08-01 21:53:00
1815,1051,Priya Reddy,Monitor,1,15000,Completed,2026-05-20,2026-05-22 04:08:00
1816,597,Divya Menon,Mouse,3,1200,Pending,2026-04-09,2026-04-09 15:46:00
1817,769,Neha Singh,Power Bank,2,2200,Completed,2026-01-16,2026-01-16 17:15:00
1818,1209,Rohit Verma,Mobile Phone,3,25000,Pending,2026-07-03,2026-07-04 13:40:00
1819,873,Priya Reddy,Laptop,4,65000,Completed,2026-08-02,2026-08-04 09:43:00
1820,1225,Vikram Singh,Headphones,2,4500,Pending,2026-04-13,2026-04-14 07:38:00
1821,1494,Ajay Reddy,Mobile Phone,2,25000,Completed,2026-06-21,2026-06-23 13:32:00
1822,932,Ajay Reddy,Mouse,3,1200,Pending,2026-07-05,2026-07-06 04:44:00
1823,698,Neha Singh,Monitor,5,15000,Completed,2026-01-07,2026-01-07 12:38:00
1824,658,Meera Nair,USB Hub,3,1800,Pending,2026-01-05,2026-01-05 22:13:00
1825,1292,Divya Menon,USB Hub,5,1800,Completed,2026-02-20,2026-02-20 21:38:00
1826,765,Manoj Rao,Mouse,2,1200,Cancelled,2026-02-03,2026-02-03 04:00:00
1827,605,Suresh Kumar,Monitor,1,15000,Completed,2026-06-24,2026-06-25 00:31:00
1828,1085,Rohit Verma,Mouse,1,1200,Completed,2026-01-26,2026-01-27 02:22:00
1829,879,Neha Singh,Power Bank,2,2200,Completed,2026-04-24,2026-04-24 09:28:00
1830,1132,Kiran Patel,SSD,5,8000,Completed,2026-02-19,2026-02-20 11:46:00
1831,1259,Neha Singh,Headphones,1,4500,Pending,2026-03-04,2026-03-05 20:04:00
1832,894,Rohit Verma,Mobile Phone,2,25000,Cancelled,2026-01-27,2026-01-27 23:11:00
1833,1140,Arjun Kumar,Monitor,3,15000,Pending,2026-04-19,2026-04-21 15:59:00
1834,1351,Pooja Iyer,Keyboard,3,2500,Completed,2026-08-20,2026-08-21 06:00:00
1835,638,Kiran Patel,Mouse,5,1200,Cancelled,2026-03-05,2026-03-06 09:10:00
1836,1279,Meera Nair,Headphones,5,4500,Cancelled,2026-02-26,2026-02-26 01:03:00
1837,1436,Arjun Kumar,Smart Watch,3,7500,Completed,2026-04-22,2026-04-22 15:17:00
1838,971,Arjun Kumar,Laptop,5,65000,Completed,2026-07-28,2026-07-31 00:57:00
1839,1462,Suresh Kumar,Mouse,1,1200,Completed,2026-06-06,2026-06-07 22:29:00
1840,573,Suresh Kumar,Laptop,5,65000,Completed,2026-07-27,2026-07-28 11:43:00
1841,1286,Rahul Sharma,Laptop,5,65000,Completed,2026-04-18,2026-04-20 15:12:00
1842,933,Divya Menon,Headphones,5,4500,Completed,2026-01-03,2026-01-03 05:39:00
1843,1122,Kiran Patel,Power Bank,2,2200,Completed,2026-04-16,2026-04-17 07:36:00
1844,723,Ajay Reddy,Mobile Phone,4,25000,Completed,2026-05-22,2026-05-22 12:52:00
1845,1444,Rohit Verma,Webcam,4,5000,Completed,2026-03-12,2026-03-13 21:13:00
1846,1014,Suresh Kumar,Mouse,2,1200,Cancelled,2026-08-03,2026-08-05 09:10:00
1847,721,Pooja Iyer,Headphones,2,4500,Completed,2026-02-19,2026-02-20 12:13:00
1848,1185,Rohit Verma,Keyboard,4,2500,Completed,2026-03-21,2026-03-22 09:29:00
1849,536,Manoj Rao,Monitor,5,15000,Completed,2026-05-01,2026-05-04 00:46:00
1850,807,Vikram Singh,Printer,4,12000,Completed,2026-06-26,2026-06-28 18:14:00
1851,1030,Rahul Sharma,Headphones,4,4500,Cancelled,2026-08-31,2026-09-02 15:39:00
1852,884,Ajay Reddy,USB Hub,3,1800,Pending,2026-04-21,2026-04-22 08:45:00
1853,1220,Kiran Patel,Tablet,2,30000,Pending,2026-08-05,2026-08-05 14:16:00
1854,769,Rohit Verma,Laptop,5,65000,Completed,2026-06-10,2026-06-12 20:14:00
1855,513,Kiran Patel,Tablet,4,30000,Completed,2026-04-07,2026-04-07 13:39:00
1856,596,Arjun Kumar,Smart Watch,2,7500,Completed,2026-07-02,2026-07-03 17:46:00
1857,1078,Sneha Rao,Smart Watch,3,7500,Pending,2026-07-26,2026-07-27 05:26:00
1858,677,Arjun Kumar,Webcam,2,5000,Cancelled,2026-06-04,2026-06-06 18:17:00
1859,904,Manoj Rao,SSD,2,8000,Completed,2026-01-21,2026-01-23 13:07:00
1860,788,Manoj Rao,Printer,2,12000,Completed,2026-06-01,2026-06-02 06:53:00
1861,1491,Ananya Das,Tablet,5,30000,Completed,2026-05-23,2026-05-24 04:49:00
1862,922,Neha Singh,Printer,5,12000,Completed,2026-01-08,2026-01-10 17:00:00
1863,1338,Suresh Kumar,Mouse,5,1200,Completed,2026-03-18,2026-03-19 02:13:00
1864,895,Suresh Kumar,Power Bank,5,2200,Completed,2026-04-14,2026-04-14 17:38:00
1865,927,Manoj Rao,Mouse,1,1200,Completed,2026-07-23,2026-07-25 05:29:00
1866,1438,Arjun Kumar,Printer,3,12000,Completed,2026-09-06,2026-09-08 06:05:00
1867,848,Priya Reddy,Webcam,1,5000,Cancelled,2026-07-09,2026-07-09 01:25:00
1868,1112,Manoj Rao,RAM,1,4000,Completed,2026-03-16,2026-03-17 08:57:00
1869,1026,Pooja Iyer,Printer,2,12000,Pending,2026-04-14,2026-04-16 11:00:00
1870,1487,Sneha Rao,Mouse,2,1200,Completed,2026-02-14,2026-02-16 19:48:00
1871,1183,Suresh Kumar,SSD,5,8000,Completed,2026-04-16,2026-04-16 09:15:00
1872,1335,Suresh Kumar,Laptop Bag,1,3500,Completed,2026-06-30,2026-07-02 04:20:00
1873,722,Rohit Verma,Keyboard,1,2500,Completed,2026-04-22,2026-04-23 22:36:00
1874,860,Vikram Singh,Power Bank,2,2200,Completed,2026-02-18,2026-02-20 16:20:00
1875,683,Sneha Rao,SSD,1,8000,Completed,2026-08-12,2026-08-13 10:16:00
1876,779,Ananya Das,Webcam,1,5000,Pending,2026-07-07,2026-07-08 09:00:00
1877,879,Priya Reddy,Headphones,2,4500,Completed,2026-01-07,2026-01-09 07:24:00
1878,543,Priya Reddy,Laptop Bag,5,3500,Pending,2026-06-01,2026-06-03 17:37:00
1879,674,Rahul Sharma,RAM,5,4000,Completed,2026-02-15,2026-02-16 15:59:00
1880,1214,Manoj Rao,Mobile Phone,5,25000,Completed,2026-02-21,2026-02-21 23:30:00
1881,1475,Kiran Patel,RAM,5,4000,Completed,2026-01-20,2026-01-22 11:46:00
1882,1426,Rohit Verma,Laptop Bag,3,3500,Completed,2026-07-28,2026-07-29 14:28:00
1883,1136,Ajay Reddy,Mobile Phone,5,25000,Completed,2026-06-21,2026-06-22 16:07:00
1884,955,Sneha Rao,Headphones,5,4500,Completed,2026-01-31,2026-02-02 19:22:00
1885,1276,Ajay Reddy,SSD,2,8000,Completed,2026-08-16,2026-08-18 22:45:00
1886,1112,Rohit Verma,Headphones,2,4500,Cancelled,2026-08-10,2026-08-10 07:27:00
1887,978,Kiran Patel,Laptop,3,65000,Completed,2026-01-11,2026-01-12 15:19:00
1888,1316,Divya Menon,Headphones,4,4500,Completed,2026-07-19,2026-07-20 07:56:00
1889,1474,Arjun Kumar,Power Bank,2,2200,Completed,2026-02-25,2026-02-26 12:21:00
1890,1226,Vikram Singh,Headphones,2,4500,Completed,2026-03-20,2026-03-21 15:05:00
1891,1033,Priya Reddy,Monitor,2,15000,Cancelled,2026-04-10,2026-04-11 10:54:00
1892,1317,Pooja Iyer,Power Bank,2,2200,Completed,2026-05-22,2026-05-24 07:33:00
1893,1300,Rahul Sharma,Webcam,5,5000,Pending,2026-05-09,2026-05-09 23:12:00
1894,661,Priya Reddy,Mouse,1,1200,Completed,2026-01-29,2026-01-30 12:52:00
1895,1010,Priya Reddy,SSD,2,8000,Pending,2026-07-10,2026-07-10 15:57:00
1896,1471,Ananya Das,Printer,2,12000,Completed,2026-02-12,2026-02-13 15:25:00
1897,1277,Rohit Verma,Keyboard,2,2500,Completed,2026-02-21,2026-02-23 07:18:00
1898,1240,Rahul Sharma,Headphones,5,4500,Pending,2026-03-25,2026-03-26 08:08:00
1899,527,Rohit Verma,Smart Watch,3,7500,Cancelled,2026-03-21,2026-03-22 13:05:00
1900,1467,Rahul Sharma,USB Hub,2,1800,Completed,2026-01-15,2026-01-16 11:36:00
1901,1491,Suresh Kumar,Smart Watch,3,7500,Completed,2026-03-09,2026-03-10 02:48:00
1902,842,Divya Menon,Laptop Bag,4,3500,Completed,2026-03-06,2026-03-08 09:08:00
1903,1312,Neha Singh,Mobile Phone,4,25000,Completed,2026-06-28,2026-06-29 10:13:00
1904,1081,Ananya Das,Mobile Phone,3,25000,Pending,2026-03-19,2026-03-20 23:12:00
1905,567,Vikram Singh,Power Bank,5,2200,Completed,2026-03-20,2026-03-22 17:04:00
1906,1065,Ajay Reddy,Tablet,2,30000,Completed,2026-05-11,2026-05-12 00:08:00
1907,1359,Sneha Rao,Tablet,1,30000,Completed,2026-04-04,2026-04-05 23:19:00
1908,1199,Ananya Das,Tablet,3,30000,Completed,2026-04-15,2026-04-15 19:48:00
1909,994,Pooja Iyer,Laptop Bag,5,3500,Completed,2026-06-13,2026-06-15 01:49:00
1910,867,Rohit Verma,RAM,2,4000,Completed,2026-06-16,2026-06-19 00:40:00
1911,1352,Ajay Reddy,Headphones,2,4500,Pending,2026-02-16,2026-02-17 20:27:00
1912,793,Pooja Iyer,Mobile Phone,3,25000,Completed,2026-07-25,2026-07-26 06:25:00
1913,746,Suresh Kumar,Webcam,2,5000,Completed,2026-03-19,2026-03-21 20:06:00
1914,1035,Rahul Sharma,Mobile Phone,1,25000,Completed,2026-04-03,2026-04-03 21:16:00
1915,1320,Priya Reddy,Laptop Bag,3,3500,Cancelled,2026-07-28,2026-07-29 15:57:00
1916,1400,Neha Singh,Headphones,4,4500,Completed,2026-03-03,2026-03-05 12:01:00
1917,678,Rahul Sharma,Smart Watch,4,7500,Cancelled,2026-02-15,2026-02-17 15:06:00
1918,1380,Priya Reddy,Mouse,5,1200,Completed,2026-02-16,2026-02-17 15:51:00
1919,721,Pooja Iyer,Tablet,4,30000,Completed,2026-06-18,2026-06-18 19:14:00
1920,755,Arjun Kumar,Laptop Bag,2,3500,Completed,2026-01-26,2026-01-28 13:27:00
1921,952,Vikram Singh,Mouse,5,1200,Cancelled,2026-08-26,2026-08-28 14:37:00
1922,504,Rohit Verma,Tablet,3,30000,Completed,2026-01-27,2026-01-28 05:20:00
1923,671,Pooja Iyer,Tablet,3,30000,Completed,2026-07-08,2026-07-10 16:38:00
1924,917,Priya Reddy,Headphones,1,4500,Completed,2026-01-20,2026-01-21 08:25:00
1925,1046,Neha Singh,Keyboard,2,2500,Pending,2026-04-02,2026-04-03 03:49:00
1926,1393,Manoj Rao,SSD,2,8000,Completed,2026-06-29,2026-06-30 13:40:00
1927,1311,Rahul Sharma,Laptop Bag,3,3500,Completed,2026-07-23,2026-07-24 17:11:00
1928,1056,Kiran Patel,Smart Watch,3,7500,Completed,2026-01-10,2026-01-11 12:25:00
1929,930,Rohit Verma,Webcam,3,5000,Completed,2026-07-19,2026-07-20 03:27:00
1930,880,Priya Reddy,Mobile Phone,1,25000,Completed,2026-05-08,2026-05-09 16:14:00
1931,1103,Pooja Iyer,SSD,1,8000,Cancelled,2026-08-13,2026-08-13 19:59:00
1932,1467,Rahul Sharma,Tablet,3,30000,Completed,2026-02-04,2026-02-04 02:41:00
1933,1251,Meera Nair,Webcam,4,5000,Completed,2026-07-25,2026-07-26 02:12:00
1934,1314,Ajay Reddy,Keyboard,1,2500,Cancelled,2026-02-12,2026-02-12 03:25:00
1935,524,Sneha Rao,SSD,2,8000,Completed,2026-02-20,2026-02-20 08:32:00
1936,818,Rohit Verma,Headphones,5,4500,Completed,2026-05-30,2026-06-01 03:46:00
1937,1306,Rohit Verma,Mouse,3,1200,Completed,2026-04-29,2026-05-01 07:49:00
1938,1109,Meera Nair,Power Bank,2,2200,Pending,2026-03-27,2026-03-27 17:38:00
1939,1063,Kiran Patel,Laptop Bag,1,3500,Pending,2026-07-17,2026-07-17 17:16:00
1940,1196,Rahul Sharma,USB Hub,1,1800,Completed,2026-05-18,2026-05-18 18:44:00
1941,749,Rahul Sharma,Mobile Phone,5,25000,Cancelled,2026-01-12,2026-01-12 04:25:00
1942,1424,Divya Menon,Webcam,4,5000,Cancelled,2026-08-28,2026-08-28 19:01:00
1943,1478,Rahul Sharma,Tablet,1,30000,Completed,2026-05-01,2026-05-03 20:07:00
1944,777,Suresh Kumar,SSD,4,8000,Completed,2026-03-28,2026-03-28 05:25:00
1945,598,Divya Menon,Keyboard,4,2500,Completed,2026-01-02,2026-01-04 16:20:00
1946,765,Divya Menon,Webcam,4,5000,Pending,2026-04-05,2026-04-07 10:38:00
1947,1260,Neha Singh,Smart Watch,5,7500,Completed,2026-09-07,2026-09-08 12:08:00
1948,734,Sneha Rao,Laptop,3,65000,Completed,2026-02-03,2026-02-04 10:56:00
1949,1335,Kiran Patel,Webcam,1,5000,Pending,2026-01-26,2026-01-27 16:53:00
1950,803,Rahul Sharma,Mobile Phone,3,25000,Completed,2026-01-30,2026-02-01 07:40:00
1951,866,Ananya Das,Webcam,3,5000,Completed,2026-07-30,2026-08-01 05:15:00
1952,969,Suresh Kumar,Keyboard,1,2500,Cancelled,2026-03-25,2026-03-27 07:03:00
1953,1182,Neha Singh,Mouse,4,1200,Pending,2026-02-22,2026-02-22 03:51:00
1954,1302,Vikram Singh,Laptop,4,65000,Completed,2026-07-25,2026-07-25 03:28:00
1955,1279,Rahul Sharma,Monitor,1,15000,Completed,2026-04-03,2026-04-03 06:06:00
1956,635,Divya Menon,Mobile Phone,2,25000,Completed,2026-02-24,2026-02-24 17:43:00
1957,640,Pooja Iyer,RAM,2,4000,Completed,2026-03-18,2026-03-20 09:17:00
1958,1210,Vikram Singh,USB Hub,1,1800,Pending,2026-01-06,2026-01-06 06:17:00
1959,840,Manoj Rao,Mobile Phone,5,25000,Pending,2026-06-06,2026-06-06 07:49:00
1960,984,Priya Reddy,Keyboard,1,2500,Completed,2026-02-25,2026-02-25 09:25:00
1961,1305,Neha Singh,Printer,4,12000,Pending,2026-03-10,2026-03-10 12:08:00
1962,595,Pooja Iyer,Laptop Bag,1,3500,Completed,2026-01-24,2026-01-26 10:37:00
1963,1044,Neha Singh,RAM,5,4000,Completed,2026-04-11,2026-04-12 15:15:00
1964,518,Vikram Singh,Tablet,5,30000,Completed,2026-08-08,2026-08-10 11:45:00
1965,1443,Suresh Kumar,Webcam,2,5000,Completed,2026-05-11,2026-05-11 08:19:00
1966,1342,Kiran Patel,Keyboard,5,2500,Completed,2026-06-05,2026-06-07 06:43:00
1967,934,Rahul Sharma,Laptop,1,65000,Completed,2026-08-23,2026-08-24 19:20:00
1968,750,Ajay Reddy,RAM,1,4000,Pending,2026-04-22,2026-04-22 06:21:00
1969,1030,Manoj Rao,Smart Watch,2,7500,Pending,2026-08-17,2026-08-17 15:19:00
1970,926,Ajay Reddy,Mouse,5,1200,Completed,2026-03-09,2026-03-10 04:29:00
1971,1360,Vikram Singh,Headphones,1,4500,Completed,2026-02-22,2026-02-23 06:45:00
1972,730,Ananya Das,Webcam,4,5000,Pending,2026-07-11,2026-07-12 04:16:00
1973,671,Priya Reddy,Power Bank,4,2200,Cancelled,2026-07-17,2026-07-19 07:26:00
1974,1280,Suresh Kumar,Printer,4,12000,Cancelled,2026-06-17,2026-06-18 09:16:00
1975,1020,Meera Nair,Tablet,4,30000,Completed,2026-06-25,2026-06-26 00:48:00
1976,1180,Suresh Kumar,Smart Watch,3,7500,Cancelled,2026-08-31,2026-09-02 17:04:00
1977,1373,Rahul Sharma,Laptop,1,65000,Completed,2026-08-24,2026-08-25 03:04:00
1978,1264,Meera Nair,Power Bank,5,2200,Pending,2026-04-02,2026-04-04 18:07:00
1979,1456,Priya Reddy,RAM,5,4000,Completed,2026-04-18,2026-04-18 23:09:00
1980,584,Rohit Verma,Monitor,2,15000,Completed,2026-07-05,2026-07-07 05:52:00
1981,943,Divya Menon,Webcam,2,5000,Completed,2026-05-19,2026-05-21 11:49:00
1982,832,Arjun Kumar,Tablet,5,30000,Completed,2026-01-26,2026-01-27 04:14:00
1983,989,Kiran Patel,Headphones,5,4500,Cancelled,2026-08-26,2026-08-28 17:54:00
1984,1279,Rahul Sharma,Keyboard,2,2500,Completed,2026-03-21,2026-03-23 08:25:00
1985,651,Ajay Reddy,Keyboard,1,2500,Completed,2026-09-04,2026-09-04 23:42:00
1986,569,Divya Menon,Power Bank,1,2200,Cancelled,2026-04-22,2026-04-23 04:33:00
1987,657,Suresh Kumar,Keyboard,3,2500,Completed,2026-02-28,2026-02-28 06:20:00
1988,841,Rahul Sharma,Keyboard,2,2500,Completed,2026-08-28,2026-08-30 11:26:00
1989,1242,Ananya Das,Laptop Bag,1,3500,Completed,2026-06-20,2026-06-22 23:29:00
1990,616,Kiran Patel,Headphones,3,4500,Pending,2026-07-13,2026-07-14 18:32:00
1991,907,Sneha Rao,Headphones,2,4500,Pending,2026-03-08,2026-03-09 19:30:00
1992,1320,Divya Menon,Power Bank,2,2200,Pending,2026-06-07,2026-06-09 20:13:00
1993,880,Rahul Sharma,Laptop,2,65000,Completed,2026-02-11,2026-02-12 11:42:00
1994,1243,Arjun Kumar,Power Bank,5,2200,Pending,2026-08-22,2026-08-23 09:04:00
1995,647,Ajay Reddy,Laptop,2,65000,Cancelled,2026-01-20,2026-01-22 10:08:00
1996,507,Neha Singh,RAM,1,4000,Pending,2026-08-07,2026-08-07 15:23:00
1997,1341,Rahul Sharma,Mobile Phone,4,25000,Pending,2026-07-07,2026-07-09 05:56:00
1998,1434,Meera Nair,Headphones,5,4500,Completed,2026-04-19,2026-04-20 14:21:00
1999,828,Rohit Verma,USB Hub,3,1800,Completed,2026-03-02,2026-03-03 16:07:00
2000,619,Ananya Das,USB Hub,2,1800,Completed,2026-08-17,2026-08-19 21:28:00
2001,582,Ananya Das,Printer,3,12000,Completed,2026-08-16,2026-08-17 23:28:00
2002,888,Rahul Sharma,Smart Watch,2,7500,Completed,2026-05-23,2026-05-24 00:37:00
2003,1243,Priya Reddy,USB Hub,5,1800,Pending,2026-05-25,2026-05-27 04:47:00
2004,731,Meera Nair,RAM,2,4000,Completed,2026-01-31,2026-01-31 02:57:00
2005,1346,Rahul Sharma,Laptop,2,65000,Completed,2026-02-28,2026-03-02 01:27:00
2006,1092,Ajay Reddy,Webcam,2,5000,Pending,2026-06-04,2026-06-04 14:18:00
2007,866,Meera Nair,Power Bank,5,2200,Pending,2026-05-17,2026-05-18 05:20:00
2008,783,Rahul Sharma,USB Hub,1,1800,Completed,2026-04-05,2026-04-05 14:02:00
2009,574,Priya Reddy,Laptop,2,65000,Cancelled,2026-06-09,2026-06-12 00:57:00
2010,1007,Arjun Kumar,Laptop Bag,5,3500,Pending,2026-05-26,2026-05-26 01:46:00
2011,1373,Ananya Das,USB Hub,5,1800,Completed,2026-01-13,2026-01-13 03:37:00
2012,1260,Rohit Verma,Laptop,5,65000,Completed,2026-02-27,2026-02-27 03:49:00
2013,1429,Vikram Singh,USB Hub,2,1800,Completed,2026-04-14,2026-04-15 10:10:00
2014,1203,Arjun Kumar,USB Hub,5,1800,Completed,2026-04-19,2026-04-19 21:53:00
2015,832,Meera Nair,Keyboard,4,2500,Pending,2026-01-27,2026-01-29 19:54:00
2016,1020,Priya Reddy,Laptop Bag,2,3500,Cancelled,2026-07-04,2026-07-05 02:14:00
2017,583,Vikram Singh,Laptop,5,65000,Completed,2026-04-18,2026-04-20 13:38:00
2018,910,Priya Reddy,RAM,5,4000,Completed,2026-05-02,2026-05-02 01:56:00
2019,1095,Divya Menon,Webcam,5,5000,Completed,2026-06-11,2026-06-13 00:02:00
2020,1406,Kiran Patel,Mobile Phone,2,25000,Completed,2026-07-29,2026-07-31 04:07:00
2021,713,Suresh Kumar,SSD,5,8000,Completed,2026-01-15,2026-01-16 05:21:00
2022,572,Arjun Kumar,USB Hub,4,1800,Pending,2026-04-01,2026-04-03 05:26:00
2023,1203,Vikram Singh,Laptop Bag,3,3500,Completed,2026-01-18,2026-01-19 12:23:00
2024,505,Manoj Rao,Keyboard,5,2500,Pending,2026-05-18,2026-05-19 09:35:00
2025,1040,Meera Nair,Webcam,3,5000,Pending,2026-07-18,2026-07-18 23:27:00
2026,518,Rahul Sharma,Webcam,1,5000,Completed,2026-06-17,2026-06-18 12:05:00
2027,970,Manoj Rao,Laptop Bag,5,3500,Completed,2026-02-04,2026-02-05 08:44:00
2028,565,Priya Reddy,Printer,1,12000,Completed,2026-06-29,2026-07-01 06:48:00
2029,1341,Kiran Patel,Laptop Bag,1,3500,Completed,2026-08-30,2026-08-30 08:51:00
2030,1044,Kiran Patel,Webcam,5,5000,Cancelled,2026-06-03,2026-06-04 08:29:00
2031,890,Suresh Kumar,Smart Watch,2,7500,Completed,2026-05-25,2026-05-25 11:13:00
2032,1458,Neha Singh,Webcam,5,5000,Completed,2026-02-18,2026-02-18 22:14:00
2033,1116,Pooja Iyer,Headphones,2,4500,Completed,2026-07-25,2026-07-25 22:50:00
2034,1009,Priya Reddy,Mouse,2,1200,Completed,2026-08-31,2026-08-31 03:38:00
2035,633,Kiran Patel,Webcam,3,5000,Completed,2026-04-13,2026-04-14 19:39:00
2036,675,Pooja Iyer,Laptop Bag,2,3500,Completed,2026-08-12,2026-08-14 20:43:00
2037,632,Rahul Sharma,Monitor,5,15000,Completed,2026-02-18,2026-02-19 22:35:00
2038,970,Ajay Reddy,Laptop Bag,4,3500,Pending,2026-01-16,2026-01-18 04:42:00
2039,716,Kiran Patel,RAM,4,4000,Completed,2026-01-01,2026-01-02 03:51:00
2040,874,Arjun Kumar,Printer,4,12000,Completed,2026-08-24,2026-08-26 21:38:00
2041,962,Neha Singh,Laptop,4,65000,Completed,2026-04-26,2026-04-28 22:09:00
2042,1252,Vikram Singh,Mouse,5,1200,Pending,2026-04-16,2026-04-16 03:06:00
2043,554,Suresh Kumar,Power Bank,5,2200,Pending,2026-05-22,2026-05-23 13:37:00
2044,838,Ajay Reddy,Laptop Bag,2,3500,Completed,2026-03-18,2026-03-20 03:58:00
2045,727,Kiran Patel,Tablet,3,30000,Completed,2026-03-18,2026-03-20 11:18:00
2046,1208,Pooja Iyer,Keyboard,4,2500,Completed,2026-04-26,2026-04-28 13:53:00
2047,1436,Vikram Singh,Headphones,3,4500,Cancelled,2026-02-05,2026-02-05 11:21:00
2048,932,Meera Nair,Smart Watch,4,7500,Pending,2026-09-01,2026-09-03 11:48:00
2049,860,Suresh Kumar,Laptop,3,65000,Pending,2026-07-08,2026-07-08 12:29:00
2050,1132,Pooja Iyer,RAM,5,4000,Pending,2026-01-28,2026-01-28 02:53:00
2051,888,Meera Nair,Laptop,5,65000,Completed,2026-03-03,2026-03-05 12:27:00
2052,1490,Suresh Kumar,Mouse,5,1200,Cancelled,2026-06-13,2026-06-14 19:31:00
2053,1146,Kiran Patel,USB Hub,4,1800,Pending,2026-02-23,2026-02-25 09:26:00
2054,843,Meera Nair,Mobile Phone,1,25000,Completed,2026-03-06,2026-03-07 05:23:00
2055,1248,Arjun Kumar,Printer,3,12000,Pending,2026-03-30,2026-03-31 04:34:00
2056,1179,Divya Menon,SSD,5,8000,Completed,2026-08-01,2026-08-01 20:53:00
2057,1376,Neha Singh,Laptop,2,65000,Pending,2026-01-07,2026-01-09 19:35:00
2058,1399,Arjun Kumar,Mouse,5,1200,Completed,2026-03-26,2026-03-27 14:20:00
2059,1186,Kiran Patel,Laptop,1,65000,Completed,2026-03-31,2026-04-02 06:26:00
2060,1293,Arjun Kumar,USB Hub,1,1800,Completed,2026-07-09,2026-07-11 02:38:00
2061,676,Ananya Das,Keyboard,5,2500,Completed,2026-03-24,2026-03-24 04:05:00
2062,964,Meera Nair,Monitor,3,15000,Completed,2026-02-13,2026-02-14 10:09:00
2063,997,Neha Singh,Laptop,2,65000,Cancelled,2026-06-20,2026-06-20 01:29:00
2064,934,Arjun Kumar,SSD,5,8000,Completed,2026-03-07,2026-03-07 05:19:00
2065,802,Priya Reddy,Laptop,2,65000,Completed,2026-06-04,2026-06-04 12:51:00
2066,1435,Ajay Reddy,Mouse,4,1200,Completed,2026-04-28,2026-04-28 20:35:00
2067,680,Sneha Rao,Laptop,2,65000,Completed,2026-07-10,2026-07-12 08:36:00
2068,1076,Suresh Kumar,Power Bank,3,2200,Completed,2026-04-05,2026-04-05 01:17:00
2069,1307,Ajay Reddy,Power Bank,5,2200,Pending,2026-05-04,2026-05-06 18:36:00
2070,796,Arjun Kumar,Keyboard,1,2500,Pending,2026-01-26,2026-01-28 21:17:00
2071,1286,Rahul Sharma,USB Hub,3,1800,Pending,2026-02-22,2026-02-24 11:10:00
2072,1401,Arjun Kumar,Tablet,2,30000,Completed,2026-01-09,2026-01-10 21:56:00
2073,1088,Rahul Sharma,Keyboard,2,2500,Completed,2026-04-25,2026-04-25 09:01:00
2074,1055,Pooja Iyer,Tablet,2,30000,Completed,2026-08-31,2026-08-31 20:58:00
2075,1473,Priya Reddy,Tablet,3,30000,Completed,2026-03-26,2026-03-26 17:10:00
2076,1251,Manoj Rao,Printer,4,12000,Completed,2026-05-15,2026-05-15 21:38:00
2077,1073,Rahul Sharma,Mobile Phone,5,25000,Completed,2026-07-20,2026-07-22 17:49:00
2078,1433,Ananya Das,Smart Watch,3,7500,Completed,2026-03-06,2026-03-07 01:28:00
2079,1162,Vikram Singh,Tablet,4,30000,Completed,2026-05-05,2026-05-07 19:56:00
2080,524,Arjun Kumar,USB Hub,2,1800,Pending,2026-07-15,2026-07-15 22:57:00
2081,558,Kiran Patel,RAM,1,4000,Completed,2026-06-04,2026-06-04 16:50:00
2082,860,Suresh Kumar,Mobile Phone,3,25000,Pending,2026-06-27,2026-06-28 08:28:00
2083,1056,Meera Nair,Smart Watch,5,7500,Completed,2026-05-10,2026-05-11 11:35:00
2084,722,Pooja Iyer,SSD,1,8000,Pending,2026-07-12,2026-07-14 18:41:00
2085,1055,Meera Nair,Mobile Phone,2,25000,Cancelled,2026-05-28,2026-05-29 16:28:00
2086,1304,Pooja Iyer,Smart Watch,5,7500,Completed,2026-07-26,2026-07-28 02:02:00
2087,664,Neha Singh,Smart Watch,2,7500,Completed,2026-05-09,2026-05-09 22:37:00
2088,1372,Priya Reddy,Mouse,1,1200,Completed,2026-02-26,2026-02-26 02:11:00
2089,595,Rohit Verma,Monitor,1,15000,Completed,2026-03-30,2026-03-31 06:40:00
2090,800,Manoj Rao,Webcam,1,5000,Cancelled,2026-04-22,2026-04-22 20:49:00
2091,768,Ananya Das,Printer,1,12000,Pending,2026-04-23,2026-04-24 06:59:00
2092,1094,Ananya Das,Power Bank,5,2200,Completed,2026-05-17,2026-05-17 07:29:00
2093,741,Rahul Sharma,USB Hub,5,1800,Cancelled,2026-05-14,2026-05-15 00:15:00
2094,1473,Rahul Sharma,Smart Watch,5,7500,Completed,2026-05-16,2026-05-16 16:15:00
2095,1237,Ananya Das,Webcam,3,5000,Completed,2026-01-15,2026-01-16 15:38:00
2096,1456,Rohit Verma,Monitor,4,15000,Completed,2026-08-28,2026-08-30 19:19:00
2097,707,Arjun Kumar,Laptop,3,65000,Pending,2026-07-15,2026-07-17 15:31:00
2098,1248,Divya Menon,Keyboard,1,2500,Completed,2026-05-17,2026-05-18 21:41:00
2099,1382,Kiran Patel,Monitor,3,15000,Pending,2026-03-27,2026-03-29 05:46:00
2100,819,Rohit Verma,SSD,1,8000,Completed,2026-03-02,2026-03-03 19:12:00
2101,550,Neha Singh,Laptop Bag,5,3500,Pending,2026-04-24,2026-04-26 07:15:00
2102,581,Priya Reddy,Tablet,1,30000,Completed,2026-05-18,2026-05-20 13:18:00
2103,879,Ajay Reddy,Mobile Phone,2,25000,Pending,2026-08-17,2026-08-18 18:59:00
2104,1178,Divya Menon,Keyboard,4,2500,Completed,2026-01-28,2026-01-28 17:46:00
2105,617,Vikram Singh,Tablet,5,30000,Completed,2026-02-23,2026-02-23 02:43:00
2106,739,Rahul Sharma,Webcam,2,5000,Completed,2026-01-01,2026-01-02 16:28:00
2107,886,Arjun Kumar,Headphones,1,4500,Pending,2026-02-28,2026-03-02 18:12:00
2108,693,Priya Reddy,Monitor,4,15000,Completed,2026-08-29,2026-08-31 08:52:00
2109,1105,Arjun Kumar,Mobile Phone,5,25000,Completed,2026-04-12,2026-04-14 12:28:00
2110,618,Divya Menon,Keyboard,4,2500,Completed,2026-07-23,2026-07-23 05:24:00
2111,937,Kiran Patel,Monitor,5,15000,Completed,2026-03-01,2026-03-02 09:04:00
2112,1290,Suresh Kumar,Monitor,4,15000,Completed,2026-07-23,2026-07-23 19:52:00
2113,979,Divya Menon,Tablet,3,30000,Completed,2026-04-24,2026-04-26 07:28:00
2114,722,Rahul Sharma,RAM,4,4000,Cancelled,2026-03-04,2026-03-04 08:16:00
2115,1388,Rahul Sharma,Keyboard,3,2500,Completed,2026-07-11,2026-07-12 00:27:00
2116,1359,Rohit Verma,RAM,5,4000,Completed,2026-07-08,2026-07-08 06:46:00
2117,1342,Suresh Kumar,Mobile Phone,3,25000,Completed,2026-02-03,2026-02-04 14:08:00
2118,1334,Priya Reddy,Printer,1,12000,Completed,2026-02-19,2026-02-20 18:20:00
2119,774,Vikram Singh,Mouse,2,1200,Pending,2026-05-29,2026-05-29 22:03:00
2120,900,Arjun Kumar,Webcam,2,5000,Completed,2026-04-20,2026-04-21 00:06:00
2121,615,Neha Singh,Power Bank,5,2200,Completed,2026-02-08,2026-02-09 11:42:00
2122,603,Arjun Kumar,RAM,5,4000,Completed,2026-08-16,2026-08-16 07:25:00
2123,818,Divya Menon,Tablet,3,30000,Completed,2026-02-15,2026-02-16 01:41:00
2124,1278,Manoj Rao,Smart Watch,3,7500,Pending,2026-03-09,2026-03-10 06:35:00
2125,1347,Pooja Iyer,Headphones,4,4500,Completed,2026-01-20,2026-01-21 06:01:00
2126,795,Suresh Kumar,RAM,3,4000,Completed,2026-01-20,2026-01-22 02:22:00
2127,1419,Ajay Reddy,Power Bank,1,2200,Completed,2026-06-23,2026-06-24 09:45:00
2128,1008,Neha Singh,RAM,5,4000,Pending,2026-08-23,2026-08-25 02:20:00
2129,1019,Rohit Verma,USB Hub,5,1800,Completed,2026-04-23,2026-04-23 19:53:00
2130,775,Kiran Patel,Laptop Bag,5,3500,Completed,2026-06-15,2026-06-17 16:25:00
2131,900,Ajay Reddy,Mouse,5,1200,Completed,2026-03-17,2026-03-18 00:39:00
2132,1424,Rahul Sharma,Laptop,5,65000,Completed,2026-03-12,2026-03-13 01:23:00
2133,1253,Ajay Reddy,Printer,4,12000,Completed,2026-01-03,2026-01-03 21:38:00
2134,864,Divya Menon,Smart Watch,5,7500,Completed,2026-06-05,2026-06-05 11:46:00
2135,1463,Vikram Singh,Tablet,3,30000,Completed,2026-08-31,2026-09-01 00:30:00
2136,1346,Manoj Rao,Printer,2,12000,Cancelled,2026-09-05,2026-09-05 14:48:00
2137,542,Rohit Verma,Printer,2,12000,Cancelled,2026-03-11,2026-03-11 13:10:00
2138,1249,Arjun Kumar,Tablet,2,30000,Completed,2026-07-27,2026-07-29 18:35:00
2139,921,Neha Singh,Smart Watch,1,7500,Pending,2026-08-30,2026-08-31 20:46:00
2140,574,Neha Singh,Keyboard,3,2500,Completed,2026-04-25,2026-04-27 10:31:00
2141,637,Pooja Iyer,Laptop,5,65000,Completed,2026-05-14,2026-05-15 17:48:00
2142,1228,Pooja Iyer,Tablet,5,30000,Cancelled,2026-09-08,2026-09-10 10:28:00
2143,1429,Kiran Patel,Smart Watch,3,7500,Pending,2026-06-15,2026-06-16 23:53:00
2144,974,Pooja Iyer,Keyboard,2,2500,Pending,2026-02-23,2026-02-25 23:59:00
2145,511,Meera Nair,USB Hub,5,1800,Cancelled,2026-04-02,2026-04-03 23:31:00
2146,548,Rohit Verma,Laptop,1,65000,Completed,2026-06-25,2026-06-26 04:16:00
2147,629,Suresh Kumar,SSD,2,8000,Completed,2026-02-28,2026-03-02 02:30:00
2148,857,Ananya Das,Monitor,1,15000,Pending,2026-07-05,2026-07-06 04:17:00
2149,785,Meera Nair,RAM,5,4000,Pending,2026-07-28,2026-07-28 07:24:00
2150,871,Divya Menon,Laptop,3,65000,Completed,2026-09-01,2026-09-02 23:12:00
2151,1147,Arjun Kumar,Mobile Phone,2,25000,Completed,2026-04-11,2026-04-12 18:04:00
2152,1435,Divya Menon,Webcam,1,5000,Pending,2026-05-20,2026-05-20 19:35:00
2153,1325,Kiran Patel,Monitor,2,15000,Completed,2026-03-15,2026-03-16 18:46:00
2154,1225,Arjun Kumar,Power Bank,2,2200,Completed,2026-01-14,2026-01-14 07:58:00
2155,613,Neha Singh,USB Hub,2,1800,Cancelled,2026-01-31,2026-02-01 05:19:00
2156,871,Kiran Patel,USB Hub,1,1800,Completed,2026-07-27,2026-07-29 00:55:00
2157,530,Suresh Kumar,Power Bank,2,2200,Completed,2026-04-03,2026-04-04 06:50:00
2158,891,Sneha Rao,Laptop,3,65000,Completed,2026-04-21,2026-04-23 13:34:00
2159,571,Sneha Rao,Laptop Bag,5,3500,Completed,2026-01-01,2026-01-02 05:43:00
2160,1379,Pooja Iyer,Printer,3,12000,Completed,2026-05-03,2026-05-05 17:46:00
2161,585,Sneha Rao,Power Bank,4,2200,Completed,2026-08-17,2026-08-19 14:53:00
2162,770,Ananya Das,USB Hub,4,1800,Completed,2026-04-26,2026-04-26 19:28:00
2163,672,Ajay Reddy,Headphones,1,4500,Pending,2026-01-16,2026-01-16 13:23:00
2164,1100,Kiran Patel,Monitor,5,15000,Pending,2026-03-16,2026-03-16 14:53:00
2165,1248,Rohit Verma,Tablet,1,30000,Pending,2026-06-01,2026-06-02 12:16:00
2166,859,Rohit Verma,SSD,4,8000,Completed,2026-01-03,2026-01-03 03:57:00
2167,666,Suresh Kumar,Power Bank,3,2200,Completed,2026-08-21,2026-08-21 09:42:00
2168,1063,Kiran Patel,SSD,2,8000,Pending,2026-05-18,2026-05-19 14:51:00
2169,931,Pooja Iyer,Laptop,1,65000,Completed,2026-08-06,2026-08-08 18:45:00
2170,536,Neha Singh,Headphones,2,4500,Completed,2026-06-08,2026-06-09 05:22:00
2171,804,Meera Nair,USB Hub,5,1800,Completed,2026-08-08,2026-08-09 05:26:00
2172,1261,Suresh Kumar,Power Bank,2,2200,Completed,2026-07-26,2026-07-28 07:27:00
2173,1354,Suresh Kumar,Keyboard,4,2500,Cancelled,2026-08-24,2026-08-25 02:10:00
2174,601,Vikram Singh,Headphones,3,4500,Completed,2026-01-11,2026-01-11 09:31:00
2175,967,Pooja Iyer,Headphones,4,4500,Pending,2026-04-18,2026-04-20 18:50:00
2176,886,Sneha Rao,SSD,4,8000,Completed,2026-02-24,2026-02-25 10:29:00
2177,731,Rahul Sharma,Power Bank,5,2200,Completed,2026-07-25,2026-07-26 22:46:00
2178,545,Pooja Iyer,Tablet,2,30000,Completed,2026-05-18,2026-05-20 09:50:00
2179,1285,Rohit Verma,Headphones,1,4500,Completed,2026-06-12,2026-06-12 10:56:00
2180,1172,Neha Singh,Laptop,5,65000,Completed,2026-04-01,2026-04-02 12:37:00
2181,1330,Rohit Verma,Monitor,2,15000,Completed,2026-07-31,2026-07-31 08:45:00
2182,1120,Ananya Das,Mobile Phone,5,25000,Completed,2026-04-11,2026-04-11 14:50:00
2183,1225,Suresh Kumar,USB Hub,3,1800,Completed,2026-04-09,2026-04-11 01:43:00
2184,1186,Sneha Rao,Laptop Bag,1,3500,Completed,2026-07-01,2026-07-01 02:09:00
2185,693,Arjun Kumar,USB Hub,1,1800,Completed,2026-07-31,2026-08-02 08:41:00
2186,914,Divya Menon,Printer,1,12000,Completed,2026-05-20,2026-05-20 12:38:00
2187,921,Divya Menon,Printer,2,12000,Completed,2026-04-18,2026-04-20 19:20:00
2188,1106,Rohit Verma,Power Bank,2,2200,Completed,2026-02-21,2026-02-23 18:26:00
2189,730,Kiran Patel,Laptop Bag,2,3500,Pending,2026-07-30,2026-08-01 05:52:00
2190,638,Vikram Singh,Headphones,2,4500,Cancelled,2026-08-24,2026-08-25 06:27:00
2191,913,Vikram Singh,Smart Watch,4,7500,Pending,2026-02-20,2026-02-22 12:47:00
2192,714,Priya Reddy,Laptop,4,65000,Completed,2026-06-26,2026-06-26 04:55:00
2193,1092,Arjun Kumar,Headphones,3,4500,Pending,2026-02-03,2026-02-05 08:27:00
2194,1256,Rohit Verma,Mobile Phone,4,25000,Completed,2026-07-07,2026-07-09 12:15:00
2195,1499,Ajay Reddy,Webcam,1,5000,Completed,2026-01-16,2026-01-17 09:48:00
2196,511,Arjun Kumar,Power Bank,4,2200,Completed,2026-06-09,2026-06-09 18:40:00
2197,1357,Kiran Patel,Monitor,1,15000,Completed,2026-08-27,2026-08-29 09:58:00
2198,1401,Neha Singh,Power Bank,3,2200,Pending,2026-04-18,2026-04-18 17:03:00
2199,811,Ananya Das,Smart Watch,1,7500,Completed,2026-01-13,2026-01-14 14:16:00
2200,1058,Arjun Kumar,Keyboard,3,2500,Completed,2026-06-28,2026-07-01 00:11:00
2201,1059,Arjun Kumar,Smart Watch,2,7500,Completed,2026-02-18,2026-02-19 10:31:00
2202,507,Meera Nair,Webcam,2,5000,Completed,2026-06-22,2026-06-22 21:57:00
2203,536,Divya Menon,Laptop Bag,4,3500,Completed,2026-06-16,2026-06-18 11:38:00
2204,1228,Rohit Verma,Printer,4,12000,Completed,2026-03-13,2026-03-14 12:48:00
2205,1255,Pooja Iyer,Printer,1,12000,Completed,2026-06-15,2026-06-15 05:39:00
2206,1093,Manoj Rao,Headphones,5,4500,Pending,2026-07-27,2026-07-29 22:10:00
2207,741,Suresh Kumar,Mobile Phone,3,25000,Completed,2026-08-27,2026-08-28 04:46:00
2208,933,Rahul Sharma,Monitor,2,15000,Pending,2026-08-13,2026-08-15 23:26:00
2209,636,Neha Singh,USB Hub,5,1800,Completed,2026-08-29,2026-08-31 19:18:00
2210,1362,Ananya Das,Mouse,4,1200,Completed,2026-03-09,2026-03-11 10:32:00
2211,544,Suresh Kumar,Headphones,5,4500,Completed,2026-06-13,2026-06-14 04:21:00
2212,1077,Sneha Rao,Keyboard,4,2500,Completed,2026-08-12,2026-08-13 04:58:00
2213,708,Rahul Sharma,Laptop,3,65000,Cancelled,2026-07-26,2026-07-27 20:00:00
2214,715,Neha Singh,Power Bank,4,2200,Completed,2026-04-11,2026-04-13 01:40:00
2215,1438,Sneha Rao,Headphones,2,4500,Completed,2026-03-28,2026-03-28 06:16:00
2216,611,Meera Nair,Tablet,3,30000,Completed,2026-06-27,2026-06-30 00:37:00
2217,1232,Ajay Reddy,Mouse,5,1200,Completed,2026-04-05,2026-04-06 03:21:00
2218,953,Arjun Kumar,Mobile Phone,5,25000,Completed,2026-06-09,2026-06-09 06:47:00
2219,571,Manoj Rao,Smart Watch,4,7500,Completed,2026-01-25,2026-01-25 22:41:00
2220,1479,Rahul Sharma,SSD,3,8000,Completed,2026-02-07,2026-02-09 21:57:00
2221,1150,Ajay Reddy,Printer,3,12000,Cancelled,2026-02-20,2026-02-20 16:06:00
2222,1389,Manoj Rao,SSD,2,8000,Completed,2026-08-16,2026-08-18 21:30:00
2223,750,Suresh Kumar,Laptop Bag,5,3500,Pending,2026-08-06,2026-08-06 08:07:00
2224,864,Pooja Iyer,Laptop Bag,5,3500,Completed,2026-08-30,2026-08-30 06:00:00
2225,866,Divya Menon,Laptop,3,65000,Completed,2026-07-30,2026-07-31 06:08:00
2226,1013,Neha Singh,Laptop,4,65000,Cancelled,2026-05-25,2026-05-25 07:00:00
2227,931,Kiran Patel,Printer,4,12000,Completed,2026-01-25,2026-01-25 13:10:00
2228,1144,Ananya Das,USB Hub,2,1800,Pending,2026-01-05,2026-01-07 08:04:00
2229,1381,Kiran Patel,USB Hub,5,1800,Completed,2026-07-16,2026-07-16 02:22:00
2230,1267,Arjun Kumar,Power Bank,5,2200,Pending,2026-08-24,2026-08-25 07:27:00
2231,778,Priya Reddy,Laptop,5,65000,Pending,2026-04-27,2026-04-29 05:59:00
2232,1322,Ajay Reddy,Laptop,2,65000,Completed,2026-04-18,2026-04-20 05:16:00
2233,1350,Sneha Rao,Mouse,3,1200,Completed,2026-02-18,2026-02-20 01:04:00
2234,1490,Sneha Rao,Headphones,5,4500,Completed,2026-04-22,2026-04-22 06:32:00
2235,1164,Sneha Rao,Power Bank,3,2200,Completed,2026-02-28,2026-03-01 15:10:00
2236,1435,Suresh Kumar,Laptop,1,65000,Pending,2026-08-04,2026-08-06 19:38:00
2237,1070,Arjun Kumar,Mobile Phone,2,25000,Completed,2026-03-11,2026-03-12 18:41:00
2238,1321,Rohit Verma,Webcam,4,5000,Completed,2026-07-31,2026-07-31 20:20:00
2239,1466,Kiran Patel,Laptop,1,65000,Pending,2026-08-26,2026-08-28 02:40:00
2240,1071,Sneha Rao,Laptop Bag,4,3500,Completed,2026-01-07,2026-01-07 18:20:00
2241,1011,Pooja Iyer,Smart Watch,5,7500,Completed,2026-02-24,2026-02-24 08:33:00
2242,793,Rahul Sharma,USB Hub,2,1800,Pending,2026-05-18,2026-05-18 05:28:00
2243,763,Priya Reddy,Mouse,5,1200,Completed,2026-08-26,2026-08-28 20:47:00
2244,1038,Rohit Verma,Tablet,5,30000,Cancelled,2026-03-16,2026-03-17 23:38:00
2245,848,Arjun Kumar,Laptop,4,65000,Completed,2026-05-26,2026-05-26 06:34:00
2246,1270,Sneha Rao,Mouse,1,1200,Pending,2026-01-03,2026-01-03 02:49:00
2247,758,Ajay Reddy,Laptop,5,65000,Completed,2026-01-13,2026-01-14 09:31:00
2248,1500,Pooja Iyer,Webcam,5,5000,Pending,2026-02-12,2026-02-14 06:18:00
2249,924,Kiran Patel,Keyboard,5,2500,Cancelled,2026-02-10,2026-02-11 00:57:00
2250,835,Ajay Reddy,Keyboard,4,2500,Completed,2026-02-23,2026-02-24 04:42:00
2251,849,Neha Singh,Laptop,2,65000,Completed,2026-06-11,2026-06-13 16:21:00
2252,627,Divya Menon,Webcam,5,5000,Completed,2026-04-26,2026-04-26 04:36:00
2253,617,Rahul Sharma,Headphones,5,4500,Completed,2026-07-13,2026-07-15 06:57:00
2254,563,Pooja Iyer,Laptop Bag,5,3500,Completed,2026-06-04,2026-06-04 02:50:00
2255,728,Suresh Kumar,Laptop Bag,2,3500,Pending,2026-03-24,2026-03-24 14:48:00
2256,1085,Suresh Kumar,Mobile Phone,5,25000,Pending,2026-05-27,2026-05-28 12:31:00
2257,1155,Suresh Kumar,Mouse,4,1200,Pending,2026-04-16,2026-04-16 11:40:00
2258,1173,Rohit Verma,Webcam,4,5000,Pending,2026-04-28,2026-04-28 14:45:00
2259,974,Meera Nair,Mobile Phone,2,25000,Completed,2026-01-09,2026-01-12 00:00:00
2260,1001,Vikram Singh,Keyboard,3,2500,Completed,2026-09-08,2026-09-09 06:21:00
2261,1331,Ajay Reddy,Smart Watch,1,7500,Pending,2026-01-27,2026-01-29 09:36:00
2262,1037,Divya Menon,Keyboard,4,2500,Completed,2026-06-27,2026-06-29 19:33:00
2263,1349,Divya Menon,Tablet,3,30000,Pending,2026-08-24,2026-08-25 03:50:00
2264,1059,Ajay Reddy,Mobile Phone,2,25000,Completed,2026-05-29,2026-05-30 18:29:00
2265,1465,Divya Menon,Tablet,5,30000,Pending,2026-02-14,2026-02-15 21:26:00
2266,1000,Arjun Kumar,Power Bank,1,2200,Completed,2026-08-19,2026-08-20 22:46:00
2267,1152,Pooja Iyer,Webcam,1,5000,Completed,2026-03-20,2026-03-22 15:09:00
2268,691,Ajay Reddy,Mobile Phone,3,25000,Completed,2026-09-03,2026-09-04 00:01:00
2269,502,Rahul Sharma,Monitor,4,15000,Completed,2026-05-13,2026-05-14 03:05:00
2270,987,Divya Menon,SSD,5,8000,Completed,2026-02-20,2026-02-21 13:11:00
2271,586,Manoj Rao,USB Hub,3,1800,Completed,2026-05-17,2026-05-19 13:56:00
2272,673,Ananya Das,Mobile Phone,4,25000,Pending,2026-06-16,2026-06-17 06:35:00
2273,1269,Manoj Rao,Mouse,5,1200,Completed,2026-02-15,2026-02-16 22:47:00
2274,844,Meera Nair,Laptop,3,65000,Completed,2026-06-02,2026-06-03 11:02:00
2275,819,Arjun Kumar,Monitor,4,15000,Completed,2026-07-24,2026-07-26 01:34:00
2276,1311,Kiran Patel,RAM,4,4000,Completed,2026-08-31,2026-08-31 19:56:00
2277,992,Neha Singh,Laptop Bag,2,3500,Completed,2026-05-28,2026-05-28 22:32:00
2278,626,Vikram Singh,Keyboard,4,2500,Completed,2026-07-19,2026-07-20 01:03:00
2279,758,Priya Reddy,Webcam,3,5000,Completed,2026-02-02,2026-02-02 21:21:00
2280,516,Ananya Das,Printer,5,12000,Completed,2026-02-08,2026-02-10 19:12:00
2281,883,Sneha Rao,Mobile Phone,2,25000,Completed,2026-03-24,2026-03-26 13:59:00
2282,999,Divya Menon,Power Bank,4,2200,Completed,2026-04-17,2026-04-18 18:50:00
2283,1063,Arjun Kumar,Laptop Bag,4,3500,Pending,2026-05-13,2026-05-15 22:44:00
2284,914,Pooja Iyer,USB Hub,5,1800,Completed,2026-03-17,2026-03-19 10:05:00
2285,510,Suresh Kumar,Tablet,3,30000,Completed,2026-05-08,2026-05-08 04:23:00
2286,1481,Priya Reddy,Laptop Bag,2,3500,Completed,2026-02-07,2026-02-07 02:02:00
2287,1076,Neha Singh,Smart Watch,3,7500,Completed,2026-05-14,2026-05-14 17:26:00
2288,1078,Pooja Iyer,Tablet,2,30000,Cancelled,2026-05-02,2026-05-02 08:58:00
2289,1180,Arjun Kumar,Tablet,3,30000,Pending,2026-03-04,2026-03-05 02:34:00
2290,1197,Neha Singh,USB Hub,5,1800,Completed,2026-08-27,2026-08-29 15:24:00
2291,1476,Vikram Singh,Laptop,2,65000,Completed,2026-02-19,2026-02-20 23:01:00
2292,1069,Neha Singh,Mouse,5,1200,Completed,2026-04-13,2026-04-15 05:08:00
2293,1203,Rohit Verma,Laptop Bag,5,3500,Completed,2026-07-02,2026-07-03 15:19:00
2294,1260,Neha Singh,USB Hub,3,1800,Completed,2026-03-24,2026-03-24 12:06:00
2295,572,Divya Menon,Headphones,3,4500,Completed,2026-01-02,2026-01-04 23:58:00
2296,955,Suresh Kumar,RAM,1,4000,Cancelled,2026-05-28,2026-05-29 02:04:00
2297,548,Pooja Iyer,Monitor,5,15000,Completed,2026-07-31,2026-08-01 03:36:00
2298,912,Divya Menon,RAM,1,4000,Completed,2026-03-11,2026-03-11 08:39:00
2299,1451,Ananya Das,Webcam,1,5000,Completed,2026-07-14,2026-07-15 21:38:00
2300,1013,Sneha Rao,Tablet,3,30000,Pending,2026-06-10,2026-06-10 15:46:00
2301,1314,Divya Menon,SSD,5,8000,Pending,2026-05-03,2026-05-03 14:41:00
2302,1403,Priya Reddy,Smart Watch,4,7500,Completed,2026-08-04,2026-08-06 05:32:00
2303,1099,Arjun Kumar,Power Bank,3,2200,Completed,2026-08-22,2026-08-22 07:54:00
2304,726,Manoj Rao,SSD,3,8000,Completed,2026-06-15,2026-06-17 17:32:00
2305,1393,Vikram Singh,Keyboard,1,2500,Completed,2026-05-25,2026-05-25 06:00:00
2306,994,Suresh Kumar,Laptop,2,65000,Completed,2026-01-03,2026-01-04 06:42:00
2307,1199,Rahul Sharma,RAM,3,4000,Completed,2026-04-23,2026-04-25 00:17:00
2308,985,Rahul Sharma,Mouse,5,1200,Completed,2026-02-09,2026-02-10 22:31:00
2309,655,Suresh Kumar,Mobile Phone,3,25000,Completed,2026-02-19,2026-02-20 02:46:00
2310,1198,Ajay Reddy,Laptop Bag,4,3500,Completed,2026-05-27,2026-05-28 02:07:00
2311,1355,Meera Nair,Smart Watch,5,7500,Completed,2026-06-02,2026-06-04 03:40:00
2312,756,Ajay Reddy,Webcam,1,5000,Completed,2026-07-20,2026-07-22 22:47:00
2313,685,Ananya Das,Mobile Phone,2,25000,Completed,2026-06-16,2026-06-18 12:19:00
2314,747,Neha Singh,Keyboard,3,2500,Completed,2026-02-15,2026-02-15 13:35:00
2315,729,Divya Menon,Printer,2,12000,Completed,2026-05-26,2026-05-26 21:41:00
2316,886,Arjun Kumar,SSD,4,8000,Pending,2026-02-01,2026-02-03 05:15:00
2317,791,Ananya Das,Printer,1,12000,Completed,2026-07-20,2026-07-22 17:11:00
2318,1325,Kiran Patel,Mouse,2,1200,Completed,2026-03-18,2026-03-20 07:06:00
2319,863,Ananya Das,Mobile Phone,1,25000,Completed,2026-06-02,2026-06-04 13:05:00
2320,620,Kiran Patel,Tablet,2,30000,Completed,2026-08-19,2026-08-22 00:56:00
2321,1347,Suresh Kumar,Mobile Phone,3,25000,Completed,2026-01-26,2026-01-27 05:36:00
2322,966,Manoj Rao,Smart Watch,3,7500,Pending,2026-05-09,2026-05-10 16:15:00
2323,1113,Ajay Reddy,Webcam,2,5000,Pending,2026-05-20,2026-05-21 16:10:00
2324,1052,Ajay Reddy,Laptop,4,65000,Completed,2026-01-14,2026-01-16 13:48:00
2325,1164,Arjun Kumar,SSD,3,8000,Completed,2026-01-05,2026-01-06 01:59:00
2326,518,Suresh Kumar,Power Bank,5,2200,Completed,2026-04-20,2026-04-21 06:10:00
2327,1416,Vikram Singh,Mouse,2,1200,Pending,2026-02-22,2026-02-22 02:15:00
2328,532,Kiran Patel,Smart Watch,1,7500,Cancelled,2026-06-11,2026-06-13 12:36:00
2329,626,Rohit Verma,Monitor,3,15000,Completed,2026-06-01,2026-06-02 07:42:00
2330,1184,Ananya Das,Laptop,3,65000,Pending,2026-01-22,2026-01-23 20:57:00
2331,1404,Rahul Sharma,Laptop Bag,3,3500,Completed,2026-03-22,2026-03-23 01:40:00
2332,959,Meera Nair,Tablet,5,30000,Cancelled,2026-02-09,2026-02-11 22:58:00
2333,1036,Meera Nair,Smart Watch,4,7500,Completed,2026-04-28,2026-04-28 10:48:00
2334,1338,Suresh Kumar,Mouse,5,1200,Pending,2026-08-08,2026-08-10 15:21:00
2335,1431,Ananya Das,Power Bank,3,2200,Completed,2026-02-02,2026-02-03 08:34:00
2336,759,Divya Menon,Webcam,5,5000,Completed,2026-03-26,2026-03-27 01:08:00
2337,1012,Kiran Patel,Webcam,1,5000,Completed,2026-02-17,2026-02-19 01:48:00
2338,760,Neha Singh,Mouse,4,1200,Completed,2026-04-21,2026-04-22 20:30:00
2339,568,Divya Menon,Printer,1,12000,Cancelled,2026-07-13,2026-07-13 04:39:00
2340,565,Divya Menon,Webcam,1,5000,Completed,2026-07-25,2026-07-26 10:21:00
2341,750,Vikram Singh,Smart Watch,4,7500,Pending,2026-06-27,2026-06-28 02:36:00
2342,1091,Suresh Kumar,Laptop,1,65000,Completed,2026-06-18,2026-06-20 11:10:00
2343,1497,Rahul Sharma,Printer,2,12000,Completed,2026-09-02,2026-09-02 11:23:00
2344,1035,Divya Menon,Laptop,1,65000,Pending,2026-06-04,2026-06-06 17:45:00
2345,1111,Rahul Sharma,Mouse,1,1200,Completed,2026-03-13,2026-03-14 04:20:00
2346,839,Meera Nair,Monitor,5,15000,Completed,2026-07-26,2026-07-27 19:36:00
2347,1047,Kiran Patel,Smart Watch,5,7500,Completed,2026-02-17,2026-02-19 04:19:00
2348,1242,Priya Reddy,Mobile Phone,2,25000,Completed,2026-07-10,2026-07-10 02:54:00
2349,598,Manoj Rao,Mouse,5,1200,Completed,2026-06-23,2026-06-23 22:47:00
2350,853,Meera Nair,Laptop,5,65000,Cancelled,2026-01-15,2026-01-15 23:31:00
2351,1323,Pooja Iyer,Headphones,1,4500,Cancelled,2026-05-06,2026-05-06 21:35:00
2352,1054,Divya Menon,Keyboard,2,2500,Completed,2026-01-10,2026-01-11 03:08:00
2353,650,Arjun Kumar,Tablet,4,30000,Completed,2026-03-26,2026-03-27 20:24:00
2354,774,Divya Menon,Monitor,5,15000,Completed,2026-01-17,2026-01-18 06:02:00
2355,1272,Pooja Iyer,Laptop Bag,5,3500,Completed,2026-07-29,2026-07-30 20:52:00
2356,1438,Neha Singh,Headphones,3,4500,Completed,2026-08-12,2026-08-14 15:34:00
2357,1065,Rahul Sharma,USB Hub,5,1800,Completed,2026-07-30,2026-07-31 22:31:00
2358,909,Divya Menon,Mouse,2,1200,Completed,2026-03-11,2026-03-13 13:37:00
2359,826,Rohit Verma,USB Hub,3,1800,Pending,2026-06-05,2026-06-05 06:35:00
2360,684,Suresh Kumar,Printer,3,12000,Completed,2026-01-29,2026-01-30 08:00:00
2361,1070,Sneha Rao,Mobile Phone,1,25000,Completed,2026-05-15,2026-05-17 02:40:00
2362,673,Rohit Verma,USB Hub,5,1800,Completed,2026-01-10,2026-01-12 13:14:00
2363,1399,Ajay Reddy,Mobile Phone,2,25000,Completed,2026-05-28,2026-05-29 13:10:00
2364,1432,Arjun Kumar,Monitor,2,15000,Completed,2026-01-09,2026-01-10 10:21:00
2365,1458,Kiran Patel,Webcam,5,5000,Completed,2026-07-18,2026-07-20 19:18:00
2366,532,Rohit Verma,SSD,5,8000,Pending,2026-03-26,2026-03-26 01:03:00
2367,1235,Arjun Kumar,RAM,4,4000,Completed,2026-03-25,2026-03-26 01:34:00
2368,1386,Ajay Reddy,SSD,5,8000,Completed,2026-09-05,2026-09-05 17:00:00
2369,509,Rohit Verma,Headphones,1,4500,Completed,2026-06-02,2026-06-04 18:59:00
2370,657,Ajay Reddy,Tablet,5,30000,Pending,2026-07-30,2026-07-31 09:40:00
2371,1258,Meera Nair,Mobile Phone,5,25000,Cancelled,2026-03-31,2026-04-02 07:52:00
2372,620,Arjun Kumar,Keyboard,5,2500,Completed,2026-04-16,2026-04-18 03:33:00
2373,938,Priya Reddy,Laptop Bag,3,3500,Completed,2026-07-08,2026-07-09 18:04:00
2374,1206,Neha Singh,Webcam,5,5000,Completed,2026-01-24,2026-01-24 06:02:00
2375,1423,Neha Singh,RAM,4,4000,Pending,2026-04-01,2026-04-03 12:39:00
2376,646,Priya Reddy,Laptop Bag,5,3500,Completed,2026-04-16,2026-04-16 08:53:00
2377,725,Kiran Patel,Headphones,4,4500,Completed,2026-02-22,2026-02-23 08:53:00
2378,1425,Rahul Sharma,Monitor,5,15000,Completed,2026-06-30,2026-07-02 17:24:00
2379,1045,Suresh Kumar,Smart Watch,2,7500,Completed,2026-09-03,2026-09-05 08:14:00
2380,1019,Kiran Patel,Mouse,2,1200,Completed,2026-02-21,2026-02-22 16:14:00
2381,1461,Vikram Singh,Printer,3,12000,Cancelled,2026-08-04,2026-08-04 02:11:00
2382,932,Sneha Rao,Laptop Bag,1,3500,Completed,2026-03-01,2026-03-02 23:33:00
2383,1331,Manoj Rao,Printer,4,12000,Completed,2026-01-23,2026-01-25 12:53:00
2384,1185,Vikram Singh,Keyboard,5,2500,Completed,2026-03-05,2026-03-07 22:55:00
2385,905,Rahul Sharma,Laptop Bag,4,3500,Completed,2026-08-25,2026-08-26 15:34:00
2386,1159,Suresh Kumar,Tablet,1,30000,Cancelled,2026-07-16,2026-07-18 23:13:00
2387,1477,Neha Singh,Monitor,2,15000,Cancelled,2026-08-07,2026-08-07 04:36:00
2388,705,Arjun Kumar,Headphones,4,4500,Completed,2026-02-02,2026-02-04 12:53:00
2389,749,Sneha Rao,Webcam,3,5000,Completed,2026-08-09,2026-08-11 10:32:00
2390,984,Arjun Kumar,USB Hub,4,1800,Completed,2026-02-06,2026-02-08 16:42:00
2391,966,Ananya Das,Tablet,5,30000,Cancelled,2026-08-11,2026-08-13 01:40:00
2392,1192,Meera Nair,Tablet,5,30000,Completed,2026-09-05,2026-09-07 18:54:00
2393,1036,Arjun Kumar,Tablet,2,30000,Pending,2026-03-24,2026-03-25 06:47:00
2394,1397,Ananya Das,Monitor,4,15000,Completed,2026-02-06,2026-02-06 23:25:00
2395,995,Divya Menon,SSD,4,8000,Pending,2026-04-14,2026-04-15 16:49:00
2396,1001,Divya Menon,Headphones,3,4500,Pending,2026-09-02,2026-09-04 10:39:00
2397,1160,Divya Menon,RAM,4,4000,Completed,2026-02-26,2026-02-28 00:04:00
2398,622,Arjun Kumar,Smart Watch,2,7500,Completed,2026-04-23,2026-04-25 00:38:00
2399,660,Meera Nair,Smart Watch,1,7500,Completed,2026-07-03,2026-07-05 03:18:00
2400,1127,Arjun Kumar,RAM,2,4000,Pending,2026-02-03,2026-02-04 18:30:00
2401,1019,Divya Menon,Webcam,1,5000,Completed,2026-05-26,2026-05-28 11:17:00
2402,1294,Kiran Patel,SSD,1,8000,Completed,2026-03-13,2026-03-14 19:40:00
2403,1343,Neha Singh,Webcam,3,5000,Completed,2026-04-24,2026-04-24 20:06:00
2404,510,Pooja Iyer,Laptop Bag,2,3500,Completed,2026-01-10,2026-01-12 14:21:00
2405,964,Divya Menon,SSD,3,8000,Completed,2026-02-06,2026-02-06 13:02:00
2406,1084,Vikram Singh,Power Bank,5,2200,Completed,2026-04-22,2026-04-22 21:16:00
2407,1487,Ajay Reddy,Printer,2,12000,Completed,2026-07-04,2026-07-05 04:03:00
2408,1095,Kiran Patel,Mobile Phone,2,25000,Pending,2026-06-07,2026-06-09 16:42:00
2409,902,Suresh Kumar,Laptop,1,65000,Completed,2026-02-23,2026-02-23 10:02:00
2410,1052,Suresh Kumar,Keyboard,5,2500,Completed,2026-04-02,2026-04-03 23:18:00
2411,862,Divya Menon,Laptop,2,65000,Completed,2026-03-23,2026-03-25 03:31:00
2412,622,Arjun Kumar,Smart Watch,5,7500,Completed,2026-01-17,2026-01-17 07:37:00
2413,1032,Neha Singh,Headphones,3,4500,Completed,2026-05-22,2026-05-23 20:46:00
2414,861,Vikram Singh,Laptop,5,65000,Completed,2026-01-15,2026-01-15 18:27:00
2415,1433,Arjun Kumar,Headphones,5,4500,Completed,2026-01-24,2026-01-24 08:15:00
2416,767,Rohit Verma,SSD,5,8000,Completed,2026-05-11,2026-05-12 04:12:00
2417,805,Vikram Singh,USB Hub,2,1800,Cancelled,2026-06-13,2026-06-15 11:15:00
2418,661,Ajay Reddy,Laptop,3,65000,Completed,2026-08-11,2026-08-14 00:19:00
2419,1469,Divya Menon,USB Hub,1,1800,Completed,2026-04-08,2026-04-10 15:00:00
2420,757,Rahul Sharma,Tablet,1,30000,Completed,2026-03-05,2026-03-07 23:45:00
2421,753,Sneha Rao,Smart Watch,2,7500,Completed,2026-04-24,2026-04-26 01:54:00
2422,1141,Sneha Rao,Power Bank,3,2200,Completed,2026-01-31,2026-02-01 07:43:00
2423,956,Neha Singh,Monitor,2,15000,Pending,2026-02-12,2026-02-13 13:56:00
2424,1081,Sneha Rao,Smart Watch,3,7500,Completed,2026-01-02,2026-01-03 11:01:00
2425,527,Vikram Singh,Headphones,1,4500,Completed,2026-05-16,2026-05-17 10:24:00
2426,1317,Pooja Iyer,Monitor,5,15000,Completed,2026-09-03,2026-09-04 04:42:00
2427,1225,Neha Singh,SSD,5,8000,Completed,2026-03-11,2026-03-12 18:36:00
2428,510,Kiran Patel,Smart Watch,1,7500,Completed,2026-02-27,2026-02-28 04:22:00
2429,579,Priya Reddy,Power Bank,4,2200,Completed,2026-06-18,2026-06-18 03:14:00
2430,1289,Divya Menon,Laptop,4,65000,Completed,2026-01-21,2026-01-23 11:55:00
2431,1316,Rahul Sharma,Headphones,2,4500,Completed,2026-08-18,2026-08-20 09:42:00
2432,870,Vikram Singh,Webcam,2,5000,Completed,2026-06-20,2026-06-20 14:51:00
2433,964,Ananya Das,USB Hub,1,1800,Completed,2026-06-15,2026-06-17 14:51:00
2434,838,Ananya Das,USB Hub,5,1800,Completed,2026-02-12,2026-02-14 00:03:00
2435,764,Ananya Das,Laptop Bag,2,3500,Completed,2026-05-26,2026-05-26 04:45:00
2436,956,Neha Singh,Laptop Bag,4,3500,Completed,2026-04-16,2026-04-17 23:09:00
2437,1443,Vikram Singh,Printer,1,12000,Completed,2026-08-18,2026-08-18 05:55:00
2438,1088,Rohit Verma,Laptop Bag,1,3500,Completed,2026-06-18,2026-06-20 16:03:00
2439,510,Priya Reddy,Tablet,1,30000,Completed,2026-07-27,2026-07-27 09:58:00
2440,1223,Rahul Sharma,Laptop,1,65000,Completed,2026-07-03,2026-07-04 08:24:00
2441,1279,Ananya Das,Laptop Bag,5,3500,Completed,2026-01-18,2026-01-19 03:18:00
2442,1446,Rahul Sharma,SSD,2,8000,Pending,2026-06-17,2026-06-18 21:33:00
2443,1026,Rahul Sharma,Headphones,2,4500,Completed,2026-07-31,2026-08-02 04:21:00
2444,798,Ananya Das,RAM,4,4000,Completed,2026-01-21,2026-01-22 19:03:00
2445,1497,Priya Reddy,Printer,1,12000,Completed,2026-08-15,2026-08-15 07:42:00
2446,1258,Priya Reddy,Power Bank,3,2200,Completed,2026-01-14,2026-01-16 12:28:00
2447,1071,Suresh Kumar,Mobile Phone,4,25000,Pending,2026-01-31,2026-02-03 00:14:00
2448,700,Rahul Sharma,RAM,1,4000,Completed,2026-04-24,2026-04-25 04:47:00
2449,1394,Ajay Reddy,Monitor,3,15000,Completed,2026-07-14,2026-07-16 23:54:00
2450,1070,Suresh Kumar,Monitor,4,15000,Completed,2026-04-14,2026-04-14 11:42:00
2451,813,Priya Reddy,SSD,2,8000,Completed,2026-03-04,2026-03-05 01:53:00
2452,536,Divya Menon,SSD,5,8000,Completed,2026-05-15,2026-05-17 15:24:00
2453,1358,Arjun Kumar,Printer,4,12000,Pending,2026-04-12,2026-04-13 20:36:00
2454,1477,Arjun Kumar,Mobile Phone,2,25000,Completed,2026-07-04,2026-07-05 07:44:00
2455,1398,Meera Nair,Headphones,3,4500,Completed,2026-05-28,2026-05-29 05:22:00
2456,1415,Rohit Verma,RAM,4,4000,Cancelled,2026-05-14,2026-05-16 16:06:00
2457,1290,Priya Reddy,Headphones,4,4500,Completed,2026-05-10,2026-05-11 15:30:00
2458,720,Rahul Sharma,Monitor,4,15000,Completed,2026-07-11,2026-07-12 17:36:00
2459,1130,Suresh Kumar,Laptop,4,65000,Completed,2026-01-16,2026-01-18 21:41:00
2460,1405,Neha Singh,Printer,3,12000,Completed,2026-09-01,2026-09-01 02:08:00
2461,848,Sneha Rao,Mouse,2,1200,Completed,2026-03-10,2026-03-11 02:57:00
2462,1452,Priya Reddy,Mobile Phone,1,25000,Completed,2026-04-20,2026-04-22 20:04:00
2463,1484,Arjun Kumar,Webcam,3,5000,Completed,2026-07-12,2026-07-14 06:06:00
2464,1099,Suresh Kumar,Headphones,2,4500,Completed,2026-02-16,2026-02-17 03:08:00
2465,1358,Suresh Kumar,Mouse,4,1200,Completed,2026-04-30,2026-05-02 02:31:00
2466,960,Pooja Iyer,Webcam,4,5000,Completed,2026-01-27,2026-01-29 05:14:00
2467,575,Arjun Kumar,Webcam,5,5000,Completed,2026-07-21,2026-07-22 19:10:00
2468,1056,Rahul Sharma,Power Bank,4,2200,Completed,2026-06-07,2026-06-08 15:28:00
2469,659,Sneha Rao,RAM,4,4000,Completed,2026-07-16,2026-07-16 14:58:00
2470,628,Arjun Kumar,RAM,1,4000,Completed,2026-04-18,2026-04-18 15:31:00
2471,1453,Vikram Singh,RAM,2,4000,Completed,2026-05-17,2026-05-19 17:23:00
2472,708,Manoj Rao,Tablet,4,30000,Completed,2026-02-05,2026-02-07 01:59:00
2473,1364,Manoj Rao,Printer,5,12000,Completed,2026-01-14,2026-01-15 17:36:00
2474,1120,Arjun Kumar,Printer,2,12000,Completed,2026-05-24,2026-05-24 17:43:00
2475,1313,Priya Reddy,Mouse,5,1200,Completed,2026-03-15,2026-03-16 01:06:00
2476,1132,Rahul Sharma,USB Hub,3,1800,Pending,2026-07-15,2026-07-15 14:19:00
2477,1004,Divya Menon,Monitor,1,15000,Completed,2026-04-08,2026-04-10 04:30:00
2478,863,Pooja Iyer,SSD,4,8000,Completed,2026-01-29,2026-01-30 05:09:00
2479,1179,Sneha Rao,Printer,5,12000,Completed,2026-06-03,2026-06-03 08:16:00
2480,1421,Priya Reddy,Mouse,3,1200,Completed,2026-04-16,2026-04-16 03:07:00
2481,598,Ajay Reddy,Laptop Bag,3,3500,Completed,2026-02-12,2026-02-14 00:39:00
2482,1065,Priya Reddy,Power Bank,4,2200,Completed,2026-06-17,2026-06-19 07:41:00
2483,1173,Vikram Singh,Smart Watch,1,7500,Completed,2026-04-01,2026-04-03 01:02:00
2484,640,Sneha Rao,Mobile Phone,5,25000,Completed,2026-08-22,2026-08-23 01:50:00
2485,626,Arjun Kumar,Printer,5,12000,Completed,2026-08-26,2026-08-27 12:29:00
2486,765,Ajay Reddy,Power Bank,5,2200,Cancelled,2026-07-06,2026-07-06 02:58:00
2487,1264,Rohit Verma,Headphones,5,4500,Completed,2026-07-14,2026-07-14 03:42:00
2488,747,Suresh Kumar,Smart Watch,1,7500,Completed,2026-02-07,2026-02-08 14:51:00
2489,526,Suresh Kumar,Headphones,4,4500,Completed,2026-03-10,2026-03-12 02:06:00
2490,883,Suresh Kumar,USB Hub,5,1800,Completed,2026-06-08,2026-06-10 19:17:00
2491,938,Neha Singh,USB Hub,4,1800,Completed,2026-01-09,2026-01-09 02:28:00
2492,625,Manoj Rao,SSD,4,8000,Pending,2026-03-18,2026-03-19 09:13:00
2493,1308,Suresh Kumar,Mobile Phone,4,25000,Cancelled,2026-03-01,2026-03-01 13:42:00
2494,922,Priya Reddy,Mouse,1,1200,Pending,2026-04-23,2026-04-25 12:03:00
2495,1041,Priya Reddy,Keyboard,3,2500,Completed,2026-03-09,2026-03-11 04:08:00
2496,1393,Vikram Singh,Printer,5,12000,Cancelled,2026-02-20,2026-02-20 06:22:00
2497,1374,Ananya Das,Printer,2,12000,Cancelled,2026-06-04,2026-06-06 14:57:00
2498,884,Rohit Verma,Monitor,4,15000,Completed,2026-08-30,2026-08-31 21:48:00
2499,1378,Ananya Das,Keyboard,4,2500,Cancelled,2026-02-16,2026-02-17 23:18:00
2500,1361,Neha Singh,Webcam,5,5000,Pending,2026-07-29,2026-07-31 12:12:00
2501,1036,Suresh Kumar,Tablet,5,30000,Pending,2026-06-24,2026-06-24 21:57:00
2502,1045,Manoj Rao,USB Hub,1,1800,Completed,2026-08-26,2026-08-27 19:36:00
2503,1479,Rohit Verma,Smart Watch,3,7500,Pending,2026-08-18,2026-08-19 00:11:00
2504,532,Sneha Rao,USB Hub,5,1800,Completed,2026-04-18,2026-04-18 10:56:00
2505,1004,Divya Menon,Power Bank,2,2200,Completed,2026-03-12,2026-03-12 09:26:00
2506,946,Neha Singh,Mouse,5,1200,Completed,2026-07-18,2026-07-19 06:16:00
2507,841,Manoj Rao,Smart Watch,1,7500,Completed,2026-03-22,2026-03-22 16:25:00
2508,1219,Suresh Kumar,Tablet,2,30000,Completed,2026-05-05,2026-05-07 16:32:00
2509,1128,Pooja Iyer,Webcam,1,5000,Completed,2026-06-06,2026-06-07 22:21:00
2510,1055,Rahul Sharma,Keyboard,3,2500,Completed,2026-07-16,2026-07-17 00:05:00
2511,947,Manoj Rao,SSD,2,8000,Completed,2026-01-18,2026-01-20 02:30:00
2512,960,Rahul Sharma,Smart Watch,5,7500,Completed,2026-08-30,2026-09-01 22:00:00
2513,1284,Rohit Verma,Keyboard,1,2500,Completed,2026-06-08,2026-06-09 15:37:00
2514,1172,Sneha Rao,RAM,3,4000,Completed,2026-02-06,2026-02-08 10:15:00
2515,981,Rahul Sharma,Printer,1,12000,Completed,2026-06-28,2026-06-30 21:57:00
2516,1444,Ajay Reddy,Mobile Phone,5,25000,Completed,2026-02-24,2026-02-25 15:56:00
2517,596,Pooja Iyer,Smart Watch,1,7500,Completed,2026-09-04,2026-09-06 08:10:00
2518,1423,Divya Menon,Headphones,1,4500,Completed,2026-04-19,2026-04-20 21:28:00
2519,1436,Neha Singh,Webcam,5,5000,Completed,2026-08-30,2026-08-30 16:38:00
2520,619,Sneha Rao,Webcam,5,5000,Completed,2026-01-03,2026-01-04 18:39:00
2521,849,Vikram Singh,Printer,1,12000,Completed,2026-01-22,2026-01-24 19:48:00
2522,870,Divya Menon,Headphones,2,4500,Cancelled,2026-06-18,2026-06-18 05:42:00
2523,846,Arjun Kumar,Mobile Phone,3,25000,Completed,2026-01-08,2026-01-09 06:49:00
2524,573,Manoj Rao,Monitor,1,15000,Pending,2026-02-06,2026-02-08 16:30:00
2525,600,Ananya Das,Smart Watch,3,7500,Cancelled,2026-09-03,2026-09-05 11:53:00
2526,1390,Rahul Sharma,Printer,3,12000,Completed,2026-03-05,2026-03-06 05:49:00
2527,1317,Pooja Iyer,Laptop,3,65000,Completed,2026-04-06,2026-04-08 11:04:00
2528,574,Sneha Rao,Printer,4,12000,Completed,2026-06-18,2026-06-20 19:44:00
2529,664,Pooja Iyer,USB Hub,2,1800,Completed,2026-07-23,2026-07-24 14:41:00
2530,1470,Sneha Rao,USB Hub,4,1800,Completed,2026-07-25,2026-07-26 09:05:00
2531,1368,Divya Menon,RAM,3,4000,Pending,2026-03-07,2026-03-07 16:34:00
2532,509,Meera Nair,Laptop Bag,5,3500,Completed,2026-04-16,2026-04-17 02:27:00
2533,912,Rahul Sharma,Webcam,2,5000,Completed,2026-04-24,2026-04-26 04:09:00
2534,1142,Divya Menon,Tablet,5,30000,Completed,2026-01-10,2026-01-10 02:17:00
2535,558,Manoj Rao,Laptop,5,65000,Completed,2026-07-22,2026-07-22 09:06:00
2536,761,Sneha Rao,Laptop Bag,4,3500,Completed,2026-02-01,2026-02-04 00:20:00
2537,656,Manoj Rao,Smart Watch,1,7500,Completed,2026-05-03,2026-05-05 11:40:00
2538,511,Kiran Patel,Keyboard,3,2500,Completed,2026-03-13,2026-03-16 00:49:00
2539,1155,Pooja Iyer,Laptop Bag,4,3500,Completed,2026-03-29,2026-03-30 02:17:00
2540,1166,Vikram Singh,Webcam,2,5000,Pending,2026-05-19,2026-05-20 04:26:00
2541,525,Priya Reddy,Laptop,2,65000,Completed,2026-03-07,2026-03-08 13:10:00
2542,898,Priya Reddy,Mobile Phone,4,25000,Completed,2026-03-10,2026-03-10 20:03:00
2543,618,Suresh Kumar,Smart Watch,3,7500,Completed,2026-03-07,2026-03-07 14:53:00
2544,790,Neha Singh,Keyboard,3,2500,Completed,2026-08-19,2026-08-20 19:59:00
2545,1245,Suresh Kumar,Printer,3,12000,Completed,2026-06-07,2026-06-08 03:08:00
2546,1274,Arjun Kumar,Tablet,1,30000,Pending,2026-06-06,2026-06-07 16:30:00
2547,598,Vikram Singh,Headphones,2,4500,Completed,2026-08-06,2026-08-07 00:21:00
2548,1134,Priya Reddy,Mouse,2,1200,Completed,2026-07-21,2026-07-23 03:24:00
2549,556,Arjun Kumar,Monitor,4,15000,Completed,2026-01-23,2026-01-25 10:34:00
2550,873,Meera Nair,Tablet,1,30000,Completed,2026-09-08,2026-09-09 01:05:00
2551,1087,Meera Nair,Tablet,2,30000,Completed,2026-08-02,2026-08-04 04:24:00
2552,616,Divya Menon,Printer,5,12000,Completed,2026-07-19,2026-07-20 06:26:00
2553,652,Sneha Rao,Mouse,3,1200,Completed,2026-02-14,2026-02-14 09:25:00
2554,657,Suresh Kumar,Tablet,3,30000,Completed,2026-01-26,2026-01-28 00:23:00
2555,542,Ananya Das,Monitor,1,15000,Completed,2026-01-14,2026-01-15 10:49:00
2556,636,Pooja Iyer,Mobile Phone,1,25000,Completed,2026-08-13,2026-08-14 07:03:00
2557,733,Ajay Reddy,Monitor,4,15000,Completed,2026-02-24,2026-02-26 06:22:00
2558,1124,Ajay Reddy,Printer,4,12000,Pending,2026-01-02,2026-01-03 01:10:00
2559,811,Divya Menon,Webcam,2,5000,Completed,2026-05-31,2026-05-31 10:08:00
2560,543,Divya Menon,Tablet,3,30000,Pending,2026-07-16,2026-07-18 20:04:00
2561,1341,Ananya Das,Keyboard,5,2500,Completed,2026-06-06,2026-06-06 12:35:00
2562,1228,Pooja Iyer,Webcam,2,5000,Cancelled,2026-07-31,2026-08-01 03:02:00
2563,574,Vikram Singh,Smart Watch,2,7500,Completed,2026-03-02,2026-03-02 06:27:00
2564,654,Arjun Kumar,USB Hub,2,1800,Completed,2026-06-23,2026-06-24 11:17:00
2565,795,Suresh Kumar,Power Bank,5,2200,Pending,2026-03-15,2026-03-17 07:10:00
2566,1110,Suresh Kumar,Tablet,1,30000,Completed,2026-01-23,2026-01-24 04:16:00
2567,1268,Kiran Patel,Keyboard,5,2500,Cancelled,2026-03-18,2026-03-19 14:22:00
2568,798,Vikram Singh,RAM,5,4000,Pending,2026-01-11,2026-01-11 05:01:00
2569,596,Neha Singh,USB Hub,1,1800,Completed,2026-07-07,2026-07-07 07:19:00
2570,748,Arjun Kumar,USB Hub,3,1800,Completed,2026-08-24,2026-08-25 12:59:00
2571,655,Rahul Sharma,Laptop Bag,2,3500,Completed,2026-05-11,2026-05-11 08:03:00
2572,831,Vikram Singh,USB Hub,4,1800,Completed,2026-06-23,2026-06-24 15:28:00
2573,661,Sneha Rao,Printer,4,12000,Completed,2026-04-03,2026-04-03 16:09:00
2574,1064,Divya Menon,Monitor,2,15000,Pending,2026-01-18,2026-01-19 16:55:00
2575,1043,Pooja Iyer,Printer,2,12000,Completed,2026-09-08,2026-09-09 05:09:00
2576,594,Kiran Patel,Webcam,1,5000,Completed,2026-08-01,2026-08-03 01:41:00
2577,623,Neha Singh,Power Bank,5,2200,Pending,2026-01-02,2026-01-03 17:15:00
2578,913,Manoj Rao,USB Hub,2,1800,Completed,2026-04-15,2026-04-17 06:44:00
2579,709,Manoj Rao,Tablet,4,30000,Completed,2026-07-19,2026-07-19 18:36:00
2580,683,Kiran Patel,Laptop,4,65000,Cancelled,2026-05-16,2026-05-16 13:41:00
2581,1251,Manoj Rao,Keyboard,3,2500,Completed,2026-06-04,2026-06-04 08:47:00
2582,1072,Ajay Reddy,Mobile Phone,3,25000,Completed,2026-03-12,2026-03-14 05:19:00
2583,865,Arjun Kumar,SSD,3,8000,Completed,2026-07-17,2026-07-19 11:38:00
2584,1473,Manoj Rao,USB Hub,1,1800,Completed,2026-08-29,2026-08-30 19:43:00
2585,1280,Suresh Kumar,Printer,5,12000,Completed,2026-09-03,2026-09-03 16:50:00
2586,1000,Vikram Singh,Power Bank,3,2200,Cancelled,2026-07-28,2026-07-28 15:54:00
2587,1111,Suresh Kumar,Printer,1,12000,Completed,2026-03-04,2026-03-06 17:38:00
2588,1345,Suresh Kumar,Power Bank,1,2200,Completed,2026-01-08,2026-01-10 05:06:00
2589,1072,Ananya Das,Smart Watch,4,7500,Pending,2026-02-09,2026-02-11 09:33:00
2590,1219,Vikram Singh,Headphones,4,4500,Completed,2026-06-03,2026-06-04 04:10:00
2591,938,Manoj Rao,Tablet,5,30000,Completed,2026-01-17,2026-01-18 00:30:00
2592,1052,Divya Menon,Power Bank,5,2200,Cancelled,2026-06-24,2026-06-24 12:02:00
2593,582,Pooja Iyer,RAM,3,4000,Completed,2026-06-10,2026-06-11 16:45:00
2594,1072,Vikram Singh,Mouse,5,1200,Completed,2026-04-18,2026-04-18 20:32:00
2595,1248,Suresh Kumar,USB Hub,5,1800,Pending,2026-03-12,2026-03-12 12:18:00
2596,1151,Ajay Reddy,SSD,4,8000,Completed,2026-04-26,2026-04-27 20:22:00
2597,503,Pooja Iyer,RAM,4,4000,Completed,2026-04-05,2026-04-07 00:15:00
2598,792,Ajay Reddy,Laptop,3,65000,Completed,2026-05-23,2026-05-24 13:48:00
2599,708,Kiran Patel,RAM,3,4000,Completed,2026-06-22,2026-06-23 03:16:00
2600,955,Priya Reddy,Headphones,2,4500,Cancelled,2026-03-19,2026-03-21 11:35:00
2601,1375,Kiran Patel,SSD,2,8000,Completed,2026-07-19,2026-07-20 13:41:00
2602,1284,Rohit Verma,Tablet,3,30000,Pending,2026-08-08,2026-08-09 17:01:00
2603,1200,Ajay Reddy,Mobile Phone,4,25000,Completed,2026-07-10,2026-07-12 23:55:00
2604,1405,Manoj Rao,Power Bank,5,2200,Cancelled,2026-08-27,2026-08-29 19:17:00
2605,1159,Rohit Verma,Webcam,1,5000,Completed,2026-08-14,2026-08-16 22:11:00
2606,1168,Neha Singh,Tablet,5,30000,Completed,2026-09-04,2026-09-04 18:35:00
2607,787,Rohit Verma,Power Bank,3,2200,Completed,2026-03-04,2026-03-06 17:10:00
2608,1296,Arjun Kumar,Monitor,4,15000,Completed,2026-08-19,2026-08-20 10:44:00
2609,1105,Kiran Patel,Laptop Bag,5,3500,Completed,2026-06-07,2026-06-09 21:02:00
2610,1280,Ajay Reddy,USB Hub,2,1800,Pending,2026-03-28,2026-03-29 16:15:00
2611,1202,Manoj Rao,Webcam,5,5000,Completed,2026-02-16,2026-02-18 11:47:00
2612,1428,Rohit Verma,Mobile Phone,3,25000,Pending,2026-05-19,2026-05-19 21:09:00
2613,935,Meera Nair,USB Hub,4,1800,Pending,2026-04-19,2026-04-20 16:55:00
2614,995,Sneha Rao,Mouse,2,1200,Completed,2026-01-11,2026-01-12 18:17:00
2615,1271,Pooja Iyer,Tablet,1,30000,Completed,2026-03-11,2026-03-14 00:07:00
2616,1373,Manoj Rao,SSD,4,8000,Cancelled,2026-06-28,2026-06-28 11:47:00
2617,1405,Suresh Kumar,Keyboard,2,2500,Completed,2026-07-17,2026-07-17 07:27:00
2618,954,Rahul Sharma,SSD,5,8000,Completed,2026-04-26,2026-04-28 01:29:00
2619,1003,Kiran Patel,Mobile Phone,3,25000,Pending,2026-05-03,2026-05-05 12:32:00
2620,988,Pooja Iyer,Webcam,5,5000,Pending,2026-05-26,2026-05-27 19:14:00
2621,1309,Rohit Verma,Power Bank,3,2200,Completed,2026-09-02,2026-09-03 22:35:00
2622,693,Sneha Rao,Webcam,4,5000,Completed,2026-03-21,2026-03-22 14:16:00
2623,894,Arjun Kumar,Mouse,1,1200,Completed,2026-02-10,2026-02-12 14:56:00
2624,1291,Ananya Das,Tablet,4,30000,Completed,2026-05-23,2026-05-25 12:13:00
2625,532,Arjun Kumar,RAM,5,4000,Completed,2026-07-02,2026-07-03 23:56:00
2626,540,Arjun Kumar,Webcam,3,5000,Completed,2026-08-31,2026-09-01 15:52:00
2627,886,Arjun Kumar,Power Bank,2,2200,Completed,2026-08-12,2026-08-13 09:25:00
2628,1178,Meera Nair,Tablet,4,30000,Completed,2026-07-22,2026-07-24 17:34:00
2629,831,Meera Nair,Laptop,3,65000,Pending,2026-08-20,2026-08-21 03:51:00
2630,1101,Manoj Rao,Monitor,1,15000,Completed,2026-08-18,2026-08-21 00:15:00
2631,632,Pooja Iyer,Smart Watch,4,7500,Completed,2026-01-08,2026-01-09 06:42:00
2632,874,Ajay Reddy,Laptop Bag,1,3500,Pending,2026-03-15,2026-03-17 03:26:00
2633,967,Manoj Rao,Keyboard,3,2500,Completed,2026-03-20,2026-03-21 15:08:00
2634,1417,Vikram Singh,Webcam,4,5000,Completed,2026-04-14,2026-04-15 09:20:00
2635,1248,Priya Reddy,Webcam,3,5000,Cancelled,2026-08-24,2026-08-25 19:46:00
2636,1178,Sneha Rao,RAM,1,4000,Pending,2026-02-27,2026-03-01 19:43:00
2637,642,Kiran Patel,Laptop Bag,3,3500,Cancelled,2026-02-02,2026-02-04 23:45:00
2638,1208,Manoj Rao,Printer,4,12000,Completed,2026-02-19,2026-02-20 13:29:00
2639,847,Arjun Kumar,Printer,1,12000,Completed,2026-05-05,2026-05-05 16:17:00
2640,1025,Arjun Kumar,Tablet,3,30000,Completed,2026-07-06,2026-07-09 00:32:00
2641,677,Priya Reddy,USB Hub,1,1800,Completed,2026-06-27,2026-06-27 18:31:00
2642,764,Arjun Kumar,Power Bank,5,2200,Cancelled,2026-01-25,2026-01-26 20:51:00
2643,587,Vikram Singh,Headphones,4,4500,Completed,2026-05-21,2026-05-21 05:19:00
2644,854,Suresh Kumar,Webcam,4,5000,Pending,2026-02-12,2026-02-12 11:27:00
2645,1475,Arjun Kumar,Smart Watch,4,7500,Pending,2026-08-31,2026-09-01 18:22:00
2646,979,Divya Menon,Tablet,3,30000,Pending,2026-09-01,2026-09-03 20:32:00
2647,689,Priya Reddy,Keyboard,4,2500,Pending,2026-06-11,2026-06-13 01:58:00
2648,1212,Neha Singh,Tablet,3,30000,Cancelled,2026-04-06,2026-04-06 03:57:00
2649,1207,Rohit Verma,Tablet,3,30000,Completed,2026-02-20,2026-02-22 20:41:00
2650,947,Vikram Singh,RAM,5,4000,Completed,2026-01-22,2026-01-24 22:12:00
2651,1138,Ananya Das,Keyboard,1,2500,Completed,2026-09-01,2026-09-01 03:14:00
2652,887,Ananya Das,SSD,4,8000,Pending,2026-07-11,2026-07-12 15:58:00
2653,656,Divya Menon,Laptop,4,65000,Completed,2026-04-29,2026-05-01 09:59:00
2654,928,Vikram Singh,Tablet,2,30000,Pending,2026-07-20,2026-07-22 00:24:00
2655,787,Arjun Kumar,Mouse,1,1200,Pending,2026-06-13,2026-06-14 06:41:00
2656,1357,Divya Menon,RAM,3,4000,Completed,2026-06-01,2026-06-03 06:56:00
2657,650,Ananya Das,Monitor,1,15000,Pending,2026-07-13,2026-07-15 21:00:00
2658,673,Priya Reddy,Printer,1,12000,Pending,2026-04-07,2026-04-08 17:57:00
2659,856,Kiran Patel,Mouse,3,1200,Completed,2026-01-09,2026-01-11 15:47:00
2660,731,Rahul Sharma,Power Bank,3,2200,Completed,2026-01-29,2026-01-30 04:34:00
2661,809,Divya Menon,USB Hub,3,1800,Pending,2026-02-13,2026-02-15 14:51:00
2662,918,Kiran Patel,Smart Watch,5,7500,Pending,2026-05-01,2026-05-03 11:13:00
2663,744,Rohit Verma,SSD,1,8000,Completed,2026-06-01,2026-06-02 05:45:00
2664,908,Arjun Kumar,Monitor,1,15000,Completed,2026-05-04,2026-05-05 20:13:00
2665,1214,Suresh Kumar,Monitor,5,15000,Completed,2026-07-12,2026-07-14 17:55:00
2666,1046,Manoj Rao,Power Bank,5,2200,Completed,2026-01-02,2026-01-04 06:02:00
2667,1430,Divya Menon,Keyboard,3,2500,Pending,2026-04-15,2026-04-15 21:53:00
2668,861,Ananya Das,USB Hub,5,1800,Cancelled,2026-08-16,2026-08-18 00:47:00
2669,1362,Pooja Iyer,Smart Watch,2,7500,Completed,2026-01-12,2026-01-13 06:52:00
2670,885,Priya Reddy,USB Hub,5,1800,Completed,2026-03-03,2026-03-03 18:54:00
2671,619,Kiran Patel,RAM,5,4000,Completed,2026-06-08,2026-06-10 01:42:00
2672,590,Rohit Verma,Smart Watch,4,7500,Completed,2026-08-28,2026-08-29 23:05:00
2673,962,Priya Reddy,Mouse,1,1200,Completed,2026-02-04,2026-02-06 05:26:00
2674,1096,Ajay Reddy,Power Bank,5,2200,Completed,2026-03-03,2026-03-05 01:31:00
2675,523,Rahul Sharma,Printer,3,12000,Completed,2026-07-28,2026-07-28 13:09:00
2676,770,Vikram Singh,Tablet,5,30000,Cancelled,2026-09-07,2026-09-09 02:15:00
2677,899,Kiran Patel,Power Bank,1,2200,Completed,2026-06-06,2026-06-06 15:06:00
2678,1350,Priya Reddy,USB Hub,3,1800,Completed,2026-04-16,2026-04-17 18:48:00
2679,1205,Rohit Verma,RAM,4,4000,Pending,2026-02-17,2026-02-19 00:01:00
2680,690,Ananya Das,Headphones,4,4500,Completed,2026-04-23,2026-04-25 05:33:00
2681,1033,Rohit Verma,RAM,4,4000,Completed,2026-05-27,2026-05-29 01:06:00
2682,916,Sneha Rao,Keyboard,2,2500,Completed,2026-05-22,2026-05-22 16:43:00
2683,632,Kiran Patel,Headphones,2,4500,Completed,2026-06-09,2026-06-10 16:37:00
2684,1494,Meera Nair,Printer,4,12000,Completed,2026-03-22,2026-03-24 08:46:00
2685,791,Sneha Rao,Headphones,5,4500,Completed,2026-02-27,2026-03-01 13:23:00
2686,1056,Priya Reddy,SSD,1,8000,Pending,2026-03-21,2026-03-22 23:59:00
2687,619,Vikram Singh,Tablet,2,30000,Completed,2026-09-03,2026-09-04 04:04:00
2688,1244,Neha Singh,USB Hub,2,1800,Pending,2026-05-15,2026-05-15 14:06:00
2689,567,Arjun Kumar,SSD,4,8000,Completed,2026-06-28,2026-06-29 13:58:00
2690,640,Divya Menon,Headphones,5,4500,Completed,2026-07-24,2026-07-24 16:02:00
2691,966,Divya Menon,Keyboard,2,2500,Completed,2026-03-06,2026-03-06 11:18:00
2692,1209,Meera Nair,Smart Watch,2,7500,Pending,2026-05-26,2026-05-27 00:29:00
2693,1266,Pooja Iyer,Printer,3,12000,Completed,2026-05-10,2026-05-10 06:28:00
2694,968,Kiran Patel,Keyboard,4,2500,Completed,2026-07-31,2026-08-02 23:15:00
2695,1497,Arjun Kumar,Tablet,2,30000,Completed,2026-07-18,2026-07-19 16:58:00
2696,608,Rohit Verma,Power Bank,2,2200,Cancelled,2026-05-09,2026-05-11 14:40:00
2697,1056,Suresh Kumar,Printer,3,12000,Completed,2026-04-03,2026-04-03 09:21:00
2698,637,Manoj Rao,Keyboard,5,2500,Completed,2026-04-21,2026-04-21 23:23:00
2699,597,Ajay Reddy,Mouse,1,1200,Completed,2026-02-01,2026-02-03 07:20:00
2700,977,Divya Menon,USB Hub,5,1800,Completed,2026-06-14,2026-06-15 08:44:00
2701,813,Divya Menon,Webcam,3,5000,Completed,2026-03-27,2026-03-27 11:01:00
2702,1269,Arjun Kumar,Headphones,1,4500,Completed,2026-05-28,2026-05-28 22:46:00
2703,570,Vikram Singh,SSD,1,8000,Completed,2026-09-02,2026-09-03 23:45:00
2704,779,Divya Menon,Smart Watch,5,7500,Pending,2026-07-25,2026-07-25 20:00:00
2705,1327,Suresh Kumar,RAM,1,4000,Completed,2026-01-15,2026-01-17 08:57:00
2706,527,Suresh Kumar,Power Bank,1,2200,Completed,2026-08-31,2026-09-02 09:31:00
2707,1295,Meera Nair,RAM,1,4000,Pending,2026-04-09,2026-04-10 06:58:00
2708,561,Manoj Rao,Tablet,5,30000,Completed,2026-04-16,2026-04-18 22:58:00
2709,930,Ananya Das,RAM,5,4000,Completed,2026-06-23,2026-06-24 09:22:00
2710,1154,Kiran Patel,Webcam,4,5000,Completed,2026-06-27,2026-06-27 04:40:00
2711,1440,Pooja Iyer,Power Bank,5,2200,Completed,2026-08-08,2026-08-08 07:48:00
2712,685,Suresh Kumar,Power Bank,1,2200,Completed,2026-05-05,2026-05-06 10:45:00
2713,680,Vikram Singh,Monitor,2,15000,Pending,2026-04-27,2026-04-28 22:57:00
2714,657,Rahul Sharma,Keyboard,5,2500,Completed,2026-07-26,2026-07-28 19:03:00
2715,997,Ananya Das,Laptop,3,65000,Completed,2026-05-28,2026-05-28 01:19:00
2716,668,Vikram Singh,Laptop,2,65000,Cancelled,2026-02-24,2026-02-25 07:11:00
2717,1424,Suresh Kumar,RAM,4,4000,Completed,2026-09-08,2026-09-08 15:54:00
2718,834,Divya Menon,Webcam,5,5000,Completed,2026-01-06,2026-01-07 17:21:00
2719,1070,Pooja Iyer,Mouse,5,1200,Completed,2026-01-07,2026-01-09 20:32:00
2720,1230,Meera Nair,Tablet,2,30000,Pending,2026-08-25,2026-08-26 01:15:00
2721,1377,Priya Reddy,Printer,3,12000,Pending,2026-08-30,2026-08-31 08:15:00
2722,1051,Ananya Das,Monitor,1,15000,Completed,2026-01-16,2026-01-17 03:10:00
2723,1488,Divya Menon,Power Bank,4,2200,Completed,2026-08-15,2026-08-16 13:56:00
2724,1136,Sneha Rao,Keyboard,1,2500,Completed,2026-08-17,2026-08-19 08:45:00
2725,645,Sneha Rao,Laptop,4,65000,Pending,2026-03-18,2026-03-19 04:06:00
2726,1030,Rohit Verma,Keyboard,5,2500,Pending,2026-06-14,2026-06-15 05:30:00
2727,1229,Rohit Verma,Headphones,3,4500,Cancelled,2026-02-17,2026-02-18 16:42:00
2728,603,Neha Singh,Monitor,4,15000,Cancelled,2026-02-28,2026-02-28 17:11:00
2729,864,Priya Reddy,USB Hub,2,1800,Cancelled,2026-01-04,2026-01-06 10:19:00
2730,1183,Suresh Kumar,Laptop,4,65000,Completed,2026-07-27,2026-07-27 05:05:00
2731,1220,Vikram Singh,Laptop Bag,4,3500,Cancelled,2026-08-19,2026-08-21 12:23:00
2732,1314,Ananya Das,Mouse,3,1200,Completed,2026-07-06,2026-07-08 08:35:00
2733,593,Meera Nair,USB Hub,4,1800,Completed,2026-04-12,2026-04-14 23:32:00
2734,719,Ananya Das,Keyboard,2,2500,Completed,2026-07-20,2026-07-21 18:56:00
2735,1105,Pooja Iyer,Power Bank,4,2200,Completed,2026-01-03,2026-01-04 22:41:00
2736,904,Suresh Kumar,Monitor,2,15000,Cancelled,2026-08-14,2026-08-15 18:13:00
2737,1475,Neha Singh,Headphones,5,4500,Completed,2026-01-02,2026-01-04 00:30:00
2738,834,Suresh Kumar,Power Bank,1,2200,Pending,2026-07-10,2026-07-12 18:26:00
2739,1055,Manoj Rao,Headphones,5,4500,Completed,2026-04-12,2026-04-12 18:22:00
2740,960,Rahul Sharma,Tablet,3,30000,Completed,2026-03-07,2026-03-09 04:09:00
2741,632,Sneha Rao,RAM,2,4000,Completed,2026-02-07,2026-02-07 17:43:00
2742,505,Ananya Das,Webcam,2,5000,Completed,2026-07-23,2026-07-24 09:12:00
2743,1226,Pooja Iyer,Mobile Phone,1,25000,Pending,2026-05-15,2026-05-17 12:00:00
2744,538,Suresh Kumar,Webcam,1,5000,Completed,2026-05-05,2026-05-05 23:45:00
2745,1388,Arjun Kumar,Headphones,5,4500,Completed,2026-08-07,2026-08-08 00:53:00
2746,1028,Divya Menon,Tablet,4,30000,Completed,2026-01-05,2026-01-05 22:38:00
2747,1307,Rohit Verma,Headphones,3,4500,Completed,2026-08-12,2026-08-14 20:57:00
2748,1359,Neha Singh,Laptop Bag,4,3500,Completed,2026-04-06,2026-04-07 01:14:00
2749,806,Suresh Kumar,Webcam,4,5000,Pending,2026-05-31,2026-05-31 15:07:00
2750,1193,Divya Menon,Mouse,4,1200,Pending,2026-05-21,2026-05-24 00:53:00
2751,632,Arjun Kumar,Printer,2,12000,Cancelled,2026-01-02,2026-01-04 06:45:00
2752,1369,Ajay Reddy,Mouse,3,1200,Cancelled,2026-02-21,2026-02-21 11:35:00
2753,1049,Manoj Rao,SSD,4,8000,Completed,2026-04-30,2026-04-30 03:02:00
2754,834,Neha Singh,Webcam,1,5000,Completed,2026-03-10,2026-03-11 21:29:00
2755,556,Priya Reddy,Mouse,3,1200,Pending,2026-03-05,2026-03-07 04:24:00
2756,1306,Arjun Kumar,USB Hub,4,1800,Completed,2026-04-01,2026-04-01 21:42:00
2757,677,Meera Nair,Mobile Phone,4,25000,Completed,2026-09-07,2026-09-07 08:17:00
2758,580,Manoj Rao,Headphones,1,4500,Completed,2026-01-27,2026-01-27 16:38:00
2759,609,Meera Nair,Keyboard,5,2500,Completed,2026-02-06,2026-02-07 19:34:00
2760,1276,Arjun Kumar,Smart Watch,3,7500,Completed,2026-04-18,2026-04-18 09:04:00
2761,703,Vikram Singh,Tablet,3,30000,Completed,2026-01-17,2026-01-19 08:52:00
2762,1092,Ananya Das,USB Hub,1,1800,Pending,2026-05-17,2026-05-19 03:49:00
2763,1417,Vikram Singh,Printer,4,12000,Completed,2026-08-25,2026-08-27 15:10:00
2764,795,Suresh Kumar,Laptop Bag,4,3500,Completed,2026-07-12,2026-07-13 00:40:00
2765,560,Ajay Reddy,Laptop Bag,4,3500,Pending,2026-02-16,2026-02-18 11:57:00
2766,1069,Vikram Singh,Printer,5,12000,Completed,2026-04-01,2026-04-02 15:47:00
2767,1434,Ajay Reddy,Power Bank,5,2200,Completed,2026-05-19,2026-05-21 03:05:00
2768,741,Rahul Sharma,Mobile Phone,4,25000,Pending,2026-02-14,2026-02-14 12:44:00
2769,695,Meera Nair,Monitor,3,15000,Pending,2026-01-15,2026-01-17 14:28:00
2770,864,Manoj Rao,SSD,4,8000,Completed,2026-04-14,2026-04-15 12:24:00
2771,1256,Arjun Kumar,Tablet,3,30000,Cancelled,2026-03-31,2026-03-31 14:05:00
2772,1395,Meera Nair,Keyboard,1,2500,Pending,2026-07-04,2026-07-04 20:13:00
2773,1451,Kiran Patel,Keyboard,1,2500,Pending,2026-08-20,2026-08-20 08:24:00
2774,971,Priya Reddy,Printer,5,12000,Completed,2026-09-05,2026-09-06 00:17:00
2775,651,Neha Singh,Webcam,3,5000,Pending,2026-04-11,2026-04-11 13:54:00
2776,1278,Ananya Das,Power Bank,5,2200,Completed,2026-01-03,2026-01-04 12:15:00
2777,1078,Manoj Rao,Laptop,1,65000,Pending,2026-09-06,2026-09-07 12:11:00
2778,1175,Meera Nair,Monitor,3,15000,Completed,2026-07-20,2026-07-22 05:27:00
2779,564,Vikram Singh,Printer,1,12000,Completed,2026-01-08,2026-01-10 10:50:00
2780,648,Pooja Iyer,Laptop Bag,3,3500,Pending,2026-06-10,2026-06-10 07:00:00
2781,1479,Meera Nair,Laptop,2,65000,Pending,2026-07-04,2026-07-05 05:43:00
2782,1273,Vikram Singh,Smart Watch,4,7500,Completed,2026-01-08,2026-01-09 03:07:00
2783,1456,Neha Singh,RAM,2,4000,Completed,2026-08-14,2026-08-15 18:58:00
2784,1187,Neha Singh,Tablet,2,30000,Pending,2026-02-06,2026-02-08 04:06:00
2785,756,Arjun Kumar,Keyboard,2,2500,Completed,2026-02-23,2026-02-23 09:39:00
2786,690,Divya Menon,Smart Watch,2,7500,Completed,2026-07-22,2026-07-24 13:44:00
2787,606,Rohit Verma,Monitor,3,15000,Completed,2026-06-19,2026-06-19 06:50:00
2788,1276,Neha Singh,SSD,1,8000,Completed,2026-06-12,2026-06-14 17:52:00
2789,892,Priya Reddy,Monitor,4,15000,Completed,2026-07-16,2026-07-18 12:42:00
2790,588,Vikram Singh,USB Hub,5,1800,Completed,2026-04-05,2026-04-07 20:14:00
2791,1429,Kiran Patel,SSD,4,8000,Pending,2026-08-16,2026-08-16 04:14:00
2792,1209,Kiran Patel,SSD,2,8000,Completed,2026-07-19,2026-07-21 16:40:00
2793,1095,Vikram Singh,RAM,5,4000,Pending,2026-03-01,2026-03-02 19:32:00
2794,939,Sneha Rao,Tablet,4,30000,Pending,2026-03-27,2026-03-27 04:17:00
2795,796,Suresh Kumar,Headphones,2,4500,Completed,2026-08-06,2026-08-08 09:05:00
2796,905,Meera Nair,Mobile Phone,5,25000,Cancelled,2026-04-06,2026-04-07 20:02:00
2797,666,Sneha Rao,Smart Watch,1,7500,Completed,2026-08-01,2026-08-03 18:47:00
2798,1041,Rahul Sharma,Tablet,2,30000,Completed,2026-03-09,2026-03-11 17:46:00
2799,1494,Suresh Kumar,Smart Watch,4,7500,Completed,2026-04-06,2026-04-07 13:14:00
2800,501,Neha Singh,RAM,4,4000,Completed,2026-05-10,2026-05-10 19:57:00
2801,1267,Suresh Kumar,USB Hub,1,1800,Pending,2026-08-30,2026-09-01 00:44:00
2802,860,Meera Nair,Tablet,5,30000,Completed,2026-08-12,2026-08-14 09:39:00
2803,1176,Ananya Das,Mobile Phone,1,25000,Completed,2026-07-25,2026-07-25 01:30:00
2804,1270,Neha Singh,Mouse,3,1200,Completed,2026-03-12,2026-03-12 06:17:00
2805,874,Suresh Kumar,Mobile Phone,4,25000,Completed,2026-04-12,2026-04-13 02:13:00
2806,540,Meera Nair,Headphones,3,4500,Completed,2026-02-20,2026-02-21 20:49:00
2807,1287,Ananya Das,USB Hub,4,1800,Pending,2026-01-15,2026-01-16 19:36:00
2808,513,Priya Reddy,Keyboard,5,2500,Completed,2026-06-15,2026-06-16 13:23:00
2809,1397,Neha Singh,Tablet,5,30000,Completed,2026-06-17,2026-06-19 08:19:00
2810,863,Manoj Rao,Printer,4,12000,Completed,2026-03-14,2026-03-16 23:55:00
2811,650,Divya Menon,Webcam,2,5000,Completed,2026-04-20,2026-04-20 22:11:00
2812,1423,Pooja Iyer,Webcam,1,5000,Cancelled,2026-06-26,2026-06-26 21:30:00
2813,1219,Neha Singh,Mobile Phone,5,25000,Completed,2026-05-06,2026-05-06 17:28:00
2814,864,Ananya Das,Laptop Bag,5,3500,Completed,2026-05-07,2026-05-09 00:47:00
2815,1464,Divya Menon,RAM,4,4000,Completed,2026-07-01,2026-07-03 16:13:00
2816,593,Sneha Rao,SSD,2,8000,Cancelled,2026-04-03,2026-04-04 23:52:00
2817,779,Rahul Sharma,Laptop,3,65000,Completed,2026-02-12,2026-02-12 15:32:00
2818,820,Priya Reddy,Smart Watch,2,7500,Pending,2026-08-02,2026-08-02 17:17:00
2819,1310,Kiran Patel,Webcam,5,5000,Completed,2026-04-10,2026-04-10 06:33:00
2820,827,Pooja Iyer,USB Hub,2,1800,Completed,2026-02-17,2026-02-17 19:08:00
2821,1249,Divya Menon,Keyboard,1,2500,Cancelled,2026-01-12,2026-01-14 13:39:00
2822,601,Vikram Singh,Headphones,1,4500,Cancelled,2026-04-05,2026-04-07 14:37:00
2823,866,Ajay Reddy,Mobile Phone,4,25000,Completed,2026-07-13,2026-07-15 03:25:00
2824,1492,Divya Menon,Headphones,1,4500,Completed,2026-08-21,2026-08-22 16:18:00
2825,816,Rahul Sharma,Monitor,2,15000,Completed,2026-05-20,2026-05-22 17:38:00
2826,1120,Meera Nair,RAM,2,4000,Pending,2026-05-07,2026-05-09 04:39:00
2827,923,Ajay Reddy,Mouse,5,1200,Completed,2026-06-14,2026-06-15 19:03:00
2828,1175,Rohit Verma,Keyboard,4,2500,Completed,2026-07-21,2026-07-22 21:54:00
2829,689,Ananya Das,Printer,2,12000,Completed,2026-07-27,2026-07-29 10:56:00
2830,1184,Kiran Patel,Webcam,1,5000,Completed,2026-05-11,2026-05-11 12:21:00
2831,831,Kiran Patel,Mobile Phone,3,25000,Completed,2026-08-29,2026-08-31 09:26:00
2832,1405,Rahul Sharma,Headphones,4,4500,Completed,2026-05-10,2026-05-11 12:00:00
2833,1061,Ananya Das,Mouse,2,1200,Completed,2026-04-21,2026-04-22 19:08:00
2834,1283,Arjun Kumar,Power Bank,1,2200,Completed,2026-05-19,2026-05-21 13:31:00
2835,731,Divya Menon,Headphones,1,4500,Pending,2026-07-22,2026-07-23 05:34:00
2836,935,Vikram Singh,Webcam,5,5000,Completed,2026-03-04,2026-03-06 17:40:00
2837,1474,Manoj Rao,Mouse,4,1200,Completed,2026-03-25,2026-03-25 22:36:00
2838,1282,Vikram Singh,SSD,4,8000,Completed,2026-04-28,2026-04-28 14:01:00
2839,724,Vikram Singh,Webcam,2,5000,Pending,2026-07-03,2026-07-05 06:23:00
2840,1057,Neha Singh,Headphones,5,4500,Pending,2026-05-20,2026-05-21 06:59:00
2841,1375,Pooja Iyer,Laptop,2,65000,Completed,2026-01-26,2026-01-27 08:51:00
2842,587,Vikram Singh,RAM,5,4000,Pending,2026-01-13,2026-01-14 15:15:00
2843,618,Rohit Verma,Laptop Bag,3,3500,Completed,2026-01-31,2026-02-01 04:41:00
2844,1285,Kiran Patel,Smart Watch,5,7500,Completed,2026-05-31,2026-05-31 11:33:00
2845,955,Meera Nair,Power Bank,3,2200,Pending,2026-08-08,2026-08-08 01:45:00
2846,831,Sneha Rao,Power Bank,4,2200,Completed,2026-04-14,2026-04-15 04:02:00
2847,1029,Sneha Rao,SSD,2,8000,Pending,2026-02-14,2026-02-15 08:33:00
2848,708,Manoj Rao,Printer,4,12000,Completed,2026-04-28,2026-04-29 14:17:00
2849,1202,Manoj Rao,RAM,5,4000,Cancelled,2026-06-10,2026-06-10 23:27:00
2850,1373,Suresh Kumar,Laptop Bag,3,3500,Completed,2026-05-09,2026-05-11 01:07:00
2851,1256,Vikram Singh,Webcam,3,5000,Completed,2026-06-18,2026-06-20 00:08:00
2852,747,Vikram Singh,Mouse,3,1200,Completed,2026-06-30,2026-07-01 10:44:00
2853,1441,Neha Singh,Tablet,2,30000,Completed,2026-07-09,2026-07-11 06:35:00
2854,696,Sneha Rao,RAM,3,4000,Pending,2026-01-04,2026-01-05 15:57:00
2855,1457,Arjun Kumar,Monitor,5,15000,Completed,2026-07-24,2026-07-25 00:43:00
2856,1252,Rohit Verma,Mouse,2,1200,Completed,2026-08-08,2026-08-11 00:58:00
2857,1422,Sneha Rao,Laptop Bag,2,3500,Pending,2026-03-28,2026-03-29 04:48:00
2858,776,Priya Reddy,Power Bank,2,2200,Cancelled,2026-07-16,2026-07-17 19:07:00
2859,790,Sneha Rao,Monitor,3,15000,Completed,2026-06-27,2026-06-29 15:30:00
2860,1093,Suresh Kumar,Headphones,5,4500,Pending,2026-08-21,2026-08-21 10:48:00
2861,1464,Ananya Das,Power Bank,5,2200,Completed,2026-04-24,2026-04-24 17:56:00
2862,1108,Manoj Rao,Printer,5,12000,Completed,2026-04-02,2026-04-04 05:21:00
2863,1098,Ajay Reddy,SSD,2,8000,Completed,2026-05-08,2026-05-08 16:06:00
2864,763,Rohit Verma,Headphones,2,4500,Completed,2026-03-19,2026-03-20 22:39:00
2865,1175,Manoj Rao,Mouse,4,1200,Pending,2026-08-06,2026-08-08 21:14:00
2866,905,Pooja Iyer,Headphones,5,4500,Completed,2026-08-16,2026-08-16 11:15:00
2867,1011,Pooja Iyer,Mouse,4,1200,Cancelled,2026-07-31,2026-08-02 10:03:00
2868,1101,Neha Singh,Laptop Bag,3,3500,Completed,2026-06-16,2026-06-18 03:52:00
2869,1485,Sneha Rao,Printer,4,12000,Completed,2026-06-23,2026-06-25 22:07:00
2870,979,Neha Singh,Printer,4,12000,Completed,2026-06-24,2026-06-26 03:49:00
2871,1437,Ajay Reddy,Tablet,2,30000,Cancelled,2026-07-18,2026-07-19 23:11:00
2872,907,Priya Reddy,Power Bank,4,2200,Completed,2026-03-08,2026-03-08 14:19:00
2873,1001,Sneha Rao,Headphones,1,4500,Completed,2026-05-20,2026-05-21 10:23:00
2874,1446,Divya Menon,Smart Watch,1,7500,Completed,2026-08-10,2026-08-11 13:47:00
2875,922,Manoj Rao,USB Hub,4,1800,Pending,2026-02-05,2026-02-05 02:32:00
2876,710,Kiran Patel,Mouse,3,1200,Completed,2026-09-03,2026-09-04 13:55:00
2877,824,Manoj Rao,Laptop Bag,4,3500,Pending,2026-02-25,2026-02-26 09:05:00
2878,1300,Neha Singh,Mobile Phone,2,25000,Pending,2026-08-11,2026-08-11 21:49:00
2879,1133,Priya Reddy,Headphones,1,4500,Completed,2026-08-23,2026-08-25 11:15:00
2880,992,Ajay Reddy,Mouse,5,1200,Cancelled,2026-05-20,2026-05-23 00:50:00
2881,1435,Vikram Singh,Laptop,5,65000,Completed,2026-05-15,2026-05-16 02:03:00
2882,752,Vikram Singh,Mobile Phone,4,25000,Completed,2026-04-03,2026-04-05 21:17:00
2883,1386,Sneha Rao,Mouse,3,1200,Pending,2026-07-03,2026-07-03 22:09:00
2884,1441,Neha Singh,Laptop Bag,2,3500,Pending,2026-02-03,2026-02-04 12:05:00
2885,1347,Rahul Sharma,Printer,5,12000,Cancelled,2026-02-23,2026-02-24 07:37:00
2886,997,Sneha Rao,SSD,2,8000,Completed,2026-08-31,2026-08-31 12:17:00
2887,793,Manoj Rao,Laptop Bag,1,3500,Completed,2026-02-21,2026-02-21 14:43:00
2888,1297,Suresh Kumar,Power Bank,5,2200,Completed,2026-05-10,2026-05-11 09:08:00
2889,715,Divya Menon,Webcam,2,5000,Cancelled,2026-05-26,2026-05-28 06:02:00
2890,801,Arjun Kumar,SSD,5,8000,Completed,2026-04-21,2026-04-21 08:19:00
2891,541,Arjun Kumar,USB Hub,5,1800,Pending,2026-08-16,2026-08-17 16:38:00
2892,901,Pooja Iyer,Mobile Phone,3,25000,Pending,2026-04-19,2026-04-21 02:10:00
2893,888,Arjun Kumar,USB Hub,5,1800,Pending,2026-08-06,2026-08-06 20:29:00
2894,1279,Ajay Reddy,USB Hub,2,1800,Completed,2026-05-23,2026-05-23 06:28:00
2895,992,Divya Menon,Power Bank,1,2200,Completed,2026-07-09,2026-07-10 05:24:00
2896,1359,Arjun Kumar,Monitor,1,15000,Completed,2026-07-25,2026-07-27 22:41:00
2897,570,Ananya Das,Webcam,1,5000,Completed,2026-01-25,2026-01-26 18:30:00
2898,739,Neha Singh,Headphones,4,4500,Completed,2026-08-15,2026-08-17 09:59:00
2899,560,Rohit Verma,RAM,2,4000,Pending,2026-04-10,2026-04-12 15:38:00
2900,947,Pooja Iyer,Keyboard,1,2500,Completed,2026-07-12,2026-07-13 03:03:00
2901,1168,Rohit Verma,Smart Watch,2,7500,Pending,2026-06-04,2026-06-05 01:46:00
2902,973,Sneha Rao,Mouse,2,1200,Completed,2026-08-12,2026-08-13 02:12:00
2903,640,Priya Reddy,Smart Watch,3,7500,Completed,2026-04-04,2026-04-04 09:00:00
2904,1215,Divya Menon,Power Bank,4,2200,Completed,2026-07-02,2026-07-03 17:12:00
2905,573,Pooja Iyer,Tablet,2,30000,Pending,2026-08-26,2026-08-27 05:48:00
2906,618,Pooja Iyer,Printer,3,12000,Completed,2026-06-21,2026-06-22 15:29:00
2907,687,Ajay Reddy,Smart Watch,4,7500,Completed,2026-05-23,2026-05-24 07:07:00
2908,1171,Rahul Sharma,Smart Watch,5,7500,Completed,2026-07-27,2026-07-28 03:33:00
2909,1216,Pooja Iyer,Monitor,5,15000,Completed,2026-05-17,2026-05-18 23:26:00
2910,646,Kiran Patel,Smart Watch,2,7500,Completed,2026-04-17,2026-04-17 06:00:00
2911,640,Rahul Sharma,Headphones,1,4500,Completed,2026-05-04,2026-05-04 20:48:00
2912,934,Priya Reddy,Headphones,3,4500,Completed,2026-01-15,2026-01-16 00:17:00
2913,1278,Suresh Kumar,RAM,3,4000,Pending,2026-03-30,2026-03-31 01:15:00
2914,1477,Manoj Rao,Mouse,5,1200,Completed,2026-07-21,2026-07-23 07:05:00
2915,704,Arjun Kumar,USB Hub,5,1800,Completed,2026-06-15,2026-06-16 08:59:00
2916,685,Sneha Rao,USB Hub,2,1800,Pending,2026-08-12,2026-08-13 11:10:00
2917,553,Neha Singh,Laptop,5,65000,Completed,2026-07-24,2026-07-25 23:49:00
2918,1247,Neha Singh,Power Bank,1,2200,Completed,2026-03-18,2026-03-18 18:25:00
2919,1244,Kiran Patel,Mobile Phone,3,25000,Completed,2026-07-18,2026-07-19 06:41:00
2920,664,Pooja Iyer,Printer,1,12000,Completed,2026-05-02,2026-05-04 14:44:00
2921,1450,Rahul Sharma,SSD,5,8000,Completed,2026-07-30,2026-07-31 21:11:00
2922,858,Arjun Kumar,Tablet,3,30000,Cancelled,2026-05-05,2026-05-05 16:59:00
2923,730,Divya Menon,Laptop Bag,3,3500,Completed,2026-01-12,2026-01-14 06:13:00
2924,1303,Rohit Verma,SSD,2,8000,Completed,2026-02-27,2026-02-27 09:30:00
2925,976,Sneha Rao,Mobile Phone,5,25000,Completed,2026-07-05,2026-07-06 01:56:00
2926,600,Ananya Das,USB Hub,1,1800,Completed,2026-04-23,2026-04-23 12:08:00
2927,1337,Sneha Rao,Mouse,4,1200,Completed,2026-06-03,2026-06-05 21:02:00
2928,1363,Sneha Rao,RAM,2,4000,Completed,2026-05-26,2026-05-26 05:51:00
2929,1427,Meera Nair,SSD,4,8000,Completed,2026-03-17,2026-03-18 05:51:00
2930,677,Meera Nair,USB Hub,1,1800,Completed,2026-03-14,2026-03-14 16:37:00
2931,1440,Priya Reddy,Keyboard,4,2500,Pending,2026-04-16,2026-04-18 09:35:00
2932,1136,Rahul Sharma,Mobile Phone,5,25000,Completed,2026-07-03,2026-07-04 18:13:00
2933,1466,Meera Nair,Mouse,3,1200,Completed,2026-05-24,2026-05-26 23:47:00
2934,1424,Ajay Reddy,Mobile Phone,5,25000,Cancelled,2026-04-14,2026-04-16 01:06:00
2935,766,Rohit Verma,Webcam,3,5000,Completed,2026-03-30,2026-03-30 10:01:00
2936,1415,Ananya Das,SSD,4,8000,Completed,2026-06-26,2026-06-26 17:25:00
2937,845,Ananya Das,Laptop,3,65000,Completed,2026-01-16,2026-01-16 03:29:00
2938,955,Divya Menon,Laptop Bag,5,3500,Completed,2026-03-13,2026-03-14 15:01:00
2939,1222,Ajay Reddy,Smart Watch,5,7500,Completed,2026-03-27,2026-03-29 16:28:00
2940,1025,Meera Nair,Mouse,5,1200,Completed,2026-01-08,2026-01-09 21:52:00
2941,857,Manoj Rao,Mobile Phone,4,25000,Completed,2026-08-21,2026-08-23 01:20:00
2942,1141,Rahul Sharma,Tablet,5,30000,Pending,2026-06-09,2026-06-11 08:53:00
2943,518,Ajay Reddy,Printer,2,12000,Completed,2026-01-08,2026-01-09 08:46:00
2944,1133,Manoj Rao,SSD,1,8000,Completed,2026-04-23,2026-04-24 20:43:00
2945,722,Sneha Rao,Mobile Phone,3,25000,Completed,2026-05-12,2026-05-13 03:28:00
2946,795,Rahul Sharma,RAM,2,4000,Completed,2026-05-23,2026-05-25 05:53:00
2947,904,Vikram Singh,RAM,4,4000,Completed,2026-02-19,2026-02-20 15:28:00
2948,884,Manoj Rao,Smart Watch,2,7500,Completed,2026-02-05,2026-02-05 23:25:00
2949,1102,Rohit Verma,Smart Watch,1,7500,Completed,2026-04-23,2026-04-24 17:47:00
2950,621,Ajay Reddy,SSD,1,8000,Completed,2026-05-28,2026-05-28 11:05:00
2951,1001,Meera Nair,Headphones,4,4500,Completed,2026-08-23,2026-08-25 19:37:00
2952,1375,Suresh Kumar,Mobile Phone,3,25000,Completed,2026-04-11,2026-04-12 12:45:00
2953,1159,Pooja Iyer,Headphones,4,4500,Cancelled,2026-07-21,2026-07-22 07:32:00
2954,633,Meera Nair,Power Bank,1,2200,Completed,2026-07-23,2026-07-23 10:30:00
2955,922,Manoj Rao,Smart Watch,4,7500,Completed,2026-07-13,2026-07-14 02:54:00
2956,1429,Sneha Rao,SSD,5,8000,Pending,2026-05-22,2026-05-22 12:16:00
2957,1262,Rohit Verma,USB Hub,3,1800,Completed,2026-04-01,2026-04-02 14:56:00
2958,685,Arjun Kumar,Power Bank,4,2200,Pending,2026-05-18,2026-05-20 13:40:00
2959,787,Sneha Rao,Laptop Bag,4,3500,Completed,2026-06-08,2026-06-09 18:05:00
2960,1325,Manoj Rao,RAM,4,4000,Pending,2026-07-06,2026-07-06 11:07:00
2961,800,Pooja Iyer,Printer,1,12000,Completed,2026-03-19,2026-03-21 18:41:00
2962,956,Ananya Das,Laptop Bag,5,3500,Completed,2026-08-06,2026-08-06 20:44:00
2963,1020,Sneha Rao,Power Bank,4,2200,Cancelled,2026-01-25,2026-01-27 14:28:00
2964,1492,Meera Nair,Tablet,4,30000,Completed,2026-03-13,2026-03-14 15:40:00
2965,1177,Manoj Rao,Keyboard,3,2500,Completed,2026-03-05,2026-03-06 13:03:00
2966,643,Priya Reddy,RAM,1,4000,Completed,2026-06-28,2026-06-30 15:05:00
2967,503,Neha Singh,Headphones,4,4500,Pending,2026-07-01,2026-07-01 17:05:00
2968,757,Neha Singh,Laptop,4,65000,Completed,2026-05-05,2026-05-07 23:50:00
2969,571,Ajay Reddy,Tablet,4,30000,Cancelled,2026-04-28,2026-04-29 04:51:00
2970,654,Kiran Patel,Printer,2,12000,Completed,2026-02-16,2026-02-17 02:40:00
2971,934,Ananya Das,Printer,4,12000,Pending,2026-02-08,2026-02-10 06:20:00
2972,610,Divya Menon,Mouse,3,1200,Completed,2026-02-26,2026-02-26 21:07:00
2973,1095,Priya Reddy,Laptop,3,65000,Completed,2026-03-23,2026-03-25 05:15:00
2974,1500,Ananya Das,RAM,4,4000,Completed,2026-02-26,2026-02-27 03:40:00
2975,1252,Manoj Rao,Tablet,3,30000,Completed,2026-05-08,2026-05-09 16:40:00
2976,1059,Pooja Iyer,Keyboard,1,2500,Completed,2026-07-28,2026-07-28 02:52:00
2977,1201,Ananya Das,Headphones,4,4500,Completed,2026-06-12,2026-06-12 09:58:00
2978,1356,Rahul Sharma,Mobile Phone,5,25000,Completed,2026-08-14,2026-08-16 15:53:00
2979,652,Rahul Sharma,Laptop Bag,2,3500,Completed,2026-08-10,2026-08-11 14:13:00
2980,1147,Ananya Das,Keyboard,5,2500,Completed,2026-04-30,2026-05-02 22:52:00
2981,1229,Ajay Reddy,Monitor,5,15000,Completed,2026-08-06,2026-08-07 14:08:00
2982,527,Ajay Reddy,Tablet,3,30000,Cancelled,2026-06-24,2026-06-26 19:25:00
2983,1480,Rohit Verma,USB Hub,3,1800,Completed,2026-04-19,2026-04-20 12:31:00
2984,1431,Ajay Reddy,SSD,2,8000,Completed,2026-05-01,2026-05-02 04:32:00
2985,1188,Neha Singh,Headphones,3,4500,Completed,2026-04-01,2026-04-02 07:00:00
2986,519,Vikram Singh,Laptop,4,65000,Completed,2026-08-14,2026-08-16 23:02:00
2987,1199,Divya Menon,Webcam,2,5000,Completed,2026-08-02,2026-08-04 14:51:00
2988,1424,Arjun Kumar,Laptop,1,65000,Completed,2026-09-08,2026-09-08 12:43:00
2989,533,Kiran Patel,Printer,2,12000,Completed,2026-06-25,2026-06-26 16:49:00
2990,1065,Vikram Singh,Laptop,4,65000,Completed,2026-06-01,2026-06-03 16:55:00
2991,528,Meera Nair,Laptop,3,65000,Completed,2026-05-17,2026-05-19 20:15:00
2992,961,Divya Menon,Tablet,1,30000,Pending,2026-05-10,2026-05-12 06:22:00
2993,1058,Priya Reddy,Webcam,4,5000,Completed,2026-03-24,2026-03-25 08:23:00
2994,1364,Divya Menon,Keyboard,3,2500,Completed,2026-01-20,2026-01-20 10:59:00
2995,922,Ajay Reddy,Monitor,2,15000,Completed,2026-03-21,2026-03-23 20:07:00
2996,1351,Arjun Kumar,Headphones,1,4500,Cancelled,2026-02-04,2026-02-04 18:08:00
2997,1097,Neha Singh,Tablet,2,30000,Cancelled,2026-06-25,2026-06-27 15:20:00
2998,1189,Pooja Iyer,Smart Watch,4,7500,Cancelled,2026-08-25,2026-08-26 08:08:00
2999,1299,Rohit Verma,Printer,3,12000,Pending,2026-01-27,2026-01-28 00:22:00
3000,726,Sneha Rao,Mouse,3,1200,Completed,2026-06-21,2026-06-22 04:25:00
3001,1249,Neha Singh,Keyboard,5,2500,Completed,2026-05-23,2026-05-24 05:05:00
3002,1125,Manoj Rao,Laptop,1,65000,Completed,2026-07-26,2026-07-26 23:34:00
3003,1210,Manoj Rao,Smart Watch,5,7500,Cancelled,2026-01-30,2026-02-01 04:40:00
3004,864,Rahul Sharma,Mouse,3,1200,Pending,2026-08-29,2026-08-31 02:16:00
3005,1102,Rohit Verma,Monitor,1,15000,Completed,2026-04-22,2026-04-23 21:55:00
3006,880,Neha Singh,Monitor,5,15000,Completed,2026-08-17,2026-08-18 03:02:00
3007,909,Priya Reddy,Mobile Phone,2,25000,Pending,2026-01-21,2026-01-22 09:34:00
3008,1082,Ananya Das,Keyboard,5,2500,Completed,2026-08-01,2026-08-03 20:54:00
3009,1006,Kiran Patel,Webcam,4,5000,Completed,2026-01-27,2026-01-30 00:35:00
3010,998,Suresh Kumar,SSD,4,8000,Pending,2026-06-08,2026-06-08 15:50:00
3011,582,Rohit Verma,Power Bank,3,2200,Completed,2026-06-04,2026-06-06 05:13:00
3012,1486,Kiran Patel,Laptop Bag,1,3500,Completed,2026-07-14,2026-07-16 09:42:00
3013,1224,Meera Nair,RAM,2,4000,Completed,2026-08-22,2026-08-24 01:32:00
3014,1130,Ananya Das,Mobile Phone,1,25000,Completed,2026-06-13,2026-06-13 14:03:00
3015,1182,Vikram Singh,Laptop,1,65000,Completed,2026-06-14,2026-06-15 06:10:00
3016,889,Neha Singh,USB Hub,1,1800,Completed,2026-01-11,2026-01-12 16:57:00
3017,1478,Kiran Patel,Webcam,3,5000,Completed,2026-05-16,2026-05-18 15:27:00
3018,1268,Rahul Sharma,RAM,4,4000,Completed,2026-08-22,2026-08-23 14:30:00
3019,1225,Priya Reddy,USB Hub,1,1800,Completed,2026-01-05,2026-01-07 15:59:00
3020,505,Ananya Das,Laptop,2,65000,Completed,2026-02-13,2026-02-14 16:22:00
3021,697,Pooja Iyer,Tablet,1,30000,Completed,2026-01-15,2026-01-15 15:02:00
3022,722,Manoj Rao,Smart Watch,5,7500,Completed,2026-05-18,2026-05-19 05:51:00
3023,1492,Suresh Kumar,Laptop,3,65000,Pending,2026-04-21,2026-04-21 05:34:00
3024,817,Ananya Das,Monitor,5,15000,Completed,2026-08-19,2026-08-21 12:30:00
3025,1064,Rohit Verma,Smart Watch,4,7500,Completed,2026-08-23,2026-08-24 18:39:00
3026,797,Ajay Reddy,USB Hub,5,1800,Pending,2026-08-26,2026-08-27 06:45:00
3027,941,Suresh Kumar,Printer,1,12000,Completed,2026-07-30,2026-07-30 07:45:00
3028,546,Divya Menon,Power Bank,5,2200,Completed,2026-07-08,2026-07-09 16:29:00
3029,1263,Kiran Patel,Keyboard,4,2500,Completed,2026-02-05,2026-02-05 06:51:00
3030,592,Neha Singh,Smart Watch,1,7500,Completed,2026-02-11,2026-02-12 10:30:00
3031,691,Rohit Verma,Printer,4,12000,Pending,2026-01-14,2026-01-16 10:09:00
3032,1325,Vikram Singh,Printer,4,12000,Pending,2026-08-06,2026-08-07 22:29:00
3033,1143,Ananya Das,Power Bank,5,2200,Completed,2026-09-07,2026-09-09 08:51:00
3034,1079,Priya Reddy,RAM,3,4000,Completed,2026-09-03,2026-09-03 13:19:00
3035,1083,Pooja Iyer,Mobile Phone,2,25000,Cancelled,2026-03-20,2026-03-21 13:27:00
3036,714,Rahul Sharma,SSD,2,8000,Pending,2026-01-25,2026-01-26 22:51:00
3037,1146,Divya Menon,SSD,2,8000,Completed,2026-03-17,2026-03-18 06:03:00
3038,1063,Manoj Rao,Laptop,5,65000,Pending,2026-04-04,2026-04-06 10:25:00
3039,1168,Rohit Verma,USB Hub,3,1800,Completed,2026-01-19,2026-01-19 05:54:00
3040,1007,Kiran Patel,Tablet,2,30000,Completed,2026-05-31,2026-05-31 09:41:00
3041,668,Ajay Reddy,Monitor,4,15000,Completed,2026-08-27,2026-08-28 23:24:00
3042,1196,Divya Menon,Laptop,2,65000,Completed,2026-03-22,2026-03-24 10:35:00
3043,685,Sneha Rao,Monitor,2,15000,Completed,2026-03-12,2026-03-13 06:37:00
3044,1459,Ananya Das,Keyboard,4,2500,Completed,2026-04-24,2026-04-25 03:54:00
3045,578,Pooja Iyer,Smart Watch,4,7500,Completed,2026-08-29,2026-08-30 04:46:00
3046,1289,Manoj Rao,RAM,5,4000,Pending,2026-03-28,2026-03-28 17:06:00
3047,1484,Rohit Verma,SSD,5,8000,Completed,2026-01-02,2026-01-02 01:31:00
3048,1435,Neha Singh,USB Hub,2,1800,Completed,2026-05-13,2026-05-14 07:29:00
3049,1425,Vikram Singh,Tablet,5,30000,Completed,2026-01-15,2026-01-15 21:18:00
3050,1009,Rohit Verma,Printer,4,12000,Completed,2026-02-17,2026-02-19 16:40:00
3051,762,Pooja Iyer,RAM,1,4000,Completed,2026-03-11,2026-03-12 00:41:00
3052,1214,Manoj Rao,Mouse,4,1200,Completed,2026-05-08,2026-05-09 09:38:00
3053,808,Ajay Reddy,Power Bank,4,2200,Pending,2026-03-02,2026-03-04 08:26:00
3054,785,Pooja Iyer,Mouse,2,1200,Completed,2026-08-06,2026-08-06 07:42:00
3055,610,Manoj Rao,RAM,1,4000,Completed,2026-05-29,2026-05-30 20:14:00
3056,881,Rahul Sharma,RAM,4,4000,Pending,2026-01-16,2026-01-17 11:08:00
3057,1098,Vikram Singh,USB Hub,5,1800,Pending,2026-01-13,2026-01-14 19:08:00
3058,791,Ajay Reddy,Laptop,4,65000,Completed,2026-05-15,2026-05-16 09:11:00
3059,1440,Sneha Rao,Smart Watch,2,7500,Completed,2026-01-07,2026-01-09 15:27:00
3060,1442,Sneha Rao,SSD,3,8000,Completed,2026-05-26,2026-05-26 19:12:00
3061,1200,Meera Nair,Power Bank,1,2200,Pending,2026-02-10,2026-02-10 23:04:00
3062,1278,Divya Menon,Keyboard,5,2500,Completed,2026-07-23,2026-07-25 11:12:00
3063,1228,Rahul Sharma,Laptop Bag,2,3500,Completed,2026-01-03,2026-01-05 20:52:00
3064,527,Sneha Rao,USB Hub,4,1800,Completed,2026-05-26,2026-05-26 18:35:00
3065,769,Meera Nair,RAM,4,4000,Completed,2026-07-15,2026-07-15 08:05:00
3066,946,Vikram Singh,Laptop Bag,5,3500,Pending,2026-07-31,2026-07-31 03:06:00
3067,956,Rohit Verma,Mouse,2,1200,Completed,2026-06-20,2026-06-20 18:11:00
3068,571,Priya Reddy,SSD,1,8000,Pending,2026-01-03,2026-01-04 01:26:00
3069,627,Neha Singh,Laptop,5,65000,Completed,2026-01-04,2026-01-04 23:15:00
3070,850,Manoj Rao,Laptop Bag,5,3500,Cancelled,2026-07-18,2026-07-18 08:38:00
3071,748,Suresh Kumar,Mobile Phone,5,25000,Completed,2026-04-11,2026-04-13 13:14:00
3072,647,Kiran Patel,RAM,1,4000,Pending,2026-06-20,2026-06-22 20:27:00
3073,1081,Manoj Rao,RAM,3,4000,Completed,2026-01-25,2026-01-25 23:44:00
3074,1337,Rahul Sharma,Webcam,2,5000,Pending,2026-04-20,2026-04-21 15:28:00
3075,1117,Rahul Sharma,Monitor,4,15000,Completed,2026-06-01,2026-06-02 14:19:00
3076,1305,Priya Reddy,Printer,2,12000,Completed,2026-06-11,2026-06-12 17:31:00
3077,528,Suresh Kumar,Keyboard,4,2500,Completed,2026-04-20,2026-04-22 21:47:00
3078,1338,Meera Nair,Laptop,4,65000,Completed,2026-05-30,2026-06-01 18:39:00
3079,777,Pooja Iyer,RAM,5,4000,Cancelled,2026-02-19,2026-02-20 16:16:00
3080,1388,Sneha Rao,SSD,1,8000,Pending,2026-03-25,2026-03-25 05:28:00
3081,594,Ajay Reddy,Power Bank,1,2200,Completed,2026-08-14,2026-08-14 08:47:00
3082,1428,Sneha Rao,Headphones,4,4500,Completed,2026-09-05,2026-09-07 05:55:00
3083,513,Rohit Verma,Smart Watch,3,7500,Completed,2026-04-13,2026-04-14 22:02:00
3084,1302,Ajay Reddy,Printer,4,12000,Completed,2026-04-24,2026-04-25 06:57:00
3085,542,Sneha Rao,Headphones,3,4500,Completed,2026-06-01,2026-06-01 05:37:00
3086,542,Manoj Rao,Laptop,4,65000,Pending,2026-09-01,2026-09-02 05:48:00
3087,936,Priya Reddy,SSD,2,8000,Completed,2026-07-16,2026-07-17 10:34:00
3088,550,Vikram Singh,Laptop,2,65000,Completed,2026-02-23,2026-02-23 21:11:00
3089,1273,Rahul Sharma,Mouse,4,1200,Completed,2026-07-30,2026-07-30 06:18:00
3090,1367,Divya Menon,Laptop,1,65000,Completed,2026-04-14,2026-04-14 23:37:00
3091,891,Rahul Sharma,Laptop Bag,3,3500,Completed,2026-04-12,2026-04-12 05:30:00
3092,1487,Rohit Verma,Printer,5,12000,Completed,2026-02-16,2026-02-16 04:42:00
3093,1224,Ananya Das,RAM,3,4000,Completed,2026-04-25,2026-04-25 10:58:00
3094,599,Kiran Patel,SSD,2,8000,Completed,2026-07-29,2026-07-30 21:15:00
3095,1120,Arjun Kumar,RAM,3,4000,Pending,2026-06-25,2026-06-27 01:44:00
3096,1458,Sneha Rao,RAM,1,4000,Completed,2026-01-17,2026-01-17 02:12:00
3097,1074,Kiran Patel,Laptop,1,65000,Pending,2026-06-03,2026-06-04 03:21:00
3098,989,Arjun Kumar,RAM,5,4000,Cancelled,2026-09-08,2026-09-08 22:01:00
3099,1150,Manoj Rao,Mobile Phone,5,25000,Completed,2026-01-29,2026-01-30 23:22:00
3100,535,Kiran Patel,SSD,1,8000,Pending,2026-03-31,2026-04-01 05:13:00
3101,585,Meera Nair,SSD,4,8000,Pending,2026-01-29,2026-01-30 07:47:00
3102,1107,Suresh Kumar,Keyboard,4,2500,Completed,2026-08-20,2026-08-22 01:32:00
3103,855,Vikram Singh,SSD,1,8000,Completed,2026-08-25,2026-08-26 17:46:00
3104,585,Pooja Iyer,Mouse,2,1200,Completed,2026-01-25,2026-01-26 00:25:00
3105,913,Neha Singh,Mouse,4,1200,Cancelled,2026-02-15,2026-02-15 11:44:00
3106,982,Priya Reddy,Tablet,3,30000,Completed,2026-05-02,2026-05-03 01:13:00
3107,1121,Sneha Rao,RAM,2,4000,Pending,2026-07-12,2026-07-14 20:07:00
3108,1070,Ajay Reddy,RAM,4,4000,Completed,2026-04-21,2026-04-21 18:44:00
3109,545,Ajay Reddy,Webcam,5,5000,Pending,2026-03-12,2026-03-13 22:13:00
3110,663,Pooja Iyer,Mouse,2,1200,Pending,2026-03-28,2026-03-29 02:08:00
3111,1093,Rohit Verma,Laptop Bag,3,3500,Completed,2026-05-20,2026-05-22 20:36:00
3112,552,Divya Menon,Mouse,5,1200,Completed,2026-03-05,2026-03-06 09:59:00
3113,690,Priya Reddy,SSD,3,8000,Completed,2026-04-15,2026-04-16 04:00:00
3114,1069,Suresh Kumar,Power Bank,3,2200,Pending,2026-07-12,2026-07-14 18:22:00
3115,1015,Kiran Patel,Tablet,5,30000,Completed,2026-07-21,2026-07-22 14:38:00
3116,1110,Sneha Rao,Laptop,5,65000,Completed,2026-07-09,2026-07-11 14:57:00
3117,1154,Divya Menon,USB Hub,2,1800,Completed,2026-01-29,2026-01-30 20:01:00
3118,830,Arjun Kumar,Keyboard,3,2500,Completed,2026-01-19,2026-01-21 17:27:00
3119,1327,Sneha Rao,Laptop,3,65000,Completed,2026-04-11,2026-04-11 12:04:00
3120,624,Arjun Kumar,SSD,5,8000,Completed,2026-01-02,2026-01-03 11:07:00
3121,1175,Kiran Patel,Keyboard,2,2500,Completed,2026-07-07,2026-07-08 18:46:00
3122,630,Divya Menon,Laptop,4,65000,Pending,2026-08-12,2026-08-14 21:27:00
3123,1371,Rohit Verma,RAM,1,4000,Pending,2026-05-13,2026-05-14 22:00:00
3124,1172,Kiran Patel,Mobile Phone,1,25000,Pending,2026-04-30,2026-05-03 00:20:00
3125,989,Neha Singh,Monitor,3,15000,Completed,2026-03-08,2026-03-10 00:57:00
3126,1086,Manoj Rao,Keyboard,3,2500,Completed,2026-03-20,2026-03-22 23:05:00
3127,1063,Manoj Rao,Laptop,3,65000,Pending,2026-05-27,2026-05-28 02:56:00
3128,883,Ananya Das,Smart Watch,2,7500,Completed,2026-02-23,2026-02-25 15:50:00
3129,1493,Divya Menon,SSD,3,8000,Completed,2026-01-04,2026-01-05 17:29:00
3130,558,Ajay Reddy,Monitor,1,15000,Completed,2026-03-02,2026-03-03 00:53:00
3131,1079,Neha Singh,Mobile Phone,1,25000,Completed,2026-06-26,2026-06-28 16:20:00
3132,502,Manoj Rao,Monitor,1,15000,Completed,2026-08-20,2026-08-22 13:56:00
3133,1468,Priya Reddy,Power Bank,2,2200,Completed,2026-03-25,2026-03-27 06:52:00
3134,749,Rohit Verma,USB Hub,1,1800,Completed,2026-01-25,2026-01-25 11:42:00
3135,1341,Arjun Kumar,Mouse,4,1200,Completed,2026-08-18,2026-08-20 04:56:00
3136,1257,Rahul Sharma,Printer,4,12000,Pending,2026-04-30,2026-04-30 17:49:00
3137,1071,Ananya Das,Headphones,2,4500,Pending,2026-04-22,2026-04-23 17:45:00
3138,1451,Rohit Verma,USB Hub,1,1800,Completed,2026-01-18,2026-01-18 20:27:00
3139,1042,Pooja Iyer,Monitor,1,15000,Completed,2026-02-06,2026-02-08 03:29:00
3140,1168,Kiran Patel,Webcam,4,5000,Completed,2026-03-15,2026-03-15 21:17:00
3141,673,Pooja Iyer,Webcam,3,5000,Completed,2026-08-04,2026-08-06 03:03:00
3142,998,Divya Menon,Keyboard,4,2500,Completed,2026-03-27,2026-03-28 18:35:00
3143,504,Ajay Reddy,Smart Watch,3,7500,Completed,2026-03-07,2026-03-08 00:27:00
3144,778,Vikram Singh,Headphones,1,4500,Cancelled,2026-06-11,2026-06-13 00:27:00
3145,772,Ajay Reddy,Laptop,4,65000,Completed,2026-08-16,2026-08-18 02:28:00
3146,1350,Sneha Rao,Monitor,4,15000,Completed,2026-08-05,2026-08-05 11:45:00
3147,519,Vikram Singh,Webcam,1,5000,Completed,2026-08-27,2026-08-28 21:25:00
3148,1038,Suresh Kumar,Laptop Bag,2,3500,Cancelled,2026-07-22,2026-07-22 13:05:00
3149,1066,Divya Menon,Keyboard,5,2500,Completed,2026-08-09,2026-08-11 22:58:00
3150,698,Pooja Iyer,Webcam,2,5000,Completed,2026-03-29,2026-03-30 13:28:00
3151,1399,Vikram Singh,Power Bank,3,2200,Pending,2026-08-16,2026-08-18 09:14:00
3152,1224,Ajay Reddy,USB Hub,5,1800,Cancelled,2026-05-15,2026-05-16 11:11:00
3153,1309,Pooja Iyer,Smart Watch,5,7500,Pending,2026-04-26,2026-04-27 20:37:00
3154,1232,Ajay Reddy,Headphones,5,4500,Completed,2026-05-20,2026-05-21 10:47:00
3155,1144,Rohit Verma,Keyboard,4,2500,Completed,2026-04-01,2026-04-03 16:53:00
3156,1264,Vikram Singh,Printer,5,12000,Pending,2026-08-03,2026-08-03 21:42:00
3157,1424,Manoj Rao,USB Hub,3,1800,Completed,2026-04-07,2026-04-09 02:51:00
3158,1148,Ajay Reddy,Mouse,4,1200,Completed,2026-06-05,2026-06-05 07:48:00
3159,878,Pooja Iyer,USB Hub,1,1800,Completed,2026-03-19,2026-03-21 03:17:00
3160,974,Ananya Das,Laptop,5,65000,Completed,2026-05-16,2026-05-18 05:04:00
3161,675,Meera Nair,RAM,1,4000,Completed,2026-08-13,2026-08-14 03:53:00
3162,1053,Ajay Reddy,Mouse,5,1200,Completed,2026-02-23,2026-02-23 14:44:00
3163,682,Pooja Iyer,Smart Watch,4,7500,Completed,2026-08-06,2026-08-07 16:34:00
3164,657,Vikram Singh,USB Hub,3,1800,Completed,2026-05-11,2026-05-13 14:40:00
3165,1490,Meera Nair,Headphones,4,4500,Completed,2026-04-07,2026-04-08 19:35:00
3166,948,Kiran Patel,Webcam,5,5000,Completed,2026-06-19,2026-06-19 15:17:00
3167,518,Rohit Verma,Smart Watch,2,7500,Completed,2026-06-23,2026-06-24 11:50:00
3168,973,Rohit Verma,Mobile Phone,3,25000,Completed,2026-04-24,2026-04-27 00:17:00
3169,943,Divya Menon,Monitor,5,15000,Completed,2026-07-12,2026-07-14 14:17:00
3170,684,Ajay Reddy,Tablet,2,30000,Pending,2026-05-18,2026-05-18 18:09:00
3171,1392,Vikram Singh,Printer,1,12000,Completed,2026-08-22,2026-08-23 05:51:00
3172,642,Pooja Iyer,SSD,1,8000,Completed,2026-01-05,2026-01-06 11:13:00
3173,1336,Arjun Kumar,Power Bank,5,2200,Pending,2026-07-24,2026-07-26 01:52:00
3174,1320,Meera Nair,Printer,4,12000,Pending,2026-08-11,2026-08-13 10:48:00
3175,1028,Rahul Sharma,Printer,1,12000,Completed,2026-01-30,2026-01-31 00:06:00
3176,625,Sneha Rao,RAM,2,4000,Completed,2026-04-22,2026-04-24 17:23:00
3177,914,Manoj Rao,SSD,5,8000,Completed,2026-05-23,2026-05-25 18:49:00
3178,1202,Ananya Das,Tablet,3,30000,Completed,2026-08-30,2026-09-01 14:09:00
3179,911,Neha Singh,Mobile Phone,5,25000,Completed,2026-05-20,2026-05-20 12:26:00
3180,758,Rahul Sharma,Keyboard,3,2500,Completed,2026-05-05,2026-05-07 18:53:00
3181,1278,Ananya Das,USB Hub,3,1800,Pending,2026-04-13,2026-04-13 07:22:00
3182,540,Pooja Iyer,RAM,4,4000,Cancelled,2026-07-22,2026-07-24 04:38:00
3183,1473,Ananya Das,USB Hub,1,1800,Cancelled,2026-08-16,2026-08-18 01:47:00
3184,1416,Divya Menon,Headphones,4,4500,Cancelled,2026-03-12,2026-03-13 22:12:00
3185,918,Rahul Sharma,Power Bank,3,2200,Completed,2026-07-01,2026-07-01 10:21:00
3186,1189,Sneha Rao,SSD,1,8000,Completed,2026-04-22,2026-04-23 00:54:00
3187,1351,Suresh Kumar,RAM,4,4000,Completed,2026-07-27,2026-07-29 10:02:00
3188,531,Neha Singh,Mouse,4,1200,Cancelled,2026-05-04,2026-05-04 20:24:00
3189,1358,Neha Singh,Smart Watch,5,7500,Completed,2026-03-18,2026-03-18 02:59:00
3190,828,Arjun Kumar,Printer,2,12000,Completed,2026-06-24,2026-06-25 22:04:00
3191,1482,Rahul Sharma,Mouse,4,1200,Completed,2026-06-24,2026-06-24 15:10:00
3192,1144,Ananya Das,Webcam,3,5000,Completed,2026-07-15,2026-07-15 15:11:00
3193,1415,Rohit Verma,Tablet,5,30000,Completed,2026-05-25,2026-05-27 11:53:00
3194,624,Priya Reddy,Mobile Phone,2,25000,Completed,2026-03-24,2026-03-24 13:30:00
3195,1285,Neha Singh,Mouse,1,1200,Completed,2026-02-10,2026-02-10 23:39:00
3196,1377,Rohit Verma,Power Bank,4,2200,Completed,2026-07-21,2026-07-22 20:30:00
3197,1255,Kiran Patel,Mobile Phone,1,25000,Completed,2026-08-30,2026-08-30 14:20:00
3198,671,Kiran Patel,RAM,4,4000,Completed,2026-06-30,2026-07-01 10:28:00
3199,1036,Rahul Sharma,Laptop Bag,5,3500,Completed,2026-08-17,2026-08-17 12:09:00
3200,934,Kiran Patel,Printer,4,12000,Completed,2026-03-24,2026-03-26 03:54:00
3201,660,Arjun Kumar,Mouse,4,1200,Completed,2026-02-11,2026-02-13 17:21:00
3202,579,Suresh Kumar,USB Hub,2,1800,Pending,2026-06-09,2026-06-10 05:46:00
3203,1013,Neha Singh,Monitor,2,15000,Pending,2026-06-15,2026-06-15 18:35:00
3204,925,Pooja Iyer,Monitor,2,15000,Completed,2026-06-22,2026-06-24 20:26:00
3205,628,Priya Reddy,Laptop,4,65000,Completed,2026-03-13,2026-03-13 14:07:00
3206,963,Suresh Kumar,USB Hub,3,1800,Pending,2026-08-09,2026-08-10 10:25:00
3207,877,Meera Nair,Laptop,4,65000,Completed,2026-01-08,2026-01-08 21:47:00
3208,1022,Priya Reddy,USB Hub,5,1800,Completed,2026-01-02,2026-01-02 10:58:00
3209,972,Ajay Reddy,RAM,3,4000,Cancelled,2026-06-07,2026-06-08 06:44:00
3210,509,Rahul Sharma,Printer,1,12000,Pending,2026-01-17,2026-01-17 03:49:00
3211,582,Priya Reddy,Monitor,3,15000,Completed,2026-02-20,2026-02-22 01:56:00
3212,1057,Sneha Rao,Headphones,5,4500,Completed,2026-05-07,2026-05-07 03:19:00
3213,649,Vikram Singh,Webcam,5,5000,Completed,2026-02-20,2026-02-22 20:21:00
3214,707,Meera Nair,Mouse,2,1200,Pending,2026-03-15,2026-03-17 17:20:00
3215,959,Rohit Verma,Tablet,4,30000,Pending,2026-09-02,2026-09-02 04:09:00
3216,756,Suresh Kumar,Mouse,5,1200,Pending,2026-07-18,2026-07-20 13:36:00
3217,1290,Pooja Iyer,Printer,4,12000,Completed,2026-08-18,2026-08-18 18:06:00
3218,657,Vikram Singh,Smart Watch,4,7500,Pending,2026-01-02,2026-01-02 05:41:00
3219,1240,Divya Menon,Keyboard,1,2500,Completed,2026-08-22,2026-08-24 18:53:00
3220,1485,Neha Singh,USB Hub,4,1800,Completed,2026-06-28,2026-06-29 16:16:00
3221,527,Pooja Iyer,Tablet,4,30000,Completed,2026-01-11,2026-01-12 13:51:00
3222,574,Arjun Kumar,Laptop Bag,5,3500,Pending,2026-04-09,2026-04-10 23:40:00
3223,1243,Pooja Iyer,Webcam,4,5000,Completed,2026-03-23,2026-03-25 16:23:00
3224,612,Divya Menon,Printer,2,12000,Completed,2026-04-12,2026-04-12 20:32:00
3225,722,Neha Singh,Laptop Bag,3,3500,Completed,2026-06-02,2026-06-04 05:17:00
3226,1203,Rahul Sharma,Headphones,2,4500,Completed,2026-03-21,2026-03-23 22:58:00
3227,1104,Manoj Rao,Laptop Bag,4,3500,Pending,2026-02-25,2026-02-25 04:30:00
3228,932,Divya Menon,Monitor,3,15000,Completed,2026-01-14,2026-01-15 03:24:00
3229,867,Arjun Kumar,USB Hub,2,1800,Completed,2026-01-27,2026-01-29 13:18:00
3230,981,Suresh Kumar,Mouse,1,1200,Cancelled,2026-03-21,2026-03-22 05:25:00
3231,1088,Rohit Verma,Tablet,5,30000,Completed,2026-01-13,2026-01-14 11:40:00
3232,848,Neha Singh,Keyboard,5,2500,Completed,2026-05-10,2026-05-10 04:40:00
3233,546,Divya Menon,Keyboard,1,2500,Completed,2026-03-07,2026-03-07 14:54:00
3234,1181,Manoj Rao,Laptop Bag,2,3500,Pending,2026-01-25,2026-01-27 08:17:00
3235,670,Sneha Rao,Monitor,2,15000,Pending,2026-05-30,2026-05-30 01:14:00
3236,720,Ananya Das,USB Hub,2,1800,Completed,2026-08-09,2026-08-09 08:47:00
3237,541,Meera Nair,Headphones,1,4500,Completed,2026-02-22,2026-02-22 13:55:00
3238,1086,Suresh Kumar,SSD,3,8000,Completed,2026-04-13,2026-04-14 22:25:00
3239,1005,Priya Reddy,Printer,5,12000,Completed,2026-07-02,2026-07-02 04:03:00
3240,1178,Priya Reddy,Webcam,1,5000,Pending,2026-07-29,2026-07-30 20:02:00
3241,707,Kiran Patel,Keyboard,2,2500,Pending,2026-07-16,2026-07-18 18:39:00
3242,884,Rohit Verma,Mouse,2,1200,Pending,2026-04-11,2026-04-11 15:37:00
3243,752,Manoj Rao,Laptop,2,65000,Completed,2026-04-06,2026-04-07 09:28:00
3244,1191,Pooja Iyer,Webcam,1,5000,Completed,2026-08-24,2026-08-25 02:24:00
3245,746,Sneha Rao,Printer,3,12000,Completed,2026-05-22,2026-05-24 08:21:00
3246,939,Divya Menon,SSD,2,8000,Completed,2026-08-07,2026-08-08 07:25:00
3247,1418,Pooja Iyer,SSD,4,8000,Completed,2026-07-17,2026-07-18 18:01:00
3248,1202,Sneha Rao,Printer,4,12000,Completed,2026-04-25,2026-04-26 20:02:00
3249,1046,Kiran Patel,Monitor,1,15000,Completed,2026-06-25,2026-06-26 23:19:00
3250,808,Ajay Reddy,USB Hub,3,1800,Completed,2026-08-21,2026-08-23 02:32:00
3251,1465,Ananya Das,Webcam,1,5000,Completed,2026-08-21,2026-08-23 05:29:00
3252,612,Sneha Rao,Headphones,5,4500,Cancelled,2026-03-13,2026-03-14 09:33:00
3253,505,Divya Menon,USB Hub,1,1800,Cancelled,2026-06-29,2026-06-30 17:02:00
3254,1229,Manoj Rao,RAM,2,4000,Pending,2026-01-10,2026-01-11 17:31:00
3255,1160,Sneha Rao,Mouse,1,1200,Completed,2026-06-16,2026-06-16 10:06:00
3256,779,Manoj Rao,Keyboard,3,2500,Completed,2026-01-12,2026-01-13 19:05:00
3257,1242,Rohit Verma,Monitor,1,15000,Pending,2026-07-06,2026-07-06 07:44:00
3258,1253,Ananya Das,Laptop,5,65000,Completed,2026-08-27,2026-08-29 09:07:00
3259,1226,Rohit Verma,Keyboard,4,2500,Completed,2026-04-22,2026-04-23 01:54:00
3260,1433,Meera Nair,Mouse,2,1200,Completed,2026-06-20,2026-06-21 13:35:00
3261,625,Sneha Rao,SSD,3,8000,Completed,2026-07-27,2026-07-27 20:56:00
3262,1277,Priya Reddy,Printer,4,12000,Completed,2026-05-09,2026-05-09 12:31:00
3263,738,Rahul Sharma,Headphones,2,4500,Pending,2026-02-27,2026-02-27 18:07:00
3264,986,Meera Nair,Laptop,5,65000,Completed,2026-05-01,2026-05-01 03:59:00
3265,828,Ananya Das,RAM,3,4000,Completed,2026-08-21,2026-08-21 01:01:00
3266,1060,Ananya Das,Webcam,1,5000,Pending,2026-05-09,2026-05-11 23:38:00
3267,844,Meera Nair,Power Bank,5,2200,Completed,2026-02-13,2026-02-15 01:58:00
3268,852,Ananya Das,RAM,2,4000,Completed,2026-03-10,2026-03-11 05:49:00
3269,825,Vikram Singh,Mobile Phone,5,25000,Pending,2026-05-08,2026-05-09 00:27:00
3270,1308,Neha Singh,Printer,1,12000,Completed,2026-06-18,2026-06-19 01:42:00
3271,1172,Rahul Sharma,Power Bank,4,2200,Completed,2026-06-10,2026-06-10 14:09:00
3272,1241,Sneha Rao,Tablet,3,30000,Pending,2026-06-04,2026-06-06 22:52:00
3273,1005,Neha Singh,SSD,3,8000,Completed,2026-09-06,2026-09-06 12:24:00
3274,1039,Rahul Sharma,Mouse,2,1200,Cancelled,2026-06-09,2026-06-10 23:14:00
3275,595,Pooja Iyer,Laptop Bag,4,3500,Pending,2026-04-24,2026-04-25 13:24:00
3276,1471,Suresh Kumar,Mobile Phone,4,25000,Completed,2026-07-25,2026-07-26 23:57:00
3277,644,Pooja Iyer,Mobile Phone,5,25000,Completed,2026-08-13,2026-08-15 19:31:00
3278,551,Divya Menon,Mouse,3,1200,Cancelled,2026-03-17,2026-03-18 22:47:00
3279,653,Vikram Singh,Power Bank,3,2200,Completed,2026-06-24,2026-06-26 04:16:00
3280,857,Sneha Rao,Tablet,3,30000,Completed,2026-09-07,2026-09-07 14:42:00
3281,1337,Priya Reddy,Monitor,4,15000,Completed,2026-01-19,2026-01-21 04:41:00
3282,1454,Sneha Rao,RAM,5,4000,Completed,2026-09-03,2026-09-03 03:31:00
3283,1438,Rohit Verma,RAM,4,4000,Completed,2026-08-12,2026-08-13 05:26:00
3284,641,Divya Menon,Smart Watch,4,7500,Completed,2026-03-31,2026-04-01 00:15:00
3285,1330,Manoj Rao,RAM,2,4000,Pending,2026-01-25,2026-01-25 01:52:00
3286,1375,Ajay Reddy,Webcam,3,5000,Pending,2026-01-04,2026-01-04 07:20:00
3287,785,Vikram Singh,Headphones,4,4500,Completed,2026-02-23,2026-02-24 09:44:00
3288,981,Vikram Singh,RAM,4,4000,Completed,2026-03-05,2026-03-06 14:11:00
3289,1345,Neha Singh,Mouse,4,1200,Completed,2026-05-05,2026-05-07 13:52:00
3290,677,Arjun Kumar,Headphones,3,4500,Pending,2026-02-12,2026-02-12 18:45:00
3291,841,Rohit Verma,Power Bank,3,2200,Completed,2026-04-08,2026-04-11 00:33:00
3292,1275,Neha Singh,Keyboard,4,2500,Pending,2026-08-12,2026-08-14 06:06:00
3293,706,Meera Nair,Laptop Bag,3,3500,Pending,2026-06-16,2026-06-17 15:19:00
3294,978,Suresh Kumar,Headphones,3,4500,Completed,2026-01-11,2026-01-12 02:33:00
3295,1239,Sneha Rao,Laptop,2,65000,Pending,2026-05-07,2026-05-08 00:35:00
3296,1181,Sneha Rao,Mouse,5,1200,Completed,2026-02-14,2026-02-16 10:31:00
3297,1183,Kiran Patel,Mobile Phone,2,25000,Completed,2026-08-13,2026-08-14 17:22:00
3298,611,Neha Singh,Mouse,2,1200,Completed,2026-02-25,2026-02-27 10:26:00
3299,623,Rahul Sharma,Smart Watch,4,7500,Completed,2026-04-25,2026-04-27 03:41:00
3300,697,Meera Nair,Laptop Bag,4,3500,Completed,2026-02-02,2026-02-03 07:44:00
3301,1439,Vikram Singh,Monitor,3,15000,Completed,2026-08-03,2026-08-04 17:32:00
3302,1172,Pooja Iyer,SSD,2,8000,Completed,2026-07-11,2026-07-11 23:23:00
3303,1432,Priya Reddy,Mouse,3,1200,Completed,2026-08-30,2026-08-31 11:54:00
3304,832,Pooja Iyer,Mobile Phone,1,25000,Pending,2026-05-09,2026-05-09 04:11:00
3305,1314,Meera Nair,RAM,4,4000,Completed,2026-07-07,2026-07-09 12:51:00
3306,966,Meera Nair,SSD,5,8000,Completed,2026-06-14,2026-06-14 04:40:00
3307,1169,Priya Reddy,RAM,1,4000,Completed,2026-03-04,2026-03-04 06:35:00
3308,857,Neha Singh,USB Hub,4,1800,Completed,2026-03-07,2026-03-07 07:59:00
3309,1091,Kiran Patel,Smart Watch,1,7500,Completed,2026-09-02,2026-09-05 00:25:00
3310,777,Arjun Kumar,Smart Watch,4,7500,Cancelled,2026-07-22,2026-07-24 03:54:00
3311,890,Kiran Patel,Power Bank,4,2200,Completed,2026-04-24,2026-04-26 14:03:00
3312,1449,Suresh Kumar,RAM,1,4000,Completed,2026-06-13,2026-06-14 06:02:00
3313,629,Ajay Reddy,Mobile Phone,2,25000,Pending,2026-07-23,2026-07-25 18:43:00
3314,667,Rohit Verma,Laptop,3,65000,Cancelled,2026-05-05,2026-05-05 14:31:00
3315,925,Rohit Verma,Headphones,1,4500,Completed,2026-03-22,2026-03-23 14:05:00
3316,1482,Ajay Reddy,Keyboard,4,2500,Completed,2026-08-29,2026-08-30 14:34:00
3317,1305,Rohit Verma,Mouse,4,1200,Completed,2026-08-31,2026-08-31 17:18:00
3318,1030,Kiran Patel,SSD,4,8000,Cancelled,2026-07-23,2026-07-24 03:38:00
3319,554,Kiran Patel,SSD,4,8000,Completed,2026-03-15,2026-03-17 12:21:00
3320,1420,Pooja Iyer,Headphones,4,4500,Completed,2026-06-06,2026-06-08 13:37:00
3321,668,Meera Nair,Tablet,3,30000,Completed,2026-01-02,2026-01-03 06:33:00
3322,1495,Kiran Patel,RAM,5,4000,Completed,2026-07-14,2026-07-14 06:54:00
3323,1462,Manoj Rao,Laptop Bag,5,3500,Completed,2026-05-29,2026-05-31 03:03:00
3324,894,Vikram Singh,Monitor,1,15000,Completed,2026-03-03,2026-03-04 13:19:00
3325,911,Ananya Das,Mouse,2,1200,Completed,2026-01-30,2026-02-01 10:13:00
3326,1112,Rahul Sharma,Monitor,3,15000,Completed,2026-02-11,2026-02-13 16:18:00
3327,762,Rohit Verma,Headphones,4,4500,Completed,2026-02-03,2026-02-03 14:15:00
3328,1144,Neha Singh,Tablet,2,30000,Completed,2026-06-19,2026-06-20 09:06:00
3329,518,Priya Reddy,Mobile Phone,2,25000,Completed,2026-03-23,2026-03-24 12:42:00
3330,850,Kiran Patel,RAM,3,4000,Completed,2026-08-05,2026-08-05 23:14:00
3331,1326,Suresh Kumar,Laptop,2,65000,Cancelled,2026-05-06,2026-05-06 09:24:00
3332,828,Rohit Verma,SSD,2,8000,Completed,2026-06-20,2026-06-21 13:41:00
3333,606,Suresh Kumar,Monitor,2,15000,Completed,2026-02-01,2026-02-02 03:00:00
3334,712,Arjun Kumar,Laptop Bag,5,3500,Completed,2026-08-30,2026-08-31 04:15:00
3335,651,Kiran Patel,Headphones,3,4500,Completed,2026-07-17,2026-07-18 07:48:00
3336,939,Ajay Reddy,Webcam,2,5000,Completed,2026-02-27,2026-02-27 07:51:00
3337,1048,Vikram Singh,Mouse,4,1200,Completed,2026-04-25,2026-04-25 22:25:00
3338,919,Neha Singh,Keyboard,4,2500,Completed,2026-03-11,2026-03-13 04:10:00
3339,1030,Suresh Kumar,Tablet,1,30000,Completed,2026-06-26,2026-06-26 18:15:00
3340,1445,Manoj Rao,USB Hub,3,1800,Completed,2026-01-28,2026-01-30 00:46:00
3341,1247,Rahul Sharma,Keyboard,1,2500,Completed,2026-08-16,2026-08-18 04:43:00
3342,1122,Ajay Reddy,Monitor,3,15000,Pending,2026-03-12,2026-03-14 17:32:00
3343,587,Sneha Rao,Mobile Phone,5,25000,Completed,2026-05-25,2026-05-25 13:52:00
3344,781,Pooja Iyer,Smart Watch,1,7500,Completed,2026-02-15,2026-02-17 15:40:00
3345,677,Vikram Singh,Laptop,3,65000,Pending,2026-07-10,2026-07-11 18:38:00
3346,1216,Divya Menon,Printer,4,12000,Completed,2026-02-09,2026-02-10 04:03:00
3347,1495,Sneha Rao,Mouse,2,1200,Completed,2026-04-20,2026-04-21 21:53:00
3348,1392,Ananya Das,Keyboard,5,2500,Pending,2026-08-17,2026-08-18 21:48:00
3349,1011,Arjun Kumar,Power Bank,5,2200,Completed,2026-05-01,2026-05-01 12:07:00
3350,937,Ananya Das,Mobile Phone,3,25000,Completed,2026-07-23,2026-07-25 03:37:00
3351,541,Arjun Kumar,RAM,2,4000,Completed,2026-01-22,2026-01-23 15:57:00
3352,1378,Divya Menon,Power Bank,3,2200,Completed,2026-01-14,2026-01-16 18:29:00
3353,1007,Pooja Iyer,Monitor,1,15000,Completed,2026-07-19,2026-07-20 00:49:00
3354,662,Meera Nair,Webcam,2,5000,Completed,2026-07-08,2026-07-09 10:19:00
3355,1006,Ananya Das,Smart Watch,2,7500,Completed,2026-08-20,2026-08-22 09:34:00
3356,1337,Priya Reddy,Tablet,4,30000,Completed,2026-06-13,2026-06-15 03:45:00
3357,1286,Ajay Reddy,Mobile Phone,5,25000,Cancelled,2026-09-06,2026-09-08 14:49:00
3358,1384,Pooja Iyer,Headphones,4,4500,Pending,2026-04-09,2026-04-11 04:49:00
3359,1337,Suresh Kumar,RAM,3,4000,Completed,2026-05-27,2026-05-27 23:16:00
3360,1440,Pooja Iyer,Power Bank,3,2200,Completed,2026-02-21,2026-02-24 00:07:00
3361,668,Priya Reddy,Webcam,5,5000,Completed,2026-04-04,2026-04-05 13:27:00
3362,1012,Rohit Verma,USB Hub,4,1800,Completed,2026-03-19,2026-03-19 09:10:00
3363,1270,Priya Reddy,Headphones,4,4500,Cancelled,2026-05-05,2026-05-05 05:22:00
3364,1272,Neha Singh,RAM,2,4000,Pending,2026-02-11,2026-02-11 19:24:00
3365,1069,Arjun Kumar,Mouse,3,1200,Completed,2026-08-12,2026-08-13 23:27:00
3366,983,Kiran Patel,Smart Watch,1,7500,Pending,2026-02-25,2026-02-27 09:32:00
3367,695,Divya Menon,Keyboard,4,2500,Completed,2026-04-20,2026-04-20 22:15:00
3368,1253,Vikram Singh,Laptop,4,65000,Cancelled,2026-01-09,2026-01-11 10:00:00
3369,690,Rohit Verma,Monitor,5,15000,Completed,2026-08-09,2026-08-10 23:34:00
3370,859,Vikram Singh,Headphones,3,4500,Completed,2026-07-12,2026-07-14 11:38:00
3371,1154,Neha Singh,USB Hub,1,1800,Completed,2026-04-23,2026-04-25 14:16:00
3372,1408,Ananya Das,Keyboard,3,2500,Completed,2026-05-22,2026-05-23 07:43:00
3373,956,Sneha Rao,Webcam,3,5000,Completed,2026-09-04,2026-09-05 15:07:00
3374,633,Rahul Sharma,USB Hub,2,1800,Pending,2026-04-17,2026-04-19 20:49:00
3375,737,Priya Reddy,RAM,1,4000,Completed,2026-06-09,2026-06-10 16:57:00
3376,1074,Suresh Kumar,Monitor,1,15000,Completed,2026-06-23,2026-06-23 22:47:00
3377,733,Sneha Rao,Printer,5,12000,Completed,2026-06-28,2026-06-29 06:36:00
3378,1443,Ananya Das,Laptop,2,65000,Pending,2026-08-31,2026-09-01 21:18:00
3379,605,Manoj Rao,SSD,3,8000,Pending,2026-03-26,2026-03-28 05:31:00
3380,1154,Manoj Rao,Tablet,3,30000,Completed,2026-06-05,2026-06-06 12:07:00
3381,756,Ajay Reddy,Mobile Phone,5,25000,Completed,2026-01-08,2026-01-10 03:25:00
3382,1392,Rahul Sharma,Webcam,3,5000,Completed,2026-02-15,2026-02-15 11:14:00
3383,621,Manoj Rao,RAM,4,4000,Completed,2026-08-23,2026-08-24 21:55:00
3384,666,Divya Menon,Power Bank,3,2200,Completed,2026-05-21,2026-05-22 08:42:00
3385,1288,Sneha Rao,Tablet,3,30000,Pending,2026-06-15,2026-06-16 11:08:00
3386,1308,Arjun Kumar,Laptop Bag,5,3500,Completed,2026-02-28,2026-03-02 21:49:00
3387,1499,Suresh Kumar,Printer,5,12000,Completed,2026-08-17,2026-08-17 08:25:00
3388,729,Neha Singh,Keyboard,2,2500,Completed,2026-03-07,2026-03-09 15:43:00
3389,869,Ananya Das,Tablet,2,30000,Pending,2026-05-19,2026-05-21 04:05:00
3390,1205,Arjun Kumar,Printer,3,12000,Completed,2026-03-19,2026-03-21 21:03:00
3391,783,Vikram Singh,Mobile Phone,5,25000,Completed,2026-03-15,2026-03-17 00:01:00
3392,602,Rohit Verma,Monitor,2,15000,Completed,2026-03-23,2026-03-23 05:21:00
3393,1168,Rahul Sharma,Mouse,5,1200,Completed,2026-05-03,2026-05-04 15:51:00
3394,943,Ajay Reddy,Webcam,1,5000,Cancelled,2026-07-30,2026-08-01 18:48:00
3395,971,Meera Nair,Tablet,5,30000,Completed,2026-04-14,2026-04-14 17:52:00
3396,953,Pooja Iyer,Power Bank,4,2200,Completed,2026-07-19,2026-07-21 16:43:00
3397,1143,Sneha Rao,Tablet,5,30000,Completed,2026-01-30,2026-02-02 00:44:00
3398,718,Ananya Das,Laptop Bag,2,3500,Completed,2026-02-28,2026-03-01 10:23:00
3399,1354,Ajay Reddy,Laptop Bag,5,3500,Completed,2026-08-03,2026-08-03 09:17:00
3400,1097,Divya Menon,Keyboard,3,2500,Cancelled,2026-01-15,2026-01-16 07:34:00
3401,964,Divya Menon,Laptop Bag,5,3500,Completed,2026-08-06,2026-08-06 14:32:00
3402,1255,Rahul Sharma,Smart Watch,2,7500,Completed,2026-06-12,2026-06-14 12:50:00
3403,1035,Suresh Kumar,Keyboard,2,2500,Cancelled,2026-06-17,2026-06-17 05:01:00
3404,773,Neha Singh,RAM,1,4000,Completed,2026-08-13,2026-08-15 19:20:00
3405,716,Meera Nair,Keyboard,4,2500,Completed,2026-04-25,2026-04-25 08:47:00
3406,891,Ajay Reddy,Power Bank,1,2200,Completed,2026-02-18,2026-02-19 16:41:00
3407,1115,Pooja Iyer,Tablet,3,30000,Completed,2026-03-26,2026-03-27 02:38:00
3408,1377,Meera Nair,Laptop,2,65000,Completed,2026-08-07,2026-08-09 14:10:00
3409,1099,Arjun Kumar,Monitor,3,15000,Completed,2026-01-06,2026-01-07 06:39:00
3410,776,Ajay Reddy,USB Hub,3,1800,Completed,2026-02-09,2026-02-10 14:49:00
3411,1325,Rohit Verma,Laptop,5,65000,Completed,2026-03-11,2026-03-13 08:04:00
3412,1056,Priya Reddy,USB Hub,5,1800,Completed,2026-04-22,2026-04-22 09:09:00
3413,1391,Neha Singh,Laptop,5,65000,Completed,2026-07-30,2026-08-01 02:54:00
3414,1225,Suresh Kumar,Webcam,1,5000,Completed,2026-04-06,2026-04-07 10:04:00
3415,760,Ajay Reddy,Mouse,1,1200,Pending,2026-06-24,2026-06-26 12:03:00
3416,1155,Meera Nair,Mouse,3,1200,Completed,2026-03-08,2026-03-09 01:52:00
3417,539,Pooja Iyer,SSD,4,8000,Completed,2026-02-18,2026-02-20 20:32:00
3418,880,Rahul Sharma,Mobile Phone,5,25000,Completed,2026-03-28,2026-03-29 08:50:00
3419,732,Divya Menon,Webcam,2,5000,Completed,2026-05-28,2026-05-30 16:01:00
3420,536,Neha Singh,Laptop,3,65000,Completed,2026-02-01,2026-02-01 02:16:00
3421,919,Vikram Singh,Laptop,2,65000,Completed,2026-03-20,2026-03-21 03:13:00
3422,722,Manoj Rao,Tablet,4,30000,Completed,2026-02-19,2026-02-21 23:57:00
3423,799,Rahul Sharma,Headphones,1,4500,Pending,2026-04-25,2026-04-26 08:46:00
3424,1048,Suresh Kumar,RAM,2,4000,Completed,2026-08-10,2026-08-11 08:11:00
3425,638,Rohit Verma,RAM,4,4000,Completed,2026-08-29,2026-08-29 13:40:00
3426,750,Manoj Rao,Headphones,2,4500,Completed,2026-07-15,2026-07-16 08:41:00
3427,914,Priya Reddy,Tablet,3,30000,Completed,2026-03-15,2026-03-16 06:17:00
3428,1323,Kiran Patel,RAM,2,4000,Pending,2026-02-22,2026-02-23 11:01:00
3429,1340,Manoj Rao,Headphones,3,4500,Completed,2026-06-09,2026-06-11 03:55:00
3430,1324,Ajay Reddy,Mouse,3,1200,Cancelled,2026-02-24,2026-02-24 09:36:00
3431,1186,Rahul Sharma,Smart Watch,1,7500,Completed,2026-04-24,2026-04-25 07:11:00
3432,1131,Neha Singh,Monitor,4,15000,Completed,2026-01-27,2026-01-27 20:25:00
3433,1236,Divya Menon,Mouse,2,1200,Completed,2026-01-20,2026-01-21 17:46:00
3434,1352,Neha Singh,Webcam,3,5000,Completed,2026-03-29,2026-03-30 22:22:00
3435,1433,Priya Reddy,SSD,5,8000,Completed,2026-05-01,2026-05-02 13:41:00
3436,1134,Ajay Reddy,Mouse,5,1200,Completed,2026-03-13,2026-03-13 04:39:00
3437,644,Divya Menon,Headphones,4,4500,Completed,2026-03-26,2026-03-26 12:36:00
3438,1400,Pooja Iyer,Monitor,2,15000,Pending,2026-03-09,2026-03-11 20:20:00
3439,759,Ajay Reddy,Keyboard,2,2500,Cancelled,2026-07-14,2026-07-14 18:25:00
3440,1181,Ajay Reddy,Tablet,2,30000,Pending,2026-04-13,2026-04-14 14:46:00
3441,911,Ananya Das,SSD,3,8000,Completed,2026-03-15,2026-03-17 11:43:00
3442,877,Ajay Reddy,Power Bank,3,2200,Cancelled,2026-01-10,2026-01-11 18:37:00
3443,951,Meera Nair,SSD,2,8000,Completed,2026-04-27,2026-04-28 03:18:00
3444,1384,Arjun Kumar,Headphones,4,4500,Pending,2026-05-28,2026-05-29 11:32:00
3445,873,Manoj Rao,Mouse,3,1200,Completed,2026-03-27,2026-03-27 18:29:00
3446,1076,Kiran Patel,Smart Watch,5,7500,Pending,2026-01-12,2026-01-13 14:12:00
3447,1223,Divya Menon,Mobile Phone,3,25000,Cancelled,2026-03-01,2026-03-02 14:23:00
3448,1194,Manoj Rao,Smart Watch,3,7500,Completed,2026-07-12,2026-07-14 20:55:00
3449,649,Manoj Rao,Keyboard,4,2500,Pending,2026-01-02,2026-01-02 19:29:00
3450,916,Rohit Verma,RAM,4,4000,Completed,2026-06-24,2026-06-25 19:12:00
3451,1112,Neha Singh,Printer,3,12000,Pending,2026-08-07,2026-08-09 06:41:00
3452,637,Priya Reddy,Printer,4,12000,Completed,2026-01-09,2026-01-10 10:28:00
3453,788,Ajay Reddy,Mouse,3,1200,Completed,2026-07-01,2026-07-01 03:04:00
3454,805,Sneha Rao,Tablet,3,30000,Completed,2026-01-10,2026-01-11 00:21:00
3455,1193,Divya Menon,Webcam,2,5000,Completed,2026-08-05,2026-08-07 05:35:00
3456,655,Ananya Das,Headphones,3,4500,Completed,2026-06-17,2026-06-18 12:40:00
3457,1139,Rohit Verma,SSD,4,8000,Completed,2026-05-28,2026-05-30 17:07:00
3458,916,Ajay Reddy,Tablet,2,30000,Completed,2026-05-15,2026-05-17 12:02:00
3459,602,Manoj Rao,Tablet,4,30000,Completed,2026-02-08,2026-02-09 23:41:00
3460,1300,Sneha Rao,Headphones,2,4500,Pending,2026-05-07,2026-05-08 13:28:00
3461,966,Arjun Kumar,Tablet,4,30000,Completed,2026-08-16,2026-08-18 01:36:00
3462,1058,Suresh Kumar,Keyboard,3,2500,Pending,2026-02-08,2026-02-08 09:35:00
3463,705,Ajay Reddy,Tablet,2,30000,Completed,2026-08-22,2026-08-24 04:23:00
3464,1016,Rahul Sharma,Headphones,5,4500,Completed,2026-07-12,2026-07-14 10:04:00
3465,604,Priya Reddy,Webcam,2,5000,Completed,2026-01-18,2026-01-20 10:34:00
3466,1127,Manoj Rao,USB Hub,3,1800,Pending,2026-01-11,2026-01-13 16:09:00
3467,756,Rohit Verma,Printer,5,12000,Completed,2026-09-06,2026-09-07 17:12:00
3468,668,Sneha Rao,Laptop,3,65000,Pending,2026-06-06,2026-06-07 21:46:00
3469,703,Pooja Iyer,Headphones,5,4500,Completed,2026-04-03,2026-04-03 17:37:00
3470,1045,Manoj Rao,Printer,4,12000,Completed,2026-06-03,2026-06-05 09:41:00
3471,1028,Sneha Rao,Monitor,2,15000,Pending,2026-04-05,2026-04-06 00:11:00
3472,1470,Meera Nair,RAM,4,4000,Completed,2026-01-13,2026-01-15 23:26:00
3473,579,Rahul Sharma,RAM,1,4000,Completed,2026-03-10,2026-03-12 02:22:00
3474,663,Suresh Kumar,Keyboard,4,2500,Completed,2026-04-18,2026-04-19 17:34:00
3475,616,Divya Menon,Laptop,4,65000,Completed,2026-01-08,2026-01-09 23:22:00
3476,788,Ananya Das,USB Hub,1,1800,Pending,2026-04-05,2026-04-07 11:55:00
3477,1335,Vikram Singh,Headphones,3,4500,Pending,2026-04-07,2026-04-09 01:18:00
3478,1449,Rahul Sharma,RAM,2,4000,Pending,2026-04-24,2026-04-24 23:11:00
3479,1447,Ajay Reddy,Headphones,1,4500,Pending,2026-04-30,2026-05-02 11:12:00
3480,1277,Ajay Reddy,Mobile Phone,5,25000,Completed,2026-04-11,2026-04-13 03:33:00
3481,1492,Neha Singh,Tablet,5,30000,Pending,2026-04-14,2026-04-15 21:40:00
3482,1459,Ananya Das,Keyboard,3,2500,Completed,2026-06-04,2026-06-05 17:38:00
3483,1312,Meera Nair,Printer,1,12000,Completed,2026-04-06,2026-04-07 18:01:00
3484,1263,Manoj Rao,Mouse,1,1200,Completed,2026-05-12,2026-05-13 05:33:00
3485,893,Arjun Kumar,Power Bank,4,2200,Completed,2026-04-14,2026-04-16 19:15:00
3486,1453,Vikram Singh,Monitor,4,15000,Cancelled,2026-04-11,2026-04-12 12:06:00
3487,1491,Pooja Iyer,Laptop Bag,3,3500,Completed,2026-06-22,2026-06-24 21:31:00
3488,1275,Ananya Das,Printer,4,12000,Completed,2026-03-23,2026-03-25 09:28:00
3489,1292,Pooja Iyer,SSD,1,8000,Completed,2026-02-11,2026-02-12 15:50:00
3490,596,Rohit Verma,Smart Watch,2,7500,Completed,2026-04-26,2026-04-28 13:05:00
3491,1386,Kiran Patel,Monitor,2,15000,Completed,2026-07-01,2026-07-01 01:02:00
3492,1275,Neha Singh,RAM,3,4000,Completed,2026-01-11,2026-01-11 10:50:00
3493,648,Suresh Kumar,Tablet,2,30000,Cancelled,2026-03-27,2026-03-27 18:03:00
3494,735,Arjun Kumar,Laptop Bag,1,3500,Completed,2026-01-22,2026-01-24 13:35:00
3495,1157,Neha Singh,Smart Watch,2,7500,Completed,2026-08-05,2026-08-05 10:50:00
3496,543,Ananya Das,Printer,3,12000,Completed,2026-07-01,2026-07-01 01:54:00
3497,1123,Meera Nair,Laptop,3,65000,Completed,2026-07-09,2026-07-10 13:33:00
3498,542,Rohit Verma,USB Hub,3,1800,Completed,2026-02-28,2026-03-02 16:58:00
3499,935,Neha Singh,Smart Watch,3,7500,Completed,2026-03-28,2026-03-29 18:20:00
3500,1291,Neha Singh,USB Hub,4,1800,Completed,2026-07-27,2026-07-27 20:51:00
3501,1450,Divya Menon,USB Hub,2,1800,Cancelled,2026-02-06,2026-02-06 03:00:00
3502,801,Rohit Verma,Power Bank,2,2200,Completed,2026-06-04,2026-06-05 07:26:00
3503,1161,Vikram Singh,Printer,2,12000,Completed,2026-02-01,2026-02-02 02:18:00
3504,1064,Kiran Patel,Mouse,2,1200,Cancelled,2026-02-03,2026-02-03 09:41:00
3505,1422,Sneha Rao,RAM,2,4000,Completed,2026-05-26,2026-05-26 11:54:00
3506,705,Priya Reddy,Laptop Bag,1,3500,Completed,2026-02-04,2026-02-05 04:13:00
3507,541,Sneha Rao,Mobile Phone,5,25000,Pending,2026-03-07,2026-03-08 05:02:00
3508,821,Meera Nair,Laptop Bag,5,3500,Completed,2026-08-19,2026-08-20 00:04:00
3509,518,Suresh Kumar,Mobile Phone,5,25000,Completed,2026-03-01,2026-03-02 15:23:00
3510,1345,Pooja Iyer,Webcam,3,5000,Completed,2026-03-20,2026-03-22 06:52:00
3511,1209,Sneha Rao,RAM,1,4000,Completed,2026-08-25,2026-08-27 18:40:00
3512,687,Meera Nair,Laptop,1,65000,Completed,2026-06-05,2026-06-07 15:39:00
3513,848,Rahul Sharma,Laptop Bag,5,3500,Pending,2026-08-13,2026-08-13 03:21:00
3514,1317,Rohit Verma,Keyboard,5,2500,Cancelled,2026-01-08,2026-01-09 09:29:00
3515,725,Rahul Sharma,Mouse,5,1200,Completed,2026-07-20,2026-07-20 14:41:00
3516,1288,Rahul Sharma,SSD,2,8000,Completed,2026-06-12,2026-06-14 19:12:00
3517,978,Manoj Rao,Smart Watch,5,7500,Completed,2026-07-30,2026-07-31 01:31:00
3518,1157,Rohit Verma,Monitor,1,15000,Pending,2026-02-17,2026-02-18 04:30:00
3519,644,Meera Nair,Smart Watch,3,7500,Pending,2026-02-25,2026-02-26 06:43:00
3520,1315,Ajay Reddy,Power Bank,2,2200,Completed,2026-04-02,2026-04-02 04:25:00
3521,941,Neha Singh,Mouse,5,1200,Completed,2026-06-17,2026-06-17 22:51:00
3522,1018,Vikram Singh,Keyboard,1,2500,Completed,2026-06-27,2026-06-28 22:13:00
3523,529,Manoj Rao,Keyboard,4,2500,Completed,2026-02-06,2026-02-09 00:31:00
3524,1305,Divya Menon,Mouse,4,1200,Completed,2026-08-06,2026-08-08 20:34:00
3525,1459,Ajay Reddy,USB Hub,3,1800,Completed,2026-05-24,2026-05-24 01:37:00
3526,1002,Suresh Kumar,Smart Watch,2,7500,Pending,2026-04-20,2026-04-21 02:05:00
3527,769,Divya Menon,Webcam,1,5000,Pending,2026-03-20,2026-03-20 13:11:00
3528,1467,Divya Menon,Webcam,5,5000,Pending,2026-05-01,2026-05-02 15:08:00
3529,666,Meera Nair,Tablet,4,30000,Completed,2026-03-14,2026-03-14 23:31:00
3530,1021,Neha Singh,Printer,4,12000,Completed,2026-02-24,2026-02-24 19:36:00
3531,651,Priya Reddy,SSD,3,8000,Completed,2026-07-12,2026-07-14 13:56:00
3532,867,Rahul Sharma,RAM,3,4000,Completed,2026-06-19,2026-06-20 16:39:00
3533,1119,Rohit Verma,Laptop Bag,5,3500,Cancelled,2026-01-02,2026-01-03 21:44:00
3534,581,Neha Singh,Mobile Phone,2,25000,Completed,2026-01-19,2026-01-19 11:26:00
3535,1212,Kiran Patel,Smart Watch,3,7500,Completed,2026-02-12,2026-02-12 01:28:00
3536,1355,Priya Reddy,Printer,3,12000,Completed,2026-01-04,2026-01-05 23:48:00
3537,733,Neha Singh,Keyboard,2,2500,Cancelled,2026-03-17,2026-03-19 23:47:00
3538,1360,Priya Reddy,Printer,2,12000,Completed,2026-04-03,2026-04-03 07:43:00
3539,597,Rohit Verma,RAM,4,4000,Completed,2026-07-09,2026-07-11 03:29:00
3540,830,Arjun Kumar,Mobile Phone,1,25000,Completed,2026-04-30,2026-05-02 02:26:00
3541,1376,Rahul Sharma,Tablet,1,30000,Pending,2026-07-16,2026-07-16 07:40:00
3542,1105,Meera Nair,Tablet,3,30000,Completed,2026-07-13,2026-07-13 20:14:00
3543,638,Suresh Kumar,Tablet,2,30000,Completed,2026-06-04,2026-06-05 07:08:00
3544,1046,Meera Nair,Printer,2,12000,Completed,2026-08-24,2026-08-25 05:30:00
3545,1213,Divya Menon,Tablet,3,30000,Completed,2026-05-02,2026-05-02 19:28:00
3546,1467,Rahul Sharma,Laptop Bag,4,3500,Completed,2026-02-10,2026-02-11 08:50:00
3547,867,Kiran Patel,SSD,2,8000,Completed,2026-04-10,2026-04-11 09:08:00
3548,1291,Rohit Verma,Monitor,4,15000,Cancelled,2026-03-07,2026-03-09 17:30:00
3549,707,Neha Singh,USB Hub,4,1800,Pending,2026-09-06,2026-09-08 08:33:00
3550,1032,Ajay Reddy,Laptop Bag,1,3500,Completed,2026-06-28,2026-06-30 13:00:00
3551,717,Kiran Patel,Keyboard,5,2500,Completed,2026-06-06,2026-06-07 05:10:00
3552,727,Arjun Kumar,SSD,2,8000,Pending,2026-02-26,2026-02-28 19:54:00
3553,1144,Rohit Verma,Keyboard,3,2500,Completed,2026-04-07,2026-04-07 11:04:00
3554,703,Rahul Sharma,USB Hub,1,1800,Completed,2026-09-07,2026-09-08 05:56:00
3555,925,Vikram Singh,Laptop Bag,2,3500,Completed,2026-01-23,2026-01-25 19:36:00
3556,737,Priya Reddy,Headphones,5,4500,Completed,2026-06-06,2026-06-06 11:02:00
3557,578,Sneha Rao,Monitor,3,15000,Completed,2026-08-30,2026-09-01 07:34:00
3558,1310,Meera Nair,Laptop,3,65000,Cancelled,2026-07-18,2026-07-19 16:47:00
3559,714,Ananya Das,Tablet,4,30000,Cancelled,2026-05-10,2026-05-12 05:42:00
3560,1482,Meera Nair,Monitor,3,15000,Pending,2026-03-27,2026-03-27 06:22:00
3561,877,Ananya Das,RAM,1,4000,Completed,2026-04-11,2026-04-13 14:25:00
3562,1190,Sneha Rao,Power Bank,5,2200,Completed,2026-08-28,2026-08-31 00:19:00
3563,1185,Arjun Kumar,Smart Watch,5,7500,Pending,2026-07-07,2026-07-09 09:00:00
3564,1442,Sneha Rao,Mobile Phone,2,25000,Pending,2026-08-11,2026-08-13 00:29:00
3565,899,Ajay Reddy,SSD,2,8000,Completed,2026-05-12,2026-05-12 02:17:00
3566,665,Kiran Patel,Smart Watch,2,7500,Pending,2026-03-24,2026-03-26 11:05:00
3567,1133,Suresh Kumar,Printer,4,12000,Completed,2026-04-08,2026-04-09 18:11:00
3568,1020,Vikram Singh,Laptop Bag,5,3500,Completed,2026-05-27,2026-05-29 05:38:00
3569,1399,Rohit Verma,Laptop,4,65000,Completed,2026-03-15,2026-03-15 14:37:00
3570,1301,Sneha Rao,USB Hub,2,1800,Completed,2026-08-19,2026-08-21 06:14:00
3571,846,Arjun Kumar,Laptop Bag,1,3500,Completed,2026-06-01,2026-06-02 20:29:00
3572,817,Ananya Das,Smart Watch,4,7500,Completed,2026-08-01,2026-08-02 09:56:00
3573,787,Neha Singh,Mobile Phone,4,25000,Completed,2026-06-24,2026-06-24 23:17:00
3574,646,Neha Singh,Laptop Bag,5,3500,Completed,2026-04-07,2026-04-09 08:22:00
3575,1175,Meera Nair,SSD,1,8000,Completed,2026-08-24,2026-08-24 01:47:00
3576,737,Suresh Kumar,SSD,2,8000,Pending,2026-03-06,2026-03-06 18:32:00
3577,673,Meera Nair,Tablet,5,30000,Pending,2026-08-22,2026-08-22 05:00:00
3578,846,Sneha Rao,Laptop Bag,4,3500,Completed,2026-05-31,2026-06-02 19:46:00
3579,544,Divya Menon,USB Hub,1,1800,Completed,2026-07-22,2026-07-23 08:32:00
3580,537,Rohit Verma,Webcam,2,5000,Completed,2026-01-02,2026-01-04 06:56:00
3581,1196,Pooja Iyer,Smart Watch,3,7500,Completed,2026-02-24,2026-02-26 05:52:00
3582,794,Rohit Verma,Tablet,5,30000,Completed,2026-08-23,2026-08-24 21:41:00
3583,1298,Arjun Kumar,SSD,5,8000,Completed,2026-03-01,2026-03-02 03:08:00
3584,725,Ajay Reddy,USB Hub,2,1800,Completed,2026-06-12,2026-06-14 12:57:00
3585,799,Rahul Sharma,USB Hub,2,1800,Completed,2026-01-04,2026-01-06 17:35:00
3586,757,Arjun Kumar,Monitor,3,15000,Completed,2026-08-17,2026-08-17 01:38:00
3587,687,Ajay Reddy,Tablet,1,30000,Pending,2026-09-02,2026-09-02 15:07:00
3588,1299,Vikram Singh,Laptop,2,65000,Cancelled,2026-01-04,2026-01-05 09:28:00
3589,1344,Arjun Kumar,Mobile Phone,5,25000,Completed,2026-06-04,2026-06-06 02:51:00
3590,815,Rahul Sharma,Laptop,3,65000,Completed,2026-01-16,2026-01-16 09:58:00
3591,1468,Rahul Sharma,Printer,1,12000,Cancelled,2026-05-09,2026-05-10 00:26:00
3592,1336,Priya Reddy,Smart Watch,5,7500,Completed,2026-04-06,2026-04-07 08:52:00
3593,782,Meera Nair,Power Bank,5,2200,Pending,2026-05-17,2026-05-18 09:04:00
3594,1447,Rahul Sharma,Mobile Phone,4,25000,Completed,2026-05-31,2026-05-31 03:07:00
3595,1111,Ananya Das,Laptop Bag,1,3500,Pending,2026-06-23,2026-06-23 17:18:00
3596,645,Manoj Rao,Printer,4,12000,Cancelled,2026-05-08,2026-05-09 16:15:00
3597,527,Pooja Iyer,SSD,1,8000,Completed,2026-07-25,2026-07-27 16:01:00
3598,684,Neha Singh,Printer,1,12000,Cancelled,2026-03-27,2026-03-29 20:19:00
3599,1003,Vikram Singh,Webcam,3,5000,Completed,2026-02-09,2026-02-10 05:48:00
3600,841,Pooja Iyer,Mobile Phone,3,25000,Completed,2026-05-11,2026-05-13 06:28:00
3601,1076,Rahul Sharma,Smart Watch,4,7500,Completed,2026-01-07,2026-01-07 05:18:00
3602,594,Ananya Das,Power Bank,5,2200,Completed,2026-09-08,2026-09-10 23:12:00
3603,911,Manoj Rao,Tablet,4,30000,Completed,2026-01-02,2026-01-02 18:11:00
3604,819,Rohit Verma,USB Hub,5,1800,Completed,2026-06-17,2026-06-17 22:56:00
3605,841,Rahul Sharma,Printer,1,12000,Completed,2026-03-09,2026-03-12 00:45:00
3606,592,Priya Reddy,Headphones,5,4500,Cancelled,2026-04-06,2026-04-06 21:36:00
3607,1348,Sneha Rao,Mouse,5,1200,Completed,2026-02-02,2026-02-04 12:30:00
3608,1293,Manoj Rao,Keyboard,5,2500,Completed,2026-02-10,2026-02-12 11:44:00
3609,1089,Sneha Rao,SSD,3,8000,Completed,2026-06-18,2026-06-19 07:02:00
3610,1435,Kiran Patel,Monitor,4,15000,Completed,2026-05-23,2026-05-25 09:15:00
3611,1496,Neha Singh,Mobile Phone,1,25000,Completed,2026-08-13,2026-08-14 11:17:00
3612,1177,Sneha Rao,RAM,2,4000,Completed,2026-08-05,2026-08-06 07:51:00
3613,505,Rohit Verma,USB Hub,4,1800,Completed,2026-05-07,2026-05-08 12:44:00
3614,1093,Rahul Sharma,Mobile Phone,1,25000,Completed,2026-07-28,2026-07-29 15:23:00
3615,1222,Pooja Iyer,Tablet,2,30000,Cancelled,2026-04-23,2026-04-24 17:50:00
3616,917,Meera Nair,RAM,2,4000,Completed,2026-07-26,2026-07-27 07:57:00
3617,1420,Rahul Sharma,Tablet,1,30000,Cancelled,2026-08-24,2026-08-26 12:09:00
3618,1331,Neha Singh,Laptop,3,65000,Completed,2026-07-16,2026-07-16 21:34:00
3619,775,Meera Nair,Power Bank,4,2200,Pending,2026-04-20,2026-04-20 03:45:00
3620,895,Pooja Iyer,Mouse,4,1200,Completed,2026-04-15,2026-04-15 20:58:00
3621,635,Kiran Patel,Tablet,5,30000,Cancelled,2026-09-03,2026-09-05 22:26:00
3622,530,Kiran Patel,Mouse,2,1200,Completed,2026-03-04,2026-03-04 06:47:00
3623,985,Vikram Singh,Tablet,1,30000,Completed,2026-09-08,2026-09-10 17:47:00
3624,1487,Rahul Sharma,Laptop Bag,4,3500,Completed,2026-07-31,2026-07-31 08:40:00
3625,781,Rahul Sharma,Mouse,5,1200,Pending,2026-08-10,2026-08-12 04:30:00
3626,657,Ajay Reddy,Keyboard,3,2500,Pending,2026-07-01,2026-07-01 19:48:00
3627,1273,Ajay Reddy,Webcam,3,5000,Completed,2026-07-24,2026-07-25 11:37:00
3628,853,Rohit Verma,SSD,5,8000,Completed,2026-06-04,2026-06-05 23:18:00
3629,1104,Suresh Kumar,Laptop Bag,3,3500,Completed,2026-01-25,2026-01-26 14:21:00
3630,667,Manoj Rao,RAM,1,4000,Completed,2026-09-01,2026-09-01 01:58:00
3631,583,Kiran Patel,Power Bank,2,2200,Completed,2026-05-10,2026-05-11 01:14:00
3632,957,Priya Reddy,SSD,3,8000,Completed,2026-08-15,2026-08-15 16:40:00
3633,945,Priya Reddy,Mobile Phone,5,25000,Completed,2026-07-02,2026-07-02 07:39:00
3634,1332,Manoj Rao,RAM,5,4000,Completed,2026-02-25,2026-02-26 13:57:00
3635,697,Divya Menon,RAM,5,4000,Completed,2026-02-15,2026-02-15 10:27:00
3636,511,Kiran Patel,Smart Watch,3,7500,Completed,2026-03-16,2026-03-17 14:18:00
3637,639,Pooja Iyer,Headphones,4,4500,Completed,2026-01-23,2026-01-24 02:30:00
3638,923,Ajay Reddy,SSD,3,8000,Completed,2026-07-17,2026-07-19 01:56:00
3639,932,Divya Menon,Laptop,5,65000,Completed,2026-03-15,2026-03-17 07:18:00
3640,1036,Pooja Iyer,Printer,1,12000,Pending,2026-05-23,2026-05-23 08:26:00
3641,801,Arjun Kumar,Laptop,2,65000,Pending,2026-04-12,2026-04-13 11:36:00
3642,835,Divya Menon,SSD,5,8000,Completed,2026-01-27,2026-01-27 16:58:00
3643,584,Vikram Singh,Monitor,4,15000,Completed,2026-08-20,2026-08-21 01:10:00
3644,691,Sneha Rao,Printer,4,12000,Completed,2026-06-12,2026-06-12 19:09:00
3645,734,Neha Singh,Printer,3,12000,Completed,2026-06-22,2026-06-24 01:38:00
3646,501,Neha Singh,Power Bank,3,2200,Completed,2026-02-27,2026-02-28 04:35:00
3647,718,Ananya Das,Printer,5,12000,Completed,2026-01-21,2026-01-21 14:01:00
3648,662,Arjun Kumar,Keyboard,1,2500,Completed,2026-02-22,2026-02-23 19:53:00
3649,1196,Manoj Rao,Monitor,4,15000,Completed,2026-01-01,2026-01-02 05:10:00
3650,647,Arjun Kumar,Headphones,3,4500,Pending,2026-08-19,2026-08-21 00:03:00
3651,1113,Sneha Rao,Headphones,4,4500,Completed,2026-01-17,2026-01-17 20:55:00
3652,1004,Vikram Singh,Keyboard,3,2500,Pending,2026-01-18,2026-01-20 22:35:00
3653,1237,Meera Nair,Headphones,5,4500,Completed,2026-05-20,2026-05-20 17:27:00
3654,1250,Ananya Das,Power Bank,4,2200,Pending,2026-04-10,2026-04-12 09:56:00
3655,645,Vikram Singh,RAM,3,4000,Completed,2026-08-19,2026-08-19 03:33:00
3656,855,Divya Menon,Smart Watch,5,7500,Completed,2026-05-28,2026-05-29 12:20:00
3657,1220,Rohit Verma,Laptop Bag,1,3500,Completed,2026-05-24,2026-05-26 12:41:00
3658,878,Suresh Kumar,USB Hub,3,1800,Completed,2026-04-06,2026-04-07 00:22:00
3659,733,Vikram Singh,Smart Watch,5,7500,Pending,2026-06-11,2026-06-11 07:55:00
3660,1344,Ananya Das,Printer,5,12000,Cancelled,2026-02-19,2026-02-21 13:28:00
3661,801,Arjun Kumar,Monitor,1,15000,Completed,2026-04-18,2026-04-20 07:02:00
3662,823,Rahul Sharma,Webcam,5,5000,Cancelled,2026-01-15,2026-01-15 20:31:00
3663,1116,Manoj Rao,USB Hub,3,1800,Cancelled,2026-02-21,2026-02-23 11:14:00
3664,1206,Neha Singh,SSD,5,8000,Completed,2026-04-24,2026-04-26 07:58:00
3665,910,Sneha Rao,Printer,1,12000,Cancelled,2026-05-20,2026-05-22 05:59:00
3666,1235,Ajay Reddy,Smart Watch,5,7500,Completed,2026-08-15,2026-08-15 11:48:00
3667,956,Ajay Reddy,Headphones,5,4500,Completed,2026-05-18,2026-05-19 06:54:00
3668,1395,Vikram Singh,Smart Watch,1,7500,Completed,2026-06-20,2026-06-20 23:00:00
3669,1444,Priya Reddy,Monitor,4,15000,Pending,2026-07-05,2026-07-06 09:02:00
3670,916,Kiran Patel,Tablet,1,30000,Completed,2026-08-05,2026-08-06 17:20:00
3671,1081,Manoj Rao,RAM,3,4000,Completed,2026-08-07,2026-08-09 20:09:00
3672,1115,Ajay Reddy,Smart Watch,3,7500,Completed,2026-08-01,2026-08-02 21:22:00
3673,648,Meera Nair,Smart Watch,5,7500,Cancelled,2026-07-07,2026-07-07 14:02:00
3674,1046,Suresh Kumar,Webcam,5,5000,Completed,2026-01-31,2026-01-31 11:16:00
3675,558,Divya Menon,Headphones,2,4500,Completed,2026-03-22,2026-03-23 03:42:00
3676,652,Ajay Reddy,Mobile Phone,3,25000,Completed,2026-07-23,2026-07-24 22:12:00
3677,1127,Divya Menon,SSD,2,8000,Cancelled,2026-05-28,2026-05-29 04:46:00
3678,630,Pooja Iyer,SSD,2,8000,Completed,2026-06-21,2026-06-21 06:55:00
3679,1491,Suresh Kumar,Tablet,1,30000,Completed,2026-07-22,2026-07-23 06:22:00
3680,1262,Divya Menon,Printer,3,12000,Pending,2026-04-23,2026-04-23 10:05:00
3681,794,Suresh Kumar,Power Bank,1,2200,Completed,2026-02-01,2026-02-03 22:09:00
3682,679,Priya Reddy,SSD,5,8000,Completed,2026-03-04,2026-03-06 16:24:00
3683,786,Arjun Kumar,Laptop Bag,4,3500,Completed,2026-01-31,2026-02-01 15:33:00
3684,793,Arjun Kumar,Headphones,3,4500,Completed,2026-06-07,2026-06-09 15:09:00
3685,1248,Manoj Rao,Smart Watch,3,7500,Pending,2026-08-20,2026-08-20 18:48:00
3686,1150,Kiran Patel,SSD,3,8000,Cancelled,2026-05-03,2026-05-03 06:34:00
3687,701,Priya Reddy,USB Hub,5,1800,Completed,2026-07-01,2026-07-02 03:16:00
3688,1291,Rohit Verma,SSD,3,8000,Pending,2026-05-25,2026-05-26 07:54:00
3689,670,Meera Nair,Tablet,3,30000,Completed,2026-08-24,2026-08-24 09:31:00
3690,1209,Rahul Sharma,SSD,4,8000,Completed,2026-07-31,2026-08-02 21:46:00
3691,1350,Pooja Iyer,Power Bank,3,2200,Completed,2026-05-10,2026-05-12 12:49:00
3692,1152,Rahul Sharma,Laptop,2,65000,Pending,2026-05-19,2026-05-21 10:51:00
3693,575,Vikram Singh,Laptop,4,65000,Completed,2026-03-17,2026-03-18 23:28:00
3694,751,Ajay Reddy,Printer,1,12000,Pending,2026-07-10,2026-07-12 21:26:00
3695,623,Ajay Reddy,RAM,1,4000,Completed,2026-01-21,2026-01-23 07:15:00
3696,835,Manoj Rao,Monitor,1,15000,Completed,2026-07-29,2026-07-30 23:12:00
3697,906,Ajay Reddy,Laptop,5,65000,Pending,2026-08-04,2026-08-04 18:59:00
3698,1232,Rohit Verma,Mouse,2,1200,Pending,2026-02-25,2026-02-26 22:50:00
3699,855,Meera Nair,Keyboard,1,2500,Completed,2026-08-21,2026-08-22 05:29:00
3700,882,Divya Menon,Mouse,2,1200,Completed,2026-01-10,2026-01-10 16:56:00
3701,1167,Sneha Rao,Monitor,1,15000,Cancelled,2026-05-13,2026-05-13 10:43:00
3702,1458,Meera Nair,Printer,1,12000,Pending,2026-07-07,2026-07-09 15:21:00
3703,1310,Rohit Verma,Printer,1,12000,Completed,2026-03-20,2026-03-22 20:28:00
3704,646,Priya Reddy,RAM,3,4000,Completed,2026-09-07,2026-09-08 20:31:00
3705,1439,Rahul Sharma,Keyboard,2,2500,Completed,2026-05-29,2026-05-31 14:54:00
3706,971,Arjun Kumar,Keyboard,1,2500,Completed,2026-01-02,2026-01-04 23:41:00
3707,882,Suresh Kumar,Laptop,4,65000,Completed,2026-06-27,2026-06-28 18:13:00
3708,639,Manoj Rao,Keyboard,5,2500,Completed,2026-05-07,2026-05-08 15:02:00
3709,1069,Sneha Rao,Power Bank,3,2200,Completed,2026-08-14,2026-08-15 11:37:00
3710,541,Suresh Kumar,Webcam,2,5000,Completed,2026-07-25,2026-07-27 21:22:00
3711,1080,Divya Menon,Keyboard,1,2500,Cancelled,2026-02-11,2026-02-11 23:30:00
3712,936,Rahul Sharma,Monitor,4,15000,Completed,2026-06-01,2026-06-03 06:14:00
3713,602,Ananya Das,Webcam,5,5000,Completed,2026-01-26,2026-01-28 19:27:00
3714,1254,Divya Menon,RAM,3,4000,Completed,2026-06-28,2026-06-28 14:39:00
3715,868,Manoj Rao,Tablet,3,30000,Completed,2026-05-06,2026-05-09 00:24:00
3716,827,Rahul Sharma,SSD,5,8000,Completed,2026-05-22,2026-05-24 03:36:00
3717,842,Meera Nair,Monitor,1,15000,Completed,2026-07-11,2026-07-13 22:08:00
3718,1105,Suresh Kumar,Monitor,4,15000,Cancelled,2026-05-15,2026-05-16 05:20:00
3719,1394,Meera Nair,Monitor,2,15000,Completed,2026-08-18,2026-08-19 20:28:00
3720,999,Suresh Kumar,Tablet,5,30000,Completed,2026-04-26,2026-04-26 18:43:00
3721,1333,Meera Nair,Smart Watch,5,7500,Pending,2026-07-31,2026-08-01 05:54:00
3722,1280,Manoj Rao,Laptop Bag,3,3500,Pending,2026-07-19,2026-07-19 11:04:00
3723,686,Ajay Reddy,Printer,1,12000,Cancelled,2026-07-08,2026-07-08 20:53:00
3724,1127,Arjun Kumar,Power Bank,3,2200,Cancelled,2026-08-15,2026-08-16 10:06:00
3725,920,Manoj Rao,Webcam,4,5000,Pending,2026-08-17,2026-08-18 21:28:00
3726,701,Ajay Reddy,Smart Watch,5,7500,Completed,2026-08-27,2026-08-29 08:17:00
3727,1357,Rohit Verma,Monitor,5,15000,Completed,2026-09-01,2026-09-03 06:39:00
3728,1244,Divya Menon,Mouse,3,1200,Cancelled,2026-05-17,2026-05-18 14:18:00
3729,1498,Rohit Verma,Headphones,3,4500,Completed,2026-02-22,2026-02-22 03:39:00
3730,1197,Rahul Sharma,RAM,1,4000,Completed,2026-05-07,2026-05-08 12:42:00
3731,1299,Rahul Sharma,Laptop,1,65000,Cancelled,2026-02-16,2026-02-18 04:36:00
3732,1015,Priya Reddy,Smart Watch,1,7500,Cancelled,2026-03-27,2026-03-29 14:18:00
3733,922,Rahul Sharma,Tablet,4,30000,Cancelled,2026-01-22,2026-01-24 10:37:00
3734,1002,Vikram Singh,Headphones,4,4500,Completed,2026-07-05,2026-07-07 06:15:00
3735,1453,Vikram Singh,Headphones,5,4500,Completed,2026-06-21,2026-06-23 22:08:00
3736,1116,Arjun Kumar,Mouse,4,1200,Pending,2026-01-01,2026-01-01 01:46:00
3737,642,Arjun Kumar,USB Hub,3,1800,Cancelled,2026-04-16,2026-04-17 15:25:00
3738,782,Priya Reddy,Mouse,2,1200,Completed,2026-03-15,2026-03-15 18:10:00
3739,1295,Suresh Kumar,Headphones,4,4500,Pending,2026-04-02,2026-04-04 05:08:00
3740,824,Sneha Rao,Power Bank,4,2200,Completed,2026-02-23,2026-02-23 20:15:00
3741,1260,Vikram Singh,RAM,1,4000,Pending,2026-02-19,2026-02-21 04:19:00
3742,615,Ajay Reddy,Tablet,1,30000,Completed,2026-04-17,2026-04-17 06:51:00
3743,962,Kiran Patel,Mouse,2,1200,Completed,2026-05-08,2026-05-09 01:03:00
3744,1039,Rohit Verma,SSD,2,8000,Completed,2026-01-15,2026-01-16 18:48:00
3745,779,Rohit Verma,Tablet,5,30000,Completed,2026-05-25,2026-05-26 15:16:00
3746,628,Suresh Kumar,Laptop,2,65000,Pending,2026-05-28,2026-05-30 02:38:00
3747,1316,Sneha Rao,Mouse,1,1200,Completed,2026-07-13,2026-07-13 05:48:00
3748,1001,Divya Menon,Laptop,3,65000,Completed,2026-03-15,2026-03-17 06:20:00
3749,1020,Meera Nair,Laptop,5,65000,Completed,2026-05-13,2026-05-15 06:18:00
3750,768,Rohit Verma,Keyboard,4,2500,Pending,2026-04-18,2026-04-18 06:40:00
3751,799,Arjun Kumar,Smart Watch,1,7500,Pending,2026-08-31,2026-09-02 08:25:00
3752,630,Ananya Das,Mobile Phone,3,25000,Completed,2026-06-09,2026-06-11 18:44:00
3753,1431,Ananya Das,Power Bank,4,2200,Pending,2026-08-02,2026-08-04 17:15:00
3754,1421,Sneha Rao,Mouse,4,1200,Cancelled,2026-03-25,2026-03-26 07:55:00
3755,573,Vikram Singh,Headphones,3,4500,Completed,2026-08-19,2026-08-21 07:36:00
3756,1307,Rahul Sharma,Mouse,1,1200,Completed,2026-01-05,2026-01-07 17:19:00
3757,1345,Kiran Patel,Keyboard,1,2500,Completed,2026-04-29,2026-05-02 00:03:00
3758,646,Meera Nair,Tablet,2,30000,Pending,2026-03-21,2026-03-23 07:02:00
3759,1268,Sneha Rao,Laptop,5,65000,Completed,2026-08-12,2026-08-13 03:30:00
3760,661,Rahul Sharma,Mouse,5,1200,Pending,2026-03-27,2026-03-28 16:29:00
3761,1042,Kiran Patel,Laptop,4,65000,Cancelled,2026-01-17,2026-01-19 12:30:00
3762,1083,Suresh Kumar,Power Bank,1,2200,Completed,2026-04-30,2026-05-02 01:43:00
3763,942,Sneha Rao,RAM,2,4000,Completed,2026-02-15,2026-02-15 22:03:00
3764,527,Neha Singh,Power Bank,2,2200,Pending,2026-07-04,2026-07-06 10:09:00
3765,1154,Rahul Sharma,SSD,1,8000,Completed,2026-06-09,2026-06-09 20:46:00
3766,1099,Vikram Singh,Tablet,5,30000,Completed,2026-09-02,2026-09-04 01:38:00
3767,564,Vikram Singh,Laptop Bag,1,3500,Pending,2026-03-08,2026-03-09 07:52:00
3768,1476,Ajay Reddy,Smart Watch,4,7500,Completed,2026-05-13,2026-05-14 07:41:00
3769,1444,Pooja Iyer,Laptop,1,65000,Cancelled,2026-05-19,2026-05-20 11:55:00
3770,1316,Sneha Rao,Mouse,2,1200,Pending,2026-07-18,2026-07-18 09:26:00
3771,1228,Sneha Rao,Laptop,1,65000,Completed,2026-03-18,2026-03-18 05:06:00
3772,884,Pooja Iyer,Tablet,2,30000,Pending,2026-01-15,2026-01-17 03:04:00
3773,994,Ananya Das,Monitor,3,15000,Completed,2026-08-04,2026-08-05 20:07:00
3774,996,Ajay Reddy,Laptop Bag,2,3500,Completed,2026-09-02,2026-09-04 04:17:00
3775,769,Rahul Sharma,Smart Watch,5,7500,Pending,2026-07-20,2026-07-22 17:44:00
3776,708,Meera Nair,USB Hub,2,1800,Completed,2026-03-05,2026-03-06 19:20:00
3777,1383,Suresh Kumar,RAM,1,4000,Completed,2026-07-21,2026-07-22 09:56:00
3778,602,Meera Nair,RAM,1,4000,Completed,2026-07-01,2026-07-02 18:06:00
3779,1183,Ananya Das,USB Hub,4,1800,Completed,2026-09-02,2026-09-03 11:26:00
3780,1477,Ananya Das,USB Hub,2,1800,Completed,2026-01-02,2026-01-02 23:49:00
3781,529,Rohit Verma,SSD,3,8000,Completed,2026-02-03,2026-02-03 16:17:00
3782,1044,Arjun Kumar,Keyboard,2,2500,Completed,2026-06-29,2026-06-30 21:04:00
3783,803,Sneha Rao,Mouse,4,1200,Pending,2026-03-22,2026-03-23 08:46:00
3784,1327,Ananya Das,SSD,1,8000,Completed,2026-02-13,2026-02-15 16:08:00
3785,686,Neha Singh,Printer,3,12000,Completed,2026-01-10,2026-01-10 22:51:00
3786,649,Rahul Sharma,Webcam,1,5000,Cancelled,2026-01-17,2026-01-18 20:56:00
3787,1206,Sneha Rao,Monitor,3,15000,Completed,2026-07-04,2026-07-06 09:59:00
3788,525,Priya Reddy,RAM,5,4000,Completed,2026-03-04,2026-03-04 09:02:00
3789,682,Manoj Rao,SSD,5,8000,Completed,2026-07-20,2026-07-21 18:55:00
3790,1095,Rohit Verma,RAM,1,4000,Cancelled,2026-08-11,2026-08-11 18:15:00
3791,660,Rohit Verma,Power Bank,2,2200,Completed,2026-01-27,2026-01-28 14:39:00
3792,1208,Ajay Reddy,Laptop Bag,2,3500,Completed,2026-09-08,2026-09-10 07:50:00
3793,775,Priya Reddy,Tablet,5,30000,Completed,2026-03-24,2026-03-26 20:12:00
3794,1118,Divya Menon,Monitor,1,15000,Pending,2026-03-11,2026-03-12 10:52:00
3795,982,Rohit Verma,USB Hub,3,1800,Pending,2026-06-29,2026-07-01 17:18:00
3796,1499,Divya Menon,Printer,1,12000,Pending,2026-08-14,2026-08-14 13:01:00
3797,1291,Priya Reddy,Mobile Phone,2,25000,Completed,2026-08-07,2026-08-09 08:01:00
3798,1134,Sneha Rao,Laptop,5,65000,Completed,2026-02-25,2026-02-25 01:56:00
3799,1079,Divya Menon,Webcam,4,5000,Completed,2026-02-07,2026-02-08 13:13:00
3800,1426,Sneha Rao,Mouse,2,1200,Completed,2026-05-16,2026-05-18 21:28:00
3801,1318,Pooja Iyer,Smart Watch,3,7500,Pending,2026-06-04,2026-06-05 18:29:00
3802,1387,Neha Singh,Laptop Bag,5,3500,Cancelled,2026-05-28,2026-05-28 20:19:00
3803,1365,Suresh Kumar,Monitor,3,15000,Pending,2026-02-05,2026-02-06 00:09:00
3804,798,Vikram Singh,Tablet,5,30000,Completed,2026-02-12,2026-02-12 07:53:00
3805,1045,Vikram Singh,Keyboard,4,2500,Pending,2026-01-31,2026-02-02 16:04:00
3806,986,Divya Menon,Laptop,4,65000,Completed,2026-06-08,2026-06-08 10:14:00
3807,996,Sneha Rao,Power Bank,1,2200,Completed,2026-07-02,2026-07-03 13:20:00
3808,1441,Manoj Rao,Tablet,5,30000,Pending,2026-09-08,2026-09-08 18:39:00
3809,995,Kiran Patel,USB Hub,4,1800,Pending,2026-06-24,2026-06-26 16:14:00
3810,647,Meera Nair,Printer,3,12000,Pending,2026-03-21,2026-03-22 07:43:00
3811,511,Neha Singh,RAM,3,4000,Completed,2026-07-07,2026-07-08 04:54:00
3812,800,Neha Singh,Mouse,4,1200,Completed,2026-07-25,2026-07-25 02:41:00
3813,1432,Vikram Singh,Keyboard,5,2500,Completed,2026-05-27,2026-05-27 17:45:00
3814,1049,Arjun Kumar,Headphones,2,4500,Completed,2026-07-19,2026-07-19 01:45:00
3815,868,Priya Reddy,RAM,5,4000,Completed,2026-01-19,2026-01-19 19:06:00
3816,975,Ajay Reddy,Mobile Phone,1,25000,Completed,2026-08-27,2026-08-28 01:24:00
3817,660,Kiran Patel,Power Bank,1,2200,Cancelled,2026-04-26,2026-04-26 09:41:00
3818,1492,Neha Singh,Printer,3,12000,Pending,2026-05-20,2026-05-21 16:03:00
3819,847,Neha Singh,Printer,1,12000,Completed,2026-09-04,2026-09-06 21:04:00
3820,948,Pooja Iyer,Laptop Bag,1,3500,Completed,2026-05-23,2026-05-24 04:20:00
3821,1365,Priya Reddy,RAM,4,4000,Completed,2026-04-27,2026-04-29 23:44:00
3822,1348,Vikram Singh,Mouse,4,1200,Completed,2026-04-30,2026-04-30 23:08:00
3823,737,Ananya Das,Laptop Bag,1,3500,Completed,2026-02-13,2026-02-15 11:18:00
3824,1230,Neha Singh,Laptop Bag,4,3500,Completed,2026-04-12,2026-04-12 07:35:00
3825,894,Priya Reddy,Mobile Phone,4,25000,Completed,2026-07-29,2026-07-31 19:15:00
3826,565,Ajay Reddy,Tablet,3,30000,Completed,2026-05-30,2026-05-31 09:46:00
3827,992,Ananya Das,Mouse,3,1200,Completed,2026-01-16,2026-01-16 01:17:00
3828,1449,Ajay Reddy,Tablet,3,30000,Completed,2026-05-29,2026-05-30 19:46:00
3829,1107,Kiran Patel,Keyboard,2,2500,Completed,2026-02-24,2026-02-24 20:14:00
3830,589,Vikram Singh,Monitor,4,15000,Completed,2026-03-25,2026-03-26 12:10:00
3831,1144,Rahul Sharma,Printer,2,12000,Completed,2026-02-24,2026-02-25 14:59:00
3832,964,Neha Singh,SSD,4,8000,Completed,2026-05-11,2026-05-12 06:09:00
3833,1113,Sneha Rao,Power Bank,5,2200,Pending,2026-02-09,2026-02-09 15:52:00
3834,1469,Neha Singh,Printer,1,12000,Completed,2026-04-15,2026-04-15 20:51:00
3835,1087,Kiran Patel,Laptop,1,65000,Completed,2026-03-09,2026-03-12 00:51:00
3836,1409,Manoj Rao,Headphones,5,4500,Completed,2026-04-15,2026-04-16 02:35:00
3837,845,Meera Nair,Smart Watch,4,7500,Completed,2026-03-08,2026-03-09 06:24:00
3838,1467,Rohit Verma,Keyboard,4,2500,Completed,2026-07-11,2026-07-11 12:00:00
3839,840,Rahul Sharma,Mouse,5,1200,Completed,2026-08-14,2026-08-14 07:06:00
3840,844,Suresh Kumar,Laptop,1,65000,Completed,2026-04-21,2026-04-23 10:05:00
3841,725,Sneha Rao,Laptop,2,65000,Pending,2026-01-11,2026-01-13 21:52:00
3842,715,Neha Singh,Keyboard,2,2500,Completed,2026-02-20,2026-02-22 19:57:00
3843,1483,Kiran Patel,Smart Watch,2,7500,Pending,2026-08-01,2026-08-03 00:25:00
3844,691,Rohit Verma,Mobile Phone,3,25000,Completed,2026-07-13,2026-07-14 12:28:00
3845,1244,Suresh Kumar,Power Bank,4,2200,Pending,2026-08-13,2026-08-14 22:31:00
3846,1413,Priya Reddy,Mouse,4,1200,Completed,2026-06-29,2026-06-30 03:26:00
3847,1021,Ajay Reddy,Monitor,2,15000,Completed,2026-01-17,2026-01-19 09:37:00
3848,1029,Priya Reddy,Mobile Phone,1,25000,Completed,2026-01-10,2026-01-13 00:55:00
3849,725,Priya Reddy,Mouse,1,1200,Completed,2026-05-03,2026-05-05 22:57:00
3850,1130,Meera Nair,Laptop,4,65000,Completed,2026-01-21,2026-01-23 18:14:00
3851,958,Rohit Verma,Mouse,1,1200,Completed,2026-03-16,2026-03-17 03:21:00
3852,904,Neha Singh,Headphones,4,4500,Cancelled,2026-08-21,2026-08-22 19:08:00
3853,738,Manoj Rao,Mouse,1,1200,Completed,2026-08-15,2026-08-16 07:02:00
3854,920,Meera Nair,Headphones,4,4500,Completed,2026-08-08,2026-08-08 15:41:00
3855,605,Ajay Reddy,Mouse,5,1200,Pending,2026-02-16,2026-02-18 22:13:00
3856,922,Divya Menon,Keyboard,4,2500,Completed,2026-08-11,2026-08-13 14:07:00
3857,1089,Sneha Rao,Webcam,5,5000,Pending,2026-02-07,2026-02-07 10:59:00
3858,1458,Meera Nair,USB Hub,5,1800,Completed,2026-01-10,2026-01-10 22:36:00
3859,667,Suresh Kumar,USB Hub,4,1800,Completed,2026-01-07,2026-01-09 02:11:00
3860,1386,Ananya Das,Printer,5,12000,Pending,2026-09-08,2026-09-08 13:50:00
3861,741,Suresh Kumar,RAM,5,4000,Pending,2026-07-31,2026-07-31 07:29:00
3862,781,Rohit Verma,Printer,1,12000,Cancelled,2026-06-08,2026-06-08 14:26:00
3863,1489,Suresh Kumar,Keyboard,2,2500,Completed,2026-08-17,2026-08-18 07:11:00
3864,1294,Vikram Singh,Laptop,4,65000,Completed,2026-05-26,2026-05-26 03:37:00
3865,993,Meera Nair,Printer,3,12000,Completed,2026-05-06,2026-05-06 10:24:00
3866,849,Manoj Rao,USB Hub,2,1800,Completed,2026-02-28,2026-02-28 01:25:00
3867,1336,Vikram Singh,Monitor,1,15000,Completed,2026-02-15,2026-02-17 10:08:00
3868,926,Neha Singh,Mouse,2,1200,Completed,2026-08-23,2026-08-24 16:37:00
3869,1391,Pooja Iyer,SSD,3,8000,Pending,2026-03-30,2026-03-30 05:24:00
3870,1020,Kiran Patel,Webcam,4,5000,Cancelled,2026-06-16,2026-06-16 16:03:00
3871,1027,Kiran Patel,RAM,4,4000,Pending,2026-04-15,2026-04-17 14:24:00
3872,870,Priya Reddy,Webcam,3,5000,Pending,2026-04-14,2026-04-15 03:27:00
3873,603,Rohit Verma,Headphones,4,4500,Completed,2026-05-04,2026-05-04 04:50:00
3874,997,Meera Nair,Mobile Phone,4,25000,Completed,2026-09-05,2026-09-05 22:39:00
3875,1448,Divya Menon,Laptop,2,65000,Completed,2026-01-09,2026-01-11 17:46:00
3876,1484,Rahul Sharma,Mouse,5,1200,Pending,2026-01-02,2026-01-04 12:01:00
3877,1093,Manoj Rao,Laptop Bag,3,3500,Completed,2026-01-14,2026-01-15 15:53:00
3878,581,Priya Reddy,RAM,2,4000,Completed,2026-03-26,2026-03-28 12:13:00
3879,1397,Meera Nair,Printer,3,12000,Completed,2026-02-19,2026-02-20 09:56:00
3880,586,Suresh Kumar,Monitor,3,15000,Completed,2026-03-07,2026-03-09 09:22:00
3881,1368,Sneha Rao,Mobile Phone,4,25000,Completed,2026-04-25,2026-04-26 05:26:00
3882,1131,Kiran Patel,Power Bank,2,2200,Cancelled,2026-01-21,2026-01-21 02:19:00
3883,586,Neha Singh,Power Bank,5,2200,Completed,2026-08-21,2026-08-22 21:56:00
3884,1116,Manoj Rao,Mouse,1,1200,Completed,2026-01-02,2026-01-03 12:29:00
3885,1294,Ananya Das,Power Bank,3,2200,Cancelled,2026-08-02,2026-08-03 22:47:00
3886,1186,Manoj Rao,Smart Watch,5,7500,Completed,2026-06-01,2026-06-03 07:06:00
3887,1086,Divya Menon,Laptop Bag,3,3500,Completed,2026-03-31,2026-03-31 08:54:00
3888,901,Meera Nair,Headphones,4,4500,Completed,2026-01-29,2026-01-30 14:48:00
3889,1119,Vikram Singh,Printer,2,12000,Pending,2026-06-17,2026-06-19 11:26:00
3890,1027,Arjun Kumar,SSD,1,8000,Completed,2026-07-19,2026-07-19 03:59:00
3891,1393,Ananya Das,Mobile Phone,2,25000,Completed,2026-05-06,2026-05-08 10:51:00
3892,785,Suresh Kumar,Mobile Phone,3,25000,Completed,2026-08-17,2026-08-17 21:55:00
3893,1449,Manoj Rao,Smart Watch,4,7500,Pending,2026-07-02,2026-07-04 03:42:00
3894,1126,Pooja Iyer,Laptop Bag,5,3500,Completed,2026-08-12,2026-08-13 04:12:00
3895,1466,Rahul Sharma,Headphones,3,4500,Pending,2026-04-15,2026-04-15 07:47:00
3896,700,Neha Singh,Smart Watch,5,7500,Pending,2026-07-12,2026-07-14 11:54:00
3897,652,Arjun Kumar,Printer,3,12000,Pending,2026-04-10,2026-04-11 22:16:00
3898,1145,Neha Singh,Power Bank,1,2200,Completed,2026-04-28,2026-04-28 18:48:00
3899,719,Vikram Singh,Keyboard,3,2500,Completed,2026-08-14,2026-08-16 01:29:00
3900,1410,Rohit Verma,Mobile Phone,5,25000,Completed,2026-08-07,2026-08-08 08:13:00
3901,1276,Pooja Iyer,Power Bank,3,2200,Completed,2026-02-07,2026-02-08 09:56:00
3902,523,Vikram Singh,Monitor,2,15000,Completed,2026-04-24,2026-04-24 13:41:00
3903,1430,Ajay Reddy,USB Hub,4,1800,Completed,2026-01-08,2026-01-08 04:33:00
3904,1143,Ajay Reddy,USB Hub,3,1800,Completed,2026-04-14,2026-04-14 06:48:00
3905,1315,Kiran Patel,Webcam,4,5000,Completed,2026-07-31,2026-08-02 23:30:00
3906,760,Priya Reddy,Headphones,4,4500,Completed,2026-01-05,2026-01-05 14:18:00
3907,1326,Ajay Reddy,SSD,3,8000,Completed,2026-04-29,2026-04-30 16:58:00
3908,668,Kiran Patel,Keyboard,3,2500,Cancelled,2026-02-06,2026-02-07 09:01:00
3909,808,Sneha Rao,Tablet,1,30000,Pending,2026-04-06,2026-04-08 14:27:00
3910,1165,Suresh Kumar,Tablet,3,30000,Completed,2026-06-10,2026-06-11 21:42:00
3911,834,Kiran Patel,Headphones,2,4500,Completed,2026-06-26,2026-06-27 22:43:00
3912,918,Sneha Rao,Keyboard,5,2500,Completed,2026-02-22,2026-02-23 16:52:00
3913,1394,Neha Singh,Laptop Bag,1,3500,Pending,2026-04-04,2026-04-05 23:05:00
3914,1427,Ajay Reddy,Monitor,2,15000,Cancelled,2026-07-31,2026-07-31 14:33:00
3915,674,Divya Menon,Headphones,4,4500,Pending,2026-04-24,2026-04-26 03:39:00
3916,1441,Suresh Kumar,Keyboard,2,2500,Completed,2026-06-26,2026-06-27 17:20:00
3917,1076,Arjun Kumar,Printer,4,12000,Pending,2026-07-03,2026-07-05 02:52:00
3918,1303,Ananya Das,Laptop Bag,2,3500,Pending,2026-03-26,2026-03-28 06:12:00
3919,986,Sneha Rao,USB Hub,2,1800,Completed,2026-02-11,2026-02-13 06:46:00
3920,599,Manoj Rao,SSD,5,8000,Pending,2026-04-29,2026-05-01 08:40:00
3921,1369,Suresh Kumar,Monitor,2,15000,Completed,2026-01-09,2026-01-10 06:51:00
3922,1334,Ananya Das,Tablet,2,30000,Completed,2026-06-13,2026-06-14 01:26:00
3923,509,Ajay Reddy,Laptop Bag,3,3500,Pending,2026-03-28,2026-03-29 10:09:00
3924,1377,Arjun Kumar,Laptop,3,65000,Completed,2026-07-08,2026-07-10 01:38:00
3925,763,Kiran Patel,Mouse,5,1200,Completed,2026-01-27,2026-01-29 14:51:00
3926,1286,Pooja Iyer,USB Hub,5,1800,Completed,2026-07-20,2026-07-22 06:45:00
3927,1486,Ananya Das,Laptop,4,65000,Pending,2026-03-14,2026-03-14 11:58:00
3928,1206,Kiran Patel,Laptop Bag,2,3500,Completed,2026-03-06,2026-03-06 04:37:00
3929,691,Priya Reddy,SSD,3,8000,Completed,2026-03-05,2026-03-07 02:15:00
3930,807,Ananya Das,USB Hub,2,1800,Pending,2026-07-14,2026-07-15 03:14:00
3931,585,Kiran Patel,Smart Watch,5,7500,Completed,2026-05-08,2026-05-10 21:49:00
3932,1192,Vikram Singh,Monitor,5,15000,Completed,2026-07-12,2026-07-13 06:21:00
3933,824,Sneha Rao,Headphones,4,4500,Completed,2026-03-06,2026-03-07 02:07:00
3934,601,Pooja Iyer,Printer,2,12000,Completed,2026-06-13,2026-06-15 02:15:00
3935,1407,Neha Singh,RAM,4,4000,Completed,2026-03-23,2026-03-24 08:40:00
3936,736,Ananya Das,Tablet,3,30000,Completed,2026-01-15,2026-01-17 17:19:00
3937,675,Arjun Kumar,USB Hub,2,1800,Completed,2026-08-28,2026-08-29 05:20:00
3938,1029,Arjun Kumar,USB Hub,2,1800,Completed,2026-03-19,2026-03-20 21:09:00
3939,1171,Ajay Reddy,Printer,3,12000,Completed,2026-03-19,2026-03-21 05:30:00
3940,1166,Divya Menon,Laptop Bag,4,3500,Completed,2026-07-20,2026-07-22 19:03:00
3941,979,Pooja Iyer,Tablet,4,30000,Cancelled,2026-01-14,2026-01-16 21:33:00
3942,735,Priya Reddy,Printer,4,12000,Completed,2026-03-30,2026-03-30 14:41:00
3943,994,Priya Reddy,Printer,1,12000,Completed,2026-03-20,2026-03-21 12:25:00
3944,1435,Divya Menon,Smart Watch,4,7500,Completed,2026-04-18,2026-04-18 15:55:00
3945,1317,Pooja Iyer,Smart Watch,3,7500,Pending,2026-07-09,2026-07-10 09:31:00
3946,1065,Arjun Kumar,Printer,1,12000,Pending,2026-07-15,2026-07-16 08:42:00
3947,1441,Meera Nair,Mobile Phone,1,25000,Completed,2026-09-08,2026-09-09 18:35:00
3948,1137,Manoj Rao,Printer,4,12000,Completed,2026-02-27,2026-02-27 04:48:00
3949,1488,Arjun Kumar,Mobile Phone,1,25000,Completed,2026-04-20,2026-04-20 20:40:00
3950,1009,Sneha Rao,Laptop,2,65000,Completed,2026-07-05,2026-07-06 16:15:00
3951,1127,Kiran Patel,Monitor,3,15000,Pending,2026-02-18,2026-02-19 21:35:00
3952,746,Ajay Reddy,Keyboard,1,2500,Pending,2026-03-28,2026-03-30 02:53:00
3953,1080,Sneha Rao,SSD,3,8000,Pending,2026-03-25,2026-03-26 04:05:00
3954,1488,Priya Reddy,Mobile Phone,4,25000,Pending,2026-01-29,2026-01-30 16:57:00
3955,1270,Divya Menon,Webcam,4,5000,Pending,2026-08-28,2026-08-28 13:24:00
3956,678,Pooja Iyer,Keyboard,4,2500,Completed,2026-01-21,2026-01-21 17:47:00
3957,570,Arjun Kumar,Monitor,2,15000,Completed,2026-04-29,2026-04-29 19:56:00
3958,566,Arjun Kumar,Laptop,5,65000,Completed,2026-04-08,2026-04-08 08:59:00
3959,701,Suresh Kumar,Printer,2,12000,Completed,2026-01-28,2026-01-28 18:02:00
3960,654,Kiran Patel,Laptop,1,65000,Pending,2026-03-25,2026-03-26 03:34:00
3961,696,Sneha Rao,Mouse,1,1200,Completed,2026-04-15,2026-04-16 03:48:00
3962,1354,Arjun Kumar,Mouse,3,1200,Completed,2026-06-25,2026-06-25 21:32:00
3963,1090,Arjun Kumar,Webcam,3,5000,Completed,2026-04-03,2026-04-03 15:03:00
3964,1091,Kiran Patel,Tablet,3,30000,Completed,2026-03-15,2026-03-15 19:44:00
3965,1438,Ajay Reddy,RAM,5,4000,Cancelled,2026-05-14,2026-05-15 20:06:00
3966,1405,Ananya Das,Headphones,1,4500,Completed,2026-06-11,2026-06-13 18:01:00
3967,583,Kiran Patel,USB Hub,3,1800,Completed,2026-01-11,2026-01-11 19:24:00
3968,1255,Meera Nair,Printer,4,12000,Completed,2026-04-13,2026-04-15 16:26:00
3969,1292,Ajay Reddy,Mouse,5,1200,Completed,2026-04-18,2026-04-18 01:38:00
3970,857,Vikram Singh,Mouse,4,1200,Completed,2026-09-04,2026-09-06 11:07:00
3971,665,Suresh Kumar,Keyboard,4,2500,Pending,2026-06-16,2026-06-17 11:52:00
3972,637,Manoj Rao,Monitor,2,15000,Pending,2026-06-21,2026-06-21 15:31:00
3973,1166,Sneha Rao,USB Hub,3,1800,Completed,2026-07-08,2026-07-10 03:20:00
3974,699,Vikram Singh,Headphones,4,4500,Cancelled,2026-01-30,2026-01-30 07:09:00
3975,1044,Vikram Singh,Laptop,3,65000,Completed,2026-04-04,2026-04-04 23:39:00
3976,1206,Ajay Reddy,SSD,2,8000,Cancelled,2026-02-03,2026-02-05 17:53:00
3977,1014,Pooja Iyer,Keyboard,4,2500,Completed,2026-08-22,2026-08-24 13:10:00
3978,1494,Suresh Kumar,SSD,2,8000,Completed,2026-06-13,2026-06-16 00:13:00
3979,1357,Ananya Das,RAM,5,4000,Completed,2026-05-24,2026-05-25 03:26:00
3980,928,Ananya Das,SSD,4,8000,Cancelled,2026-02-05,2026-02-06 02:01:00
3981,1056,Pooja Iyer,Printer,4,12000,Completed,2026-03-11,2026-03-13 10:47:00
3982,673,Arjun Kumar,Headphones,4,4500,Completed,2026-07-30,2026-07-31 23:27:00
3983,1478,Arjun Kumar,Webcam,4,5000,Completed,2026-04-28,2026-04-30 05:52:00
3984,1239,Suresh Kumar,RAM,1,4000,Completed,2026-03-14,2026-03-15 05:09:00
3985,1391,Sneha Rao,Printer,2,12000,Completed,2026-05-29,2026-05-31 01:36:00
3986,1028,Vikram Singh,Monitor,2,15000,Completed,2026-08-01,2026-08-01 13:06:00
3987,715,Pooja Iyer,Mouse,2,1200,Pending,2026-08-08,2026-08-10 15:08:00
3988,1466,Vikram Singh,RAM,4,4000,Completed,2026-04-05,2026-04-05 11:12:00
3989,871,Ajay Reddy,Power Bank,1,2200,Completed,2026-07-30,2026-07-31 13:40:00
3990,1418,Kiran Patel,Laptop Bag,5,3500,Completed,2026-03-11,2026-03-12 07:42:00
3991,1237,Neha Singh,Tablet,4,30000,Pending,2026-05-02,2026-05-03 19:35:00
3992,560,Ajay Reddy,Power Bank,2,2200,Pending,2026-06-20,2026-06-20 12:43:00
3993,1323,Priya Reddy,Mobile Phone,5,25000,Completed,2026-05-14,2026-05-14 11:39:00
3994,790,Meera Nair,Power Bank,4,2200,Completed,2026-07-26,2026-07-28 02:51:00
3995,1290,Vikram Singh,Mobile Phone,1,25000,Completed,2026-05-08,2026-05-10 03:06:00
3996,1288,Manoj Rao,Laptop Bag,3,3500,Completed,2026-05-19,2026-05-21 19:36:00
3997,657,Pooja Iyer,RAM,3,4000,Completed,2026-03-20,2026-03-21 08:11:00
3998,898,Pooja Iyer,USB Hub,4,1800,Completed,2026-04-11,2026-04-12 03:02:00
3999,1311,Arjun Kumar,Webcam,5,5000,Pending,2026-01-01,2026-01-02 18:37:00
4000,1416,Divya Menon,Laptop Bag,5,3500,Pending,2026-01-25,2026-01-27 21:55:00
4001,992,Manoj Rao,Power Bank,5,2200,Completed,2026-07-04,2026-07-06 01:27:00
4002,875,Divya Menon,Laptop Bag,5,3500,Completed,2026-05-17,2026-05-18 18:51:00
4003,1027,Meera Nair,RAM,1,4000,Cancelled,2026-05-22,2026-05-22 20:28:00
4004,689,Ananya Das,Power Bank,1,2200,Completed,2026-03-03,2026-03-05 17:30:00
4005,616,Divya Menon,Mobile Phone,1,25000,Pending,2026-09-08,2026-09-08 14:31:00
4006,832,Neha Singh,Printer,1,12000,Pending,2026-02-05,2026-02-05 20:05:00
4007,1175,Kiran Patel,Mouse,1,1200,Completed,2026-01-16,2026-01-18 09:30:00
4008,960,Suresh Kumar,Power Bank,2,2200,Pending,2026-04-12,2026-04-13 20:12:00
4009,621,Kiran Patel,USB Hub,5,1800,Completed,2026-09-05,2026-09-06 19:26:00
4010,869,Divya Menon,Headphones,5,4500,Completed,2026-04-25,2026-04-27 17:56:00
4011,892,Suresh Kumar,Webcam,5,5000,Pending,2026-05-17,2026-05-19 04:44:00
4012,908,Sneha Rao,Tablet,1,30000,Pending,2026-06-07,2026-06-07 12:23:00
4013,887,Kiran Patel,Laptop,1,65000,Pending,2026-05-13,2026-05-13 15:09:00
4014,561,Rohit Verma,Mouse,4,1200,Cancelled,2026-06-15,2026-06-15 05:42:00
4015,616,Meera Nair,Keyboard,2,2500,Completed,2026-03-21,2026-03-21 22:45:00
4016,646,Rohit Verma,Laptop,3,65000,Completed,2026-02-15,2026-02-17 06:42:00
4017,1440,Pooja Iyer,Laptop Bag,4,3500,Cancelled,2026-08-10,2026-08-11 19:25:00
4018,1406,Kiran Patel,Smart Watch,1,7500,Completed,2026-07-18,2026-07-20 13:18:00
4019,1122,Divya Menon,Power Bank,2,2200,Completed,2026-02-24,2026-02-26 06:53:00
4020,790,Arjun Kumar,USB Hub,3,1800,Completed,2026-08-31,2026-08-31 13:21:00
4021,1260,Rohit Verma,Smart Watch,3,7500,Completed,2026-01-15,2026-01-16 15:11:00
4022,1116,Pooja Iyer,Power Bank,2,2200,Completed,2026-02-15,2026-02-16 13:24:00
4023,1381,Suresh Kumar,Tablet,3,30000,Completed,2026-08-25,2026-08-25 21:46:00
4024,672,Neha Singh,Mouse,3,1200,Completed,2026-04-29,2026-05-02 00:03:00
4025,1173,Arjun Kumar,Power Bank,1,2200,Pending,2026-07-09,2026-07-11 11:58:00
4026,810,Ananya Das,Laptop Bag,3,3500,Completed,2026-05-01,2026-05-01 19:55:00
4027,1426,Kiran Patel,Laptop Bag,5,3500,Completed,2026-05-18,2026-05-20 09:53:00
4028,741,Manoj Rao,Mobile Phone,4,25000,Cancelled,2026-02-08,2026-02-10 00:29:00
4029,810,Pooja Iyer,Monitor,3,15000,Completed,2026-08-12,2026-08-13 03:41:00
4030,1137,Ajay Reddy,Power Bank,1,2200,Completed,2026-02-14,2026-02-16 09:12:00
4031,565,Neha Singh,Webcam,4,5000,Pending,2026-04-26,2026-04-27 03:24:00
4032,1478,Divya Menon,USB Hub,2,1800,Completed,2026-01-20,2026-01-20 18:33:00
4033,804,Ananya Das,Printer,2,12000,Completed,2026-02-23,2026-02-26 00:26:00
4034,1291,Priya Reddy,Smart Watch,2,7500,Completed,2026-02-10,2026-02-12 03:44:00
4035,1308,Ananya Das,Headphones,5,4500,Cancelled,2026-04-09,2026-04-10 23:59:00
4036,1175,Ananya Das,Keyboard,4,2500,Completed,2026-04-09,2026-04-09 22:00:00
4037,1303,Neha Singh,Printer,2,12000,Completed,2026-08-15,2026-08-15 17:15:00
4038,704,Rahul Sharma,Tablet,1,30000,Completed,2026-08-29,2026-08-29 17:01:00
4039,654,Arjun Kumar,Power Bank,2,2200,Cancelled,2026-06-12,2026-06-14 12:54:00
4040,962,Ajay Reddy,Webcam,1,5000,Cancelled,2026-09-05,2026-09-07 21:09:00
4041,1023,Suresh Kumar,Headphones,1,4500,Completed,2026-02-10,2026-02-11 12:04:00
4042,797,Ajay Reddy,Laptop,5,65000,Completed,2026-05-15,2026-05-17 15:07:00
4043,766,Suresh Kumar,Keyboard,1,2500,Completed,2026-02-26,2026-02-27 06:47:00
4044,1076,Sneha Rao,Printer,4,12000,Completed,2026-06-10,2026-06-11 15:02:00
4045,1074,Arjun Kumar,RAM,2,4000,Completed,2026-05-18,2026-05-18 18:18:00
4046,1160,Meera Nair,Printer,4,12000,Pending,2026-05-04,2026-05-06 20:53:00
4047,648,Suresh Kumar,Laptop,4,65000,Completed,2026-02-15,2026-02-16 08:03:00
4048,1090,Suresh Kumar,Laptop Bag,1,3500,Pending,2026-03-04,2026-03-05 13:12:00
4049,905,Rohit Verma,Tablet,4,30000,Completed,2026-04-07,2026-04-08 00:59:00
4050,1345,Rahul Sharma,Mobile Phone,1,25000,Completed,2026-06-03,2026-06-03 20:25:00
4051,517,Manoj Rao,Tablet,1,30000,Completed,2026-01-22,2026-01-23 12:47:00
4052,1201,Rohit Verma,Webcam,5,5000,Cancelled,2026-08-13,2026-08-14 02:42:00
4053,645,Pooja Iyer,Smart Watch,1,7500,Pending,2026-01-30,2026-01-31 16:51:00
4054,545,Arjun Kumar,RAM,2,4000,Pending,2026-09-02,2026-09-02 18:01:00
4055,712,Vikram Singh,Keyboard,3,2500,Completed,2026-08-25,2026-08-25 23:35:00
4056,812,Pooja Iyer,Laptop Bag,5,3500,Completed,2026-05-14,2026-05-16 08:13:00
4057,1212,Vikram Singh,Mouse,2,1200,Completed,2026-03-25,2026-03-27 05:34:00
4058,765,Suresh Kumar,SSD,1,8000,Cancelled,2026-07-22,2026-07-23 22:01:00
4059,874,Suresh Kumar,Monitor,3,15000,Cancelled,2026-07-04,2026-07-04 08:47:00
4060,959,Arjun Kumar,Power Bank,3,2200,Completed,2026-04-14,2026-04-14 05:00:00
4061,504,Sneha Rao,RAM,5,4000,Completed,2026-05-07,2026-05-09 13:27:00
4062,1359,Priya Reddy,Laptop,5,65000,Pending,2026-07-24,2026-07-26 01:54:00
4063,1021,Sneha Rao,SSD,4,8000,Completed,2026-08-27,2026-08-29 22:59:00
4064,1376,Neha Singh,Power Bank,3,2200,Completed,2026-06-23,2026-06-23 07:46:00
4065,1372,Sneha Rao,Tablet,3,30000,Completed,2026-05-27,2026-05-29 22:33:00
4066,836,Priya Reddy,Smart Watch,5,7500,Completed,2026-07-27,2026-07-27 16:57:00
4067,956,Priya Reddy,Laptop Bag,1,3500,Completed,2026-01-24,2026-01-25 16:38:00
4068,1471,Neha Singh,Headphones,4,4500,Pending,2026-07-05,2026-07-06 18:01:00
4069,621,Vikram Singh,Laptop Bag,1,3500,Completed,2026-08-03,2026-08-03 07:29:00
4070,1153,Suresh Kumar,Printer,1,12000,Completed,2026-04-04,2026-04-07 00:16:00
4071,1457,Rahul Sharma,Webcam,5,5000,Pending,2026-06-08,2026-06-08 05:23:00
4072,964,Kiran Patel,SSD,5,8000,Completed,2026-03-23,2026-03-25 18:27:00
4073,1256,Divya Menon,Webcam,3,5000,Completed,2026-08-20,2026-08-21 03:35:00
4074,1107,Divya Menon,Power Bank,5,2200,Pending,2026-02-20,2026-02-21 19:56:00
4075,779,Ajay Reddy,USB Hub,3,1800,Completed,2026-04-17,2026-04-18 18:58:00
4076,687,Neha Singh,Laptop Bag,3,3500,Completed,2026-07-28,2026-07-28 13:49:00
4077,1068,Ananya Das,Printer,2,12000,Completed,2026-07-19,2026-07-21 02:41:00
4078,1142,Manoj Rao,Power Bank,5,2200,Completed,2026-06-07,2026-06-07 23:23:00
4079,1435,Rohit Verma,Smart Watch,2,7500,Completed,2026-07-23,2026-07-25 22:42:00
4080,1256,Meera Nair,SSD,4,8000,Pending,2026-01-19,2026-01-19 01:44:00
4081,1307,Vikram Singh,Smart Watch,3,7500,Completed,2026-03-17,2026-03-17 12:13:00
4082,644,Vikram Singh,Keyboard,2,2500,Completed,2026-04-23,2026-04-24 03:55:00
4083,1438,Ananya Das,Webcam,3,5000,Completed,2026-07-08,2026-07-08 03:18:00
4084,831,Vikram Singh,Headphones,1,4500,Completed,2026-01-09,2026-01-09 15:45:00
4085,550,Ananya Das,Tablet,5,30000,Pending,2026-08-24,2026-08-25 06:07:00
4086,890,Rahul Sharma,Tablet,1,30000,Completed,2026-03-08,2026-03-08 01:59:00
4087,715,Neha Singh,Laptop Bag,4,3500,Pending,2026-01-14,2026-01-16 19:19:00
4088,1271,Kiran Patel,Headphones,5,4500,Completed,2026-08-30,2026-08-31 00:04:00
4089,955,Kiran Patel,Smart Watch,5,7500,Pending,2026-02-12,2026-02-12 22:05:00
4090,713,Suresh Kumar,Laptop,5,65000,Completed,2026-06-08,2026-06-10 05:39:00
4091,1442,Pooja Iyer,Laptop,1,65000,Pending,2026-08-16,2026-08-16 15:00:00
4092,1322,Rahul Sharma,Tablet,5,30000,Completed,2026-01-29,2026-01-29 06:15:00
4093,1282,Vikram Singh,Tablet,1,30000,Cancelled,2026-03-28,2026-03-30 09:53:00
4094,866,Sneha Rao,Keyboard,2,2500,Completed,2026-01-01,2026-01-01 14:59:00
4095,1473,Pooja Iyer,Keyboard,5,2500,Completed,2026-05-09,2026-05-10 03:36:00
4096,1268,Vikram Singh,SSD,1,8000,Completed,2026-07-30,2026-08-01 17:54:00
4097,1342,Pooja Iyer,Tablet,1,30000,Pending,2026-04-19,2026-04-19 23:43:00
4098,789,Rohit Verma,Power Bank,3,2200,Completed,2026-05-20,2026-05-20 01:29:00
4099,896,Rohit Verma,Monitor,1,15000,Completed,2026-02-28,2026-03-02 01:15:00
4100,1153,Arjun Kumar,Headphones,2,4500,Pending,2026-09-05,2026-09-07 17:42:00
4101,1029,Pooja Iyer,Smart Watch,1,7500,Completed,2026-04-18,2026-04-20 01:12:00
4102,1337,Arjun Kumar,USB Hub,4,1800,Completed,2026-08-06,2026-08-08 19:56:00
4103,714,Priya Reddy,Keyboard,3,2500,Completed,2026-06-24,2026-06-25 14:33:00
4104,778,Ajay Reddy,SSD,2,8000,Completed,2026-04-18,2026-04-20 21:10:00
4105,1465,Arjun Kumar,Laptop Bag,1,3500,Completed,2026-05-29,2026-05-29 18:05:00
4106,790,Neha Singh,Mouse,5,1200,Completed,2026-04-09,2026-04-11 20:50:00
4107,846,Rahul Sharma,SSD,3,8000,Completed,2026-08-16,2026-08-19 00:06:00
4108,842,Vikram Singh,Headphones,4,4500,Pending,2026-04-09,2026-04-10 00:04:00
4109,735,Pooja Iyer,Mouse,4,1200,Completed,2026-01-16,2026-01-16 01:30:00
4110,929,Arjun Kumar,Keyboard,3,2500,Completed,2026-06-10,2026-06-11 06:31:00
4111,1093,Neha Singh,Power Bank,1,2200,Completed,2026-04-13,2026-04-13 17:53:00
4112,982,Neha Singh,RAM,2,4000,Completed,2026-07-30,2026-08-01 06:04:00
4113,616,Pooja Iyer,Laptop,1,65000,Completed,2026-01-30,2026-02-01 02:41:00
4114,552,Meera Nair,USB Hub,5,1800,Completed,2026-06-04,2026-06-04 19:59:00
4115,1152,Ananya Das,Webcam,5,5000,Completed,2026-07-11,2026-07-11 06:39:00
4116,659,Pooja Iyer,Keyboard,1,2500,Completed,2026-07-10,2026-07-11 22:32:00
4117,1030,Manoj Rao,Laptop,3,65000,Completed,2026-03-14,2026-03-16 17:31:00
4118,1149,Rahul Sharma,Laptop,5,65000,Completed,2026-05-19,2026-05-19 08:00:00
4119,1465,Ajay Reddy,Mobile Phone,3,25000,Completed,2026-05-23,2026-05-24 09:09:00
4120,1351,Manoj Rao,Printer,5,12000,Completed,2026-06-11,2026-06-11 09:02:00
4121,1403,Sneha Rao,Mouse,4,1200,Completed,2026-04-09,2026-04-10 04:21:00
4122,801,Suresh Kumar,Power Bank,5,2200,Completed,2026-05-13,2026-05-15 17:18:00
4123,675,Manoj Rao,Monitor,5,15000,Cancelled,2026-05-01,2026-05-03 12:27:00
4124,597,Rahul Sharma,Keyboard,4,2500,Completed,2026-02-21,2026-02-21 06:55:00
4125,1428,Kiran Patel,Tablet,4,30000,Completed,2026-03-01,2026-03-01 05:15:00
4126,886,Arjun Kumar,SSD,2,8000,Completed,2026-06-04,2026-06-04 10:12:00
4127,1178,Suresh Kumar,Mobile Phone,2,25000,Completed,2026-01-01,2026-01-02 02:22:00
4128,750,Neha Singh,Tablet,2,30000,Completed,2026-06-21,2026-06-22 04:49:00
4129,981,Neha Singh,SSD,1,8000,Completed,2026-04-18,2026-04-20 09:06:00
4130,1323,Suresh Kumar,Power Bank,5,2200,Completed,2026-05-31,2026-06-01 14:13:00
4131,637,Arjun Kumar,Mobile Phone,2,25000,Completed,2026-05-04,2026-05-05 10:10:00
4132,682,Neha Singh,Power Bank,1,2200,Completed,2026-05-11,2026-05-11 16:19:00
4133,1100,Ajay Reddy,USB Hub,5,1800,Completed,2026-02-11,2026-02-12 00:17:00
4134,811,Manoj Rao,Keyboard,1,2500,Cancelled,2026-05-02,2026-05-03 15:37:00
4135,1446,Meera Nair,Printer,1,12000,Completed,2026-04-15,2026-04-17 19:32:00
4136,1007,Vikram Singh,Mobile Phone,5,25000,Cancelled,2026-08-14,2026-08-16 14:14:00
4137,741,Vikram Singh,USB Hub,4,1800,Completed,2026-05-06,2026-05-07 03:28:00
4138,529,Vikram Singh,SSD,1,8000,Pending,2026-08-25,2026-08-27 01:15:00
4139,847,Ajay Reddy,RAM,5,4000,Completed,2026-06-09,2026-06-10 06:52:00
4140,579,Divya Menon,Mobile Phone,3,25000,Cancelled,2026-05-26,2026-05-28 07:26:00
4141,1476,Sneha Rao,Headphones,3,4500,Completed,2026-03-19,2026-03-21 15:46:00
4142,1024,Priya Reddy,Mobile Phone,3,25000,Completed,2026-08-29,2026-08-29 08:57:00
4143,828,Pooja Iyer,Webcam,4,5000,Completed,2026-03-18,2026-03-18 03:48:00
4144,621,Suresh Kumar,Mouse,1,1200,Cancelled,2026-08-24,2026-08-26 15:54:00
4145,878,Manoj Rao,Headphones,1,4500,Completed,2026-09-01,2026-09-02 06:30:00
4146,1382,Rahul Sharma,USB Hub,3,1800,Completed,2026-01-17,2026-01-17 11:25:00
4147,1122,Ajay Reddy,USB Hub,4,1800,Completed,2026-04-28,2026-04-30 13:43:00
4148,794,Rahul Sharma,Smart Watch,1,7500,Cancelled,2026-03-03,2026-03-04 22:27:00
4149,1370,Suresh Kumar,USB Hub,2,1800,Pending,2026-07-15,2026-07-17 23:06:00
4150,1193,Ajay Reddy,Laptop,4,65000,Cancelled,2026-06-27,2026-06-27 23:11:00
4151,679,Rohit Verma,RAM,4,4000,Completed,2026-08-18,2026-08-19 20:42:00
4152,1461,Manoj Rao,Printer,2,12000,Completed,2026-02-26,2026-02-27 15:59:00
4153,1403,Vikram Singh,Laptop,4,65000,Completed,2026-07-14,2026-07-14 15:45:00
4154,706,Meera Nair,Mouse,2,1200,Completed,2026-08-12,2026-08-13 02:05:00
4155,555,Ananya Das,Headphones,3,4500,Completed,2026-09-05,2026-09-07 05:55:00
4156,522,Kiran Patel,Tablet,2,30000,Completed,2026-08-05,2026-08-07 10:46:00
4157,722,Priya Reddy,Webcam,3,5000,Cancelled,2026-05-02,2026-05-03 13:45:00
4158,518,Neha Singh,RAM,3,4000,Completed,2026-03-28,2026-03-28 01:07:00
4159,1058,Rohit Verma,Mobile Phone,1,25000,Completed,2026-05-14,2026-05-14 05:05:00
4160,855,Manoj Rao,Smart Watch,3,7500,Completed,2026-08-19,2026-08-21 15:51:00
4161,813,Meera Nair,Printer,5,12000,Completed,2026-08-31,2026-08-31 04:15:00
4162,1220,Priya Reddy,Webcam,4,5000,Completed,2026-04-30,2026-04-30 14:55:00
4163,902,Ajay Reddy,SSD,3,8000,Completed,2026-09-04,2026-09-04 02:20:00
4164,632,Vikram Singh,Printer,1,12000,Pending,2026-05-15,2026-05-16 15:00:00
4165,727,Rahul Sharma,Keyboard,3,2500,Completed,2026-03-30,2026-04-01 11:02:00
4166,1291,Divya Menon,Mobile Phone,4,25000,Pending,2026-03-03,2026-03-05 14:08:00
4167,846,Vikram Singh,Power Bank,1,2200,Completed,2026-01-02,2026-01-04 20:11:00
4168,1248,Ajay Reddy,SSD,1,8000,Completed,2026-04-11,2026-04-11 23:53:00
4169,886,Sneha Rao,Laptop,3,65000,Completed,2026-01-27,2026-01-27 15:44:00
4170,1343,Arjun Kumar,SSD,5,8000,Completed,2026-08-08,2026-08-08 09:30:00
4171,1479,Suresh Kumar,Power Bank,4,2200,Completed,2026-08-27,2026-08-29 12:41:00
4172,1466,Arjun Kumar,Tablet,1,30000,Completed,2026-03-20,2026-03-21 23:15:00
4173,1133,Kiran Patel,Keyboard,5,2500,Pending,2026-04-06,2026-04-08 23:45:00
4174,794,Ajay Reddy,Printer,2,12000,Completed,2026-04-15,2026-04-15 21:30:00
4175,824,Arjun Kumar,Monitor,1,15000,Completed,2026-05-26,2026-05-28 15:23:00
4176,1204,Divya Menon,Power Bank,3,2200,Completed,2026-08-01,2026-08-03 19:04:00
4177,524,Sneha Rao,USB Hub,4,1800,Completed,2026-01-07,2026-01-08 00:31:00
4178,880,Vikram Singh,USB Hub,1,1800,Completed,2026-01-30,2026-02-01 14:24:00
4179,1253,Rohit Verma,Monitor,1,15000,Completed,2026-07-26,2026-07-28 21:04:00
4180,1148,Ananya Das,USB Hub,2,1800,Pending,2026-09-01,2026-09-03 02:53:00
4181,989,Suresh Kumar,SSD,3,8000,Pending,2026-06-15,2026-06-15 21:04:00
4182,505,Arjun Kumar,Printer,1,12000,Completed,2026-01-07,2026-01-08 00:36:00
4183,1490,Rohit Verma,Laptop,4,65000,Cancelled,2026-04-20,2026-04-22 09:29:00
4184,705,Neha Singh,Headphones,4,4500,Pending,2026-09-01,2026-09-01 06:56:00
4185,1341,Pooja Iyer,Laptop,3,65000,Pending,2026-07-21,2026-07-21 17:38:00
4186,1366,Manoj Rao,Headphones,5,4500,Completed,2026-01-11,2026-01-11 01:28:00
4187,878,Pooja Iyer,SSD,5,8000,Pending,2026-07-06,2026-07-08 05:48:00
4188,712,Suresh Kumar,Webcam,3,5000,Completed,2026-07-09,2026-07-10 14:21:00
4189,598,Pooja Iyer,Smart Watch,3,7500,Pending,2026-03-29,2026-03-30 08:44:00
4190,653,Rohit Verma,Headphones,4,4500,Completed,2026-02-09,2026-02-11 02:39:00
4191,1155,Pooja Iyer,Webcam,2,5000,Completed,2026-01-03,2026-01-05 13:49:00
4192,726,Suresh Kumar,Smart Watch,4,7500,Pending,2026-06-15,2026-06-16 12:54:00
4193,845,Rahul Sharma,USB Hub,4,1800,Completed,2026-08-15,2026-08-17 11:51:00
4194,1204,Sneha Rao,Webcam,4,5000,Completed,2026-03-27,2026-03-27 09:19:00
4195,521,Neha Singh,Smart Watch,5,7500,Completed,2026-07-30,2026-07-31 17:22:00
4196,1288,Priya Reddy,SSD,2,8000,Completed,2026-03-28,2026-03-29 07:23:00
4197,721,Sneha Rao,Webcam,2,5000,Completed,2026-08-03,2026-08-05 00:55:00
4198,707,Neha Singh,Laptop,2,65000,Pending,2026-04-29,2026-04-29 12:49:00
4199,1161,Divya Menon,Headphones,3,4500,Completed,2026-02-04,2026-02-05 10:11:00
4200,830,Manoj Rao,RAM,3,4000,Pending,2026-03-03,2026-03-04 21:23:00
4201,808,Priya Reddy,Power Bank,3,2200,Completed,2026-05-04,2026-05-05 17:34:00
4202,1423,Priya Reddy,Webcam,5,5000,Completed,2026-04-05,2026-04-06 02:43:00
4203,1259,Meera Nair,Mobile Phone,1,25000,Cancelled,2026-08-05,2026-08-07 17:09:00
4204,518,Ajay Reddy,Tablet,2,30000,Completed,2026-01-26,2026-01-27 12:25:00
4205,507,Rohit Verma,Mobile Phone,1,25000,Completed,2026-08-28,2026-08-30 01:12:00
4206,1140,Suresh Kumar,Mouse,4,1200,Completed,2026-06-29,2026-06-29 20:28:00
4207,1287,Pooja Iyer,Tablet,4,30000,Completed,2026-02-10,2026-02-12 20:04:00
4208,1116,Pooja Iyer,Mobile Phone,4,25000,Completed,2026-07-24,2026-07-26 02:51:00
4209,1232,Ananya Das,Laptop Bag,4,3500,Pending,2026-08-06,2026-08-06 01:58:00
4210,837,Meera Nair,Printer,3,12000,Completed,2026-08-11,2026-08-12 07:13:00
4211,1343,Manoj Rao,Laptop Bag,2,3500,Completed,2026-01-17,2026-01-18 18:33:00
4212,521,Vikram Singh,Power Bank,2,2200,Pending,2026-01-11,2026-01-11 05:02:00
4213,1044,Suresh Kumar,Mouse,4,1200,Completed,2026-08-05,2026-08-06 21:03:00
4214,1127,Rahul Sharma,Mouse,5,1200,Completed,2026-05-02,2026-05-03 23:46:00
4215,1385,Sneha Rao,Keyboard,2,2500,Completed,2026-01-07,2026-01-09 13:54:00
4216,1183,Neha Singh,SSD,5,8000,Cancelled,2026-05-18,2026-05-19 22:16:00
4217,1002,Rohit Verma,Mobile Phone,3,25000,Completed,2026-05-09,2026-05-10 14:02:00
4218,884,Priya Reddy,USB Hub,3,1800,Completed,2026-01-06,2026-01-07 14:02:00
4219,616,Ananya Das,SSD,3,8000,Pending,2026-01-20,2026-01-22 00:05:00
4220,647,Vikram Singh,Printer,5,12000,Completed,2026-06-26,2026-06-27 03:04:00
4221,1145,Kiran Patel,Printer,3,12000,Cancelled,2026-07-18,2026-07-20 23:58:00
4222,1123,Sneha Rao,Smart Watch,5,7500,Pending,2026-04-26,2026-04-28 10:39:00
4223,872,Arjun Kumar,Keyboard,4,2500,Completed,2026-01-19,2026-01-21 23:26:00
4224,1309,Rohit Verma,USB Hub,2,1800,Pending,2026-05-18,2026-05-19 22:44:00
4225,1451,Vikram Singh,RAM,1,4000,Cancelled,2026-02-07,2026-02-08 11:56:00
4226,834,Kiran Patel,Mobile Phone,3,25000,Pending,2026-06-25,2026-06-25 02:37:00
4227,948,Neha Singh,Tablet,1,30000,Cancelled,2026-05-23,2026-05-25 17:22:00
4228,1183,Arjun Kumar,Power Bank,4,2200,Completed,2026-07-12,2026-07-14 02:11:00
4229,997,Vikram Singh,Keyboard,3,2500,Pending,2026-05-15,2026-05-16 10:40:00
4230,980,Priya Reddy,Mouse,1,1200,Completed,2026-03-04,2026-03-05 00:07:00
4231,754,Rohit Verma,Keyboard,3,2500,Completed,2026-04-29,2026-04-29 09:43:00
4232,1031,Suresh Kumar,RAM,5,4000,Completed,2026-03-06,2026-03-07 02:50:00
4233,756,Arjun Kumar,Laptop,5,65000,Completed,2026-05-23,2026-05-25 18:15:00
4234,513,Kiran Patel,Monitor,2,15000,Pending,2026-05-23,2026-05-24 13:08:00
4235,588,Arjun Kumar,Smart Watch,3,7500,Completed,2026-07-31,2026-08-02 20:57:00
4236,835,Kiran Patel,Tablet,4,30000,Completed,2026-06-23,2026-06-24 23:35:00
4237,889,Ajay Reddy,Power Bank,1,2200,Completed,2026-02-28,2026-02-28 12:24:00
4238,628,Neha Singh,Smart Watch,4,7500,Completed,2026-08-24,2026-08-26 13:35:00
4239,1041,Arjun Kumar,Keyboard,4,2500,Completed,2026-04-01,2026-04-03 09:13:00
4240,1103,Kiran Patel,Power Bank,5,2200,Completed,2026-09-05,2026-09-07 00:29:00
4241,819,Neha Singh,USB Hub,4,1800,Completed,2026-08-11,2026-08-11 15:20:00
4242,1172,Manoj Rao,Webcam,2,5000,Completed,2026-03-23,2026-03-24 17:52:00
4243,1074,Suresh Kumar,Printer,1,12000,Completed,2026-03-26,2026-03-27 10:04:00
4244,1285,Priya Reddy,Mobile Phone,4,25000,Pending,2026-08-19,2026-08-21 20:03:00
4245,955,Suresh Kumar,Webcam,4,5000,Completed,2026-05-04,2026-05-06 12:19:00
4246,505,Kiran Patel,Laptop,2,65000,Pending,2026-07-28,2026-07-30 09:44:00
4247,1428,Rahul Sharma,Tablet,3,30000,Completed,2026-06-03,2026-06-05 17:15:00
4248,929,Vikram Singh,Mouse,5,1200,Completed,2026-05-13,2026-05-15 21:57:00
4249,1303,Kiran Patel,Power Bank,1,2200,Completed,2026-01-03,2026-01-06 00:14:00
4250,503,Ananya Das,Laptop,3,65000,Cancelled,2026-08-15,2026-08-17 23:46:00
4251,543,Ajay Reddy,Printer,1,12000,Pending,2026-08-22,2026-08-22 13:12:00
4252,1429,Rohit Verma,SSD,1,8000,Pending,2026-02-07,2026-02-07 03:05:00
4253,932,Priya Reddy,Laptop,1,65000,Completed,2026-05-24,2026-05-24 03:29:00
4254,1149,Ajay Reddy,Webcam,5,5000,Completed,2026-07-18,2026-07-19 22:14:00
4255,555,Meera Nair,RAM,5,4000,Pending,2026-04-07,2026-04-08 11:03:00
4256,1149,Priya Reddy,Printer,3,12000,Completed,2026-01-08,2026-01-10 18:25:00
4257,661,Meera Nair,Laptop,5,65000,Pending,2026-03-16,2026-03-18 03:08:00
4258,1398,Ajay Reddy,Smart Watch,4,7500,Completed,2026-03-25,2026-03-28 00:03:00
4259,1063,Meera Nair,Keyboard,4,2500,Completed,2026-08-27,2026-08-27 04:37:00
4260,1367,Kiran Patel,Monitor,4,15000,Completed,2026-05-29,2026-05-29 19:28:00
4261,699,Ajay Reddy,Monitor,1,15000,Completed,2026-06-12,2026-06-14 04:59:00
4262,1221,Rahul Sharma,RAM,3,4000,Completed,2026-06-09,2026-06-09 01:28:00
4263,1154,Kiran Patel,Smart Watch,4,7500,Completed,2026-01-30,2026-01-31 03:13:00
4264,1493,Vikram Singh,Headphones,5,4500,Completed,2026-08-19,2026-08-20 21:36:00
4265,1368,Meera Nair,Keyboard,4,2500,Completed,2026-07-26,2026-07-26 04:27:00
4266,1426,Divya Menon,Printer,1,12000,Completed,2026-07-17,2026-07-18 21:19:00
4267,508,Rahul Sharma,Monitor,3,15000,Completed,2026-06-29,2026-06-30 08:40:00
4268,660,Ananya Das,USB Hub,5,1800,Completed,2026-01-25,2026-01-27 03:40:00
4269,1397,Meera Nair,USB Hub,5,1800,Pending,2026-03-03,2026-03-05 12:58:00
4270,1207,Vikram Singh,Headphones,1,4500,Completed,2026-05-05,2026-05-05 06:46:00
4271,794,Suresh Kumar,Laptop Bag,5,3500,Completed,2026-06-03,2026-06-04 01:37:00
4272,892,Rohit Verma,Laptop Bag,5,3500,Completed,2026-07-19,2026-07-21 17:13:00
4273,1408,Neha Singh,Smart Watch,2,7500,Completed,2026-04-15,2026-04-15 14:27:00
4274,961,Rahul Sharma,Keyboard,1,2500,Completed,2026-05-27,2026-05-28 04:42:00
4275,1232,Rahul Sharma,Printer,1,12000,Completed,2026-04-26,2026-04-28 10:04:00
4276,888,Vikram Singh,Laptop,4,65000,Completed,2026-06-23,2026-06-25 03:56:00
4277,826,Meera Nair,Tablet,4,30000,Completed,2026-03-15,2026-03-16 03:16:00
4278,1255,Neha Singh,Keyboard,2,2500,Completed,2026-03-19,2026-03-21 17:50:00
4279,859,Pooja Iyer,Smart Watch,1,7500,Completed,2026-05-30,2026-05-30 16:07:00
4280,958,Rohit Verma,Keyboard,5,2500,Completed,2026-01-10,2026-01-10 02:16:00
4281,526,Ananya Das,Webcam,1,5000,Completed,2026-06-01,2026-06-02 01:05:00
4282,732,Manoj Rao,Power Bank,4,2200,Cancelled,2026-02-12,2026-02-14 11:39:00
4283,1398,Vikram Singh,Headphones,2,4500,Completed,2026-01-18,2026-01-19 17:53:00
4284,1046,Vikram Singh,Laptop,1,65000,Completed,2026-05-11,2026-05-11 02:05:00
4285,1452,Rohit Verma,Laptop,2,65000,Completed,2026-02-06,2026-02-06 08:53:00
4286,1089,Ajay Reddy,Laptop Bag,2,3500,Completed,2026-07-18,2026-07-20 15:27:00
4287,1168,Rohit Verma,Smart Watch,5,7500,Completed,2026-05-16,2026-05-16 04:01:00
4288,675,Neha Singh,Printer,3,12000,Completed,2026-05-23,2026-05-25 22:48:00
4289,1000,Priya Reddy,Laptop Bag,2,3500,Pending,2026-04-26,2026-04-26 10:58:00
4290,794,Manoj Rao,Printer,3,12000,Completed,2026-02-17,2026-02-19 18:58:00
4291,1393,Pooja Iyer,Mouse,2,1200,Completed,2026-06-27,2026-06-27 01:50:00
4292,1137,Priya Reddy,USB Hub,3,1800,Completed,2026-06-05,2026-06-06 13:19:00
4293,744,Neha Singh,Power Bank,5,2200,Pending,2026-06-22,2026-06-22 11:22:00
4294,1463,Manoj Rao,Monitor,1,15000,Completed,2026-04-25,2026-04-25 14:29:00
4295,1363,Neha Singh,Webcam,5,5000,Completed,2026-03-26,2026-03-26 20:02:00
4296,1265,Ajay Reddy,Mobile Phone,5,25000,Pending,2026-03-27,2026-03-27 15:44:00
4297,526,Ananya Das,Mouse,1,1200,Cancelled,2026-05-29,2026-05-29 01:34:00
4298,1402,Pooja Iyer,Keyboard,2,2500,Completed,2026-05-18,2026-05-20 00:54:00
4299,813,Neha Singh,Mobile Phone,3,25000,Completed,2026-05-08,2026-05-08 11:57:00
4300,1104,Rohit Verma,Mouse,5,1200,Pending,2026-07-23,2026-07-24 07:03:00
4301,1319,Neha Singh,USB Hub,5,1800,Completed,2026-01-11,2026-01-12 04:53:00
4302,927,Pooja Iyer,RAM,1,4000,Cancelled,2026-08-26,2026-08-28 14:50:00
4303,787,Rohit Verma,Power Bank,5,2200,Completed,2026-04-24,2026-04-24 08:17:00
4304,805,Vikram Singh,Mobile Phone,5,25000,Pending,2026-08-06,2026-08-07 16:36:00
4305,1485,Kiran Patel,RAM,1,4000,Pending,2026-02-17,2026-02-19 09:10:00
4306,783,Divya Menon,Mouse,4,1200,Cancelled,2026-05-01,2026-05-01 10:04:00
4307,1313,Suresh Kumar,Laptop,1,65000,Pending,2026-05-24,2026-05-24 21:14:00
4308,1002,Arjun Kumar,Headphones,3,4500,Completed,2026-04-21,2026-04-23 18:32:00
4309,1224,Pooja Iyer,Laptop Bag,1,3500,Completed,2026-09-03,2026-09-05 19:17:00
4310,1177,Neha Singh,Smart Watch,2,7500,Completed,2026-02-20,2026-02-21 00:47:00
4311,1196,Rahul Sharma,Mobile Phone,5,25000,Pending,2026-07-21,2026-07-21 23:04:00
4312,794,Manoj Rao,SSD,5,8000,Cancelled,2026-04-09,2026-04-11 19:50:00
4313,1185,Suresh Kumar,SSD,5,8000,Cancelled,2026-03-07,2026-03-07 23:50:00
4314,1091,Neha Singh,Webcam,5,5000,Completed,2026-07-01,2026-07-03 10:34:00
4315,787,Neha Singh,Laptop,3,65000,Cancelled,2026-01-04,2026-01-04 14:47:00
4316,744,Arjun Kumar,Mouse,1,1200,Completed,2026-03-09,2026-03-11 14:19:00
4317,648,Vikram Singh,Power Bank,5,2200,Pending,2026-03-23,2026-03-25 18:45:00
4318,1252,Neha Singh,Monitor,1,15000,Completed,2026-08-07,2026-08-08 13:16:00
4319,1232,Kiran Patel,Headphones,5,4500,Completed,2026-03-26,2026-03-28 02:33:00
4320,702,Manoj Rao,Smart Watch,1,7500,Completed,2026-08-11,2026-08-13 08:35:00
4321,922,Ananya Das,Printer,3,12000,Pending,2026-08-25,2026-08-25 17:42:00
4322,1443,Meera Nair,Power Bank,3,2200,Completed,2026-03-14,2026-03-16 19:48:00
4323,833,Neha Singh,Headphones,2,4500,Completed,2026-05-03,2026-05-04 05:56:00
4324,1215,Rahul Sharma,RAM,1,4000,Completed,2026-08-03,2026-08-04 15:03:00
4325,1074,Ajay Reddy,Mouse,1,1200,Completed,2026-01-07,2026-01-08 06:46:00
4326,1001,Divya Menon,Mobile Phone,4,25000,Completed,2026-05-21,2026-05-21 03:29:00
4327,1311,Divya Menon,Mouse,2,1200,Completed,2026-01-26,2026-01-28 22:28:00
4328,699,Vikram Singh,SSD,3,8000,Completed,2026-08-08,2026-08-08 03:44:00
4329,898,Manoj Rao,Mouse,4,1200,Completed,2026-01-12,2026-01-15 00:12:00
4330,1350,Divya Menon,RAM,1,4000,Completed,2026-01-29,2026-01-30 02:29:00
4331,890,Ananya Das,Tablet,1,30000,Completed,2026-03-11,2026-03-13 18:49:00
4332,556,Rahul Sharma,Webcam,3,5000,Pending,2026-08-22,2026-08-22 12:02:00
4333,1312,Arjun Kumar,SSD,4,8000,Completed,2026-05-14,2026-05-14 02:18:00
4334,819,Rahul Sharma,Keyboard,2,2500,Completed,2026-05-28,2026-05-28 11:27:00
4335,1367,Divya Menon,Laptop Bag,2,3500,Completed,2026-01-05,2026-01-06 00:21:00
4336,971,Divya Menon,Laptop Bag,4,3500,Completed,2026-04-20,2026-04-21 20:08:00
4337,907,Ananya Das,USB Hub,5,1800,Completed,2026-01-10,2026-01-12 10:09:00
4338,894,Neha Singh,Smart Watch,5,7500,Pending,2026-06-19,2026-06-20 11:22:00
4339,1305,Rahul Sharma,Printer,4,12000,Completed,2026-01-10,2026-01-12 05:43:00
4340,566,Ajay Reddy,Power Bank,5,2200,Completed,2026-08-25,2026-08-26 00:27:00
4341,1416,Neha Singh,Tablet,4,30000,Pending,2026-08-27,2026-08-27 13:24:00
4342,1411,Rahul Sharma,Keyboard,5,2500,Completed,2026-05-07,2026-05-09 19:33:00
4343,1055,Rahul Sharma,USB Hub,5,1800,Completed,2026-02-16,2026-02-18 21:01:00
4344,952,Divya Menon,SSD,3,8000,Completed,2026-07-19,2026-07-21 08:23:00
4345,1204,Rahul Sharma,Keyboard,4,2500,Pending,2026-01-05,2026-01-06 15:28:00
4346,1485,Meera Nair,Printer,5,12000,Pending,2026-07-17,2026-07-18 17:25:00
4347,1347,Pooja Iyer,RAM,2,4000,Pending,2026-03-11,2026-03-13 15:58:00
4348,1103,Rahul Sharma,SSD,2,8000,Pending,2026-08-07,2026-08-09 06:17:00
4349,507,Priya Reddy,Power Bank,4,2200,Pending,2026-04-17,2026-04-17 05:46:00
4350,1485,Pooja Iyer,USB Hub,1,1800,Completed,2026-06-26,2026-06-27 13:28:00
4351,808,Manoj Rao,Headphones,4,4500,Completed,2026-01-15,2026-01-17 04:49:00
4352,919,Kiran Patel,Mouse,3,1200,Completed,2026-04-29,2026-05-01 15:39:00
4353,1085,Ajay Reddy,Tablet,5,30000,Completed,2026-04-27,2026-04-29 23:08:00
4354,1342,Manoj Rao,Webcam,1,5000,Completed,2026-02-05,2026-02-07 08:59:00
4355,1114,Rahul Sharma,Printer,1,12000,Completed,2026-04-11,2026-04-13 01:29:00
4356,1494,Suresh Kumar,Mouse,1,1200,Completed,2026-08-26,2026-08-26 04:41:00
4357,801,Neha Singh,Keyboard,4,2500,Completed,2026-07-09,2026-07-10 20:39:00
4358,1106,Ananya Das,Monitor,2,15000,Pending,2026-02-21,2026-02-23 01:59:00
4359,1004,Sneha Rao,SSD,3,8000,Completed,2026-03-23,2026-03-24 12:30:00
4360,676,Priya Reddy,Laptop Bag,2,3500,Pending,2026-03-19,2026-03-20 10:06:00
4361,1106,Pooja Iyer,RAM,1,4000,Completed,2026-01-05,2026-01-06 15:21:00
4362,741,Meera Nair,Laptop,2,65000,Completed,2026-08-19,2026-08-20 22:07:00
4363,659,Pooja Iyer,Tablet,3,30000,Completed,2026-05-02,2026-05-04 14:15:00
4364,1363,Suresh Kumar,Webcam,4,5000,Completed,2026-02-13,2026-02-15 01:51:00
4365,673,Kiran Patel,Smart Watch,1,7500,Completed,2026-04-26,2026-04-28 17:35:00
4366,702,Rohit Verma,Webcam,2,5000,Completed,2026-07-10,2026-07-11 14:45:00
4367,860,Ananya Das,Monitor,5,15000,Completed,2026-05-04,2026-05-06 10:35:00
4368,578,Suresh Kumar,Headphones,3,4500,Completed,2026-07-15,2026-07-15 13:39:00
4369,682,Manoj Rao,Mobile Phone,2,25000,Completed,2026-04-03,2026-04-03 10:59:00
4370,1391,Neha Singh,Printer,2,12000,Completed,2026-04-05,2026-04-05 19:57:00
4371,1320,Priya Reddy,Smart Watch,1,7500,Cancelled,2026-06-07,2026-06-08 02:44:00
4372,887,Rohit Verma,Webcam,5,5000,Completed,2026-05-16,2026-05-17 15:48:00
4373,754,Kiran Patel,Webcam,1,5000,Completed,2026-01-10,2026-01-10 01:40:00
4374,778,Arjun Kumar,SSD,4,8000,Completed,2026-05-23,2026-05-25 17:36:00
4375,935,Arjun Kumar,RAM,3,4000,Completed,2026-02-17,2026-02-17 04:25:00
4376,1111,Meera Nair,Tablet,2,30000,Completed,2026-08-31,2026-08-31 06:08:00
4377,991,Vikram Singh,SSD,3,8000,Completed,2026-05-13,2026-05-13 05:08:00
4378,1424,Vikram Singh,Webcam,3,5000,Completed,2026-04-17,2026-04-18 01:03:00
4379,1175,Manoj Rao,USB Hub,5,1800,Completed,2026-08-17,2026-08-19 16:45:00
4380,794,Priya Reddy,Tablet,4,30000,Completed,2026-09-01,2026-09-02 09:16:00
4381,930,Pooja Iyer,Headphones,2,4500,Completed,2026-08-09,2026-08-11 12:26:00
4382,1386,Ananya Das,Power Bank,1,2200,Completed,2026-05-16,2026-05-17 22:44:00
4383,642,Manoj Rao,Keyboard,3,2500,Cancelled,2026-03-19,2026-03-21 05:26:00
4384,585,Neha Singh,Headphones,5,4500,Completed,2026-05-23,2026-05-24 11:07:00
4385,997,Divya Menon,Mouse,5,1200,Completed,2026-02-04,2026-02-06 18:31:00
4386,593,Sneha Rao,Headphones,5,4500,Completed,2026-01-25,2026-01-25 04:17:00
4387,855,Kiran Patel,Monitor,3,15000,Pending,2026-04-29,2026-04-30 20:13:00
4388,1340,Sneha Rao,Smart Watch,3,7500,Completed,2026-04-27,2026-04-27 07:46:00
4389,546,Meera Nair,Keyboard,1,2500,Completed,2026-04-12,2026-04-12 18:09:00
4390,767,Suresh Kumar,SSD,3,8000,Completed,2026-08-01,2026-08-01 16:41:00
4391,1094,Manoj Rao,Headphones,5,4500,Pending,2026-01-15,2026-01-17 16:52:00
4392,946,Priya Reddy,Keyboard,5,2500,Pending,2026-06-05,2026-06-06 10:58:00
4393,1212,Arjun Kumar,Laptop Bag,1,3500,Completed,2026-02-05,2026-02-05 21:43:00
4394,756,Pooja Iyer,Headphones,2,4500,Completed,2026-05-14,2026-05-16 12:39:00
4395,1497,Rahul Sharma,RAM,4,4000,Cancelled,2026-03-13,2026-03-14 21:00:00
4396,544,Vikram Singh,Printer,1,12000,Completed,2026-06-25,2026-06-26 06:40:00
4397,599,Suresh Kumar,Mouse,2,1200,Completed,2026-03-06,2026-03-08 14:51:00
4398,586,Ananya Das,Tablet,1,30000,Pending,2026-02-03,2026-02-05 08:10:00
4399,1473,Ajay Reddy,Mouse,4,1200,Cancelled,2026-02-01,2026-02-02 00:04:00
4400,608,Suresh Kumar,Power Bank,3,2200,Completed,2026-07-29,2026-07-30 11:08:00
4401,983,Arjun Kumar,SSD,5,8000,Completed,2026-06-23,2026-06-25 03:10:00
4402,645,Kiran Patel,Headphones,5,4500,Completed,2026-06-11,2026-06-13 22:58:00
4403,1089,Pooja Iyer,Laptop,3,65000,Completed,2026-06-14,2026-06-16 19:53:00
4404,1251,Vikram Singh,Laptop Bag,1,3500,Completed,2026-08-13,2026-08-14 10:04:00
4405,503,Rahul Sharma,Mobile Phone,2,25000,Pending,2026-01-24,2026-01-25 16:30:00
4406,1309,Arjun Kumar,Webcam,2,5000,Completed,2026-04-15,2026-04-17 15:43:00
4407,1305,Manoj Rao,Mobile Phone,2,25000,Completed,2026-02-01,2026-02-02 07:19:00
4408,1341,Divya Menon,Mouse,5,1200,Completed,2026-06-22,2026-06-22 21:06:00
4409,1104,Priya Reddy,Printer,3,12000,Completed,2026-04-24,2026-04-24 02:17:00
4410,711,Arjun Kumar,Headphones,4,4500,Completed,2026-07-10,2026-07-11 01:14:00
4411,1100,Manoj Rao,Monitor,4,15000,Cancelled,2026-08-20,2026-08-20 06:38:00
4412,572,Manoj Rao,Laptop Bag,2,3500,Completed,2026-07-29,2026-07-29 08:14:00
4413,879,Arjun Kumar,Headphones,5,4500,Cancelled,2026-03-06,2026-03-06 21:45:00
4414,1401,Suresh Kumar,Power Bank,2,2200,Pending,2026-02-18,2026-02-18 09:54:00
4415,846,Arjun Kumar,Keyboard,2,2500,Completed,2026-03-10,2026-03-10 09:05:00
4416,1309,Ajay Reddy,Laptop Bag,3,3500,Pending,2026-01-30,2026-01-30 20:00:00
4417,1428,Vikram Singh,Power Bank,3,2200,Pending,2026-06-16,2026-06-16 16:36:00
4418,604,Neha Singh,Smart Watch,3,7500,Completed,2026-08-23,2026-08-23 22:45:00
4419,1394,Arjun Kumar,Webcam,2,5000,Completed,2026-06-26,2026-06-27 03:56:00
4420,693,Divya Menon,Mouse,2,1200,Completed,2026-02-27,2026-02-28 23:15:00
4421,841,Ananya Das,Monitor,1,15000,Completed,2026-06-22,2026-06-23 23:42:00
4422,737,Manoj Rao,USB Hub,2,1800,Completed,2026-04-20,2026-04-20 01:37:00
4423,515,Priya Reddy,Smart Watch,5,7500,Pending,2026-02-17,2026-02-19 22:21:00
4424,808,Manoj Rao,USB Hub,2,1800,Completed,2026-03-15,2026-03-17 05:23:00
4425,653,Ananya Das,RAM,4,4000,Completed,2026-01-08,2026-01-09 05:57:00
4426,587,Sneha Rao,Laptop Bag,4,3500,Completed,2026-04-20,2026-04-22 23:22:00
4427,1131,Arjun Kumar,Power Bank,3,2200,Completed,2026-06-22,2026-06-23 08:43:00
4428,1049,Rohit Verma,Laptop,4,65000,Completed,2026-08-12,2026-08-13 17:52:00
4429,1311,Ananya Das,Laptop,5,65000,Cancelled,2026-05-25,2026-05-26 14:11:00
4430,1246,Vikram Singh,Headphones,4,4500,Completed,2026-07-27,2026-07-29 00:37:00
4431,941,Rahul Sharma,Printer,2,12000,Completed,2026-08-05,2026-08-05 18:12:00
4432,1481,Pooja Iyer,Printer,5,12000,Completed,2026-07-07,2026-07-08 11:27:00
4433,813,Suresh Kumar,Power Bank,4,2200,Completed,2026-06-17,2026-06-18 23:47:00
4434,553,Priya Reddy,Smart Watch,2,7500,Completed,2026-04-29,2026-04-30 00:20:00
4435,895,Arjun Kumar,Laptop,3,65000,Completed,2026-08-20,2026-08-21 00:46:00
4436,1268,Meera Nair,Keyboard,2,2500,Completed,2026-01-14,2026-01-16 01:09:00
4437,593,Ajay Reddy,Laptop Bag,3,3500,Completed,2026-08-09,2026-08-10 08:54:00
4438,934,Neha Singh,Mobile Phone,5,25000,Completed,2026-08-06,2026-08-08 17:11:00
4439,1425,Ajay Reddy,RAM,2,4000,Completed,2026-04-22,2026-04-24 18:30:00
4440,735,Pooja Iyer,Laptop Bag,5,3500,Completed,2026-08-18,2026-08-20 23:07:00
4441,1057,Vikram Singh,USB Hub,5,1800,Completed,2026-05-27,2026-05-28 00:38:00
4442,759,Rohit Verma,Laptop Bag,4,3500,Completed,2026-07-01,2026-07-02 01:12:00
4443,1311,Meera Nair,Power Bank,4,2200,Cancelled,2026-02-17,2026-02-17 02:42:00
4444,906,Suresh Kumar,Webcam,5,5000,Completed,2026-06-02,2026-06-04 11:34:00
4445,1388,Meera Nair,USB Hub,2,1800,Completed,2026-02-25,2026-02-27 07:05:00
4446,1020,Vikram Singh,USB Hub,2,1800,Completed,2026-01-10,2026-01-11 00:31:00
4447,632,Rahul Sharma,RAM,5,4000,Completed,2026-08-27,2026-08-29 02:51:00
4448,859,Rahul Sharma,RAM,4,4000,Completed,2026-07-31,2026-08-01 05:08:00
4449,1056,Priya Reddy,Headphones,3,4500,Pending,2026-08-09,2026-08-10 00:36:00
4450,1079,Ajay Reddy,Mobile Phone,1,25000,Completed,2026-06-15,2026-06-15 07:16:00
4451,678,Rahul Sharma,Power Bank,3,2200,Completed,2026-01-12,2026-01-14 07:32:00
4452,923,Divya Menon,Mouse,2,1200,Completed,2026-08-19,2026-08-21 16:15:00
4453,1255,Meera Nair,USB Hub,1,1800,Completed,2026-09-05,2026-09-05 19:43:00
4454,1383,Rahul Sharma,SSD,1,8000,Pending,2026-06-07,2026-06-09 14:15:00
4455,1252,Kiran Patel,Printer,3,12000,Pending,2026-01-14,2026-01-15 06:17:00
4456,1128,Arjun Kumar,Power Bank,1,2200,Completed,2026-03-12,2026-03-13 10:16:00
4457,1160,Kiran Patel,Keyboard,4,2500,Completed,2026-05-28,2026-05-30 01:37:00
4458,581,Divya Menon,Laptop Bag,3,3500,Completed,2026-07-10,2026-07-12 23:29:00
4459,1241,Divya Menon,Webcam,2,5000,Completed,2026-04-09,2026-04-11 15:53:00
4460,992,Ajay Reddy,Mouse,3,1200,Completed,2026-08-09,2026-08-11 21:25:00
4461,789,Rahul Sharma,Tablet,3,30000,Completed,2026-08-11,2026-08-11 18:19:00
4462,1312,Divya Menon,USB Hub,2,1800,Cancelled,2026-05-18,2026-05-19 08:34:00
4463,1317,Suresh Kumar,Headphones,3,4500,Completed,2026-06-17,2026-06-19 10:21:00
4464,1287,Arjun Kumar,Tablet,3,30000,Pending,2026-04-05,2026-04-06 03:01:00
4465,1352,Divya Menon,RAM,3,4000,Completed,2026-03-06,2026-03-08 14:41:00
4466,1160,Ananya Das,Mouse,1,1200,Pending,2026-02-10,2026-02-11 09:35:00
4467,1023,Vikram Singh,Smart Watch,2,7500,Completed,2026-09-06,2026-09-07 09:31:00
4468,1419,Ananya Das,Headphones,4,4500,Completed,2026-04-27,2026-04-28 07:33:00
4469,639,Ajay Reddy,Mobile Phone,3,25000,Completed,2026-08-27,2026-08-29 17:24:00
4470,1333,Priya Reddy,Mouse,2,1200,Completed,2026-06-30,2026-07-02 19:37:00
4471,1347,Manoj Rao,SSD,5,8000,Completed,2026-05-17,2026-05-17 22:09:00
4472,678,Rohit Verma,Mobile Phone,4,25000,Completed,2026-05-22,2026-05-24 12:45:00
4473,1419,Ananya Das,Power Bank,3,2200,Pending,2026-05-06,2026-05-07 09:25:00
4474,547,Kiran Patel,RAM,3,4000,Completed,2026-08-23,2026-08-25 14:08:00
4475,1338,Divya Menon,Smart Watch,4,7500,Completed,2026-02-24,2026-02-26 23:10:00
4476,1266,Rohit Verma,Mobile Phone,3,25000,Completed,2026-04-22,2026-04-23 06:39:00
4477,714,Rohit Verma,Power Bank,5,2200,Pending,2026-02-27,2026-02-28 17:41:00
4478,835,Divya Menon,Smart Watch,4,7500,Completed,2026-03-24,2026-03-24 21:12:00
4479,1410,Sneha Rao,USB Hub,3,1800,Completed,2026-02-27,2026-02-27 06:52:00
4480,993,Manoj Rao,RAM,1,4000,Completed,2026-01-26,2026-01-28 21:55:00
4481,1121,Sneha Rao,USB Hub,4,1800,Pending,2026-01-02,2026-01-02 10:22:00
4482,503,Priya Reddy,Power Bank,2,2200,Completed,2026-01-17,2026-01-19 09:12:00
4483,801,Suresh Kumar,Mouse,5,1200,Cancelled,2026-01-02,2026-01-03 15:22:00
4484,1232,Vikram Singh,Power Bank,4,2200,Completed,2026-06-26,2026-06-26 16:47:00
4485,1090,Rahul Sharma,Keyboard,1,2500,Cancelled,2026-03-13,2026-03-13 03:39:00
4486,772,Pooja Iyer,Monitor,4,15000,Completed,2026-05-27,2026-05-29 11:16:00
4487,1082,Rahul Sharma,Mobile Phone,1,25000,Completed,2026-06-04,2026-06-04 13:48:00
4488,801,Rohit Verma,Mouse,1,1200,Completed,2026-05-03,2026-05-03 02:27:00
4489,1267,Vikram Singh,Headphones,2,4500,Completed,2026-05-15,2026-05-15 15:30:00
4490,931,Divya Menon,Keyboard,4,2500,Completed,2026-09-08,2026-09-09 04:51:00
4491,897,Divya Menon,Monitor,2,15000,Pending,2026-06-28,2026-06-28 17:58:00
4492,1355,Ananya Das,Laptop Bag,5,3500,Completed,2026-01-05,2026-01-05 09:34:00
4493,1467,Divya Menon,Laptop,2,65000,Completed,2026-09-08,2026-09-10 14:48:00
4494,1085,Divya Menon,Headphones,2,4500,Pending,2026-09-06,2026-09-07 10:24:00
4495,637,Neha Singh,Smart Watch,1,7500,Completed,2026-01-01,2026-01-02 00:00:00
4496,1334,Ajay Reddy,Tablet,5,30000,Completed,2026-06-05,2026-06-06 21:20:00
4497,853,Sneha Rao,Smart Watch,2,7500,Completed,2026-03-14,2026-03-16 12:01:00
4498,721,Ajay Reddy,Mouse,1,1200,Completed,2026-05-18,2026-05-19 22:07:00
4499,1398,Vikram Singh,Mobile Phone,2,25000,Completed,2026-04-29,2026-04-30 03:04:00
4500,944,Vikram Singh,Webcam,1,5000,Completed,2026-03-19,2026-03-19 22:11:00
4501,743,Arjun Kumar,Printer,3,12000,Completed,2026-07-26,2026-07-27 01:18:00
4502,985,Neha Singh,USB Hub,2,1800,Pending,2026-03-11,2026-03-11 13:26:00
4503,522,Vikram Singh,Keyboard,1,2500,Completed,2026-07-01,2026-07-02 09:25:00
4504,1301,Kiran Patel,Tablet,1,30000,Completed,2026-07-12,2026-07-14 13:33:00
4505,554,Arjun Kumar,Mouse,2,1200,Completed,2026-01-24,2026-01-24 15:05:00
4506,1036,Divya Menon,Printer,4,12000,Completed,2026-06-25,2026-06-25 19:59:00
4507,1247,Ananya Das,Mobile Phone,3,25000,Completed,2026-01-04,2026-01-05 22:33:00
4508,1034,Ananya Das,Webcam,1,5000,Completed,2026-08-16,2026-08-18 20:51:00
4509,897,Manoj Rao,Tablet,5,30000,Completed,2026-01-14,2026-01-16 02:31:00
4510,1063,Vikram Singh,Keyboard,1,2500,Completed,2026-03-23,2026-03-24 11:46:00
4511,822,Ananya Das,Printer,1,12000,Completed,2026-04-26,2026-04-26 10:27:00
4512,948,Arjun Kumar,RAM,5,4000,Completed,2026-05-23,2026-05-23 11:37:00
4513,1000,Pooja Iyer,RAM,4,4000,Completed,2026-01-23,2026-01-23 16:56:00
4514,1198,Neha Singh,Headphones,4,4500,Cancelled,2026-05-09,2026-05-09 04:58:00
4515,1035,Manoj Rao,Smart Watch,5,7500,Completed,2026-06-24,2026-06-25 22:45:00
4516,1170,Divya Menon,Printer,1,12000,Completed,2026-08-17,2026-08-20 00:19:00
4517,1460,Neha Singh,Headphones,3,4500,Completed,2026-04-30,2026-04-30 22:45:00
4518,1448,Manoj Rao,Headphones,1,4500,Completed,2026-06-24,2026-06-25 21:55:00
4519,797,Pooja Iyer,USB Hub,3,1800,Completed,2026-04-09,2026-04-10 16:05:00
4520,664,Sneha Rao,RAM,1,4000,Completed,2026-04-20,2026-04-21 17:37:00
4521,512,Sneha Rao,Keyboard,4,2500,Completed,2026-01-05,2026-01-06 04:01:00
4522,1148,Pooja Iyer,SSD,5,8000,Completed,2026-03-19,2026-03-19 01:27:00
4523,852,Rahul Sharma,Keyboard,3,2500,Completed,2026-05-18,2026-05-18 08:00:00
4524,1030,Ananya Das,Printer,4,12000,Pending,2026-04-06,2026-04-08 03:12:00
4525,607,Meera Nair,Mobile Phone,5,25000,Completed,2026-08-16,2026-08-17 13:41:00
4526,548,Meera Nair,Smart Watch,5,7500,Completed,2026-02-09,2026-02-11 00:56:00
4527,1113,Ananya Das,Keyboard,2,2500,Completed,2026-08-21,2026-08-22 07:48:00
4528,1133,Rahul Sharma,Headphones,4,4500,Completed,2026-06-05,2026-06-06 21:52:00
4529,911,Arjun Kumar,Monitor,1,15000,Pending,2026-04-11,2026-04-13 09:08:00
4530,1499,Sneha Rao,Headphones,3,4500,Pending,2026-04-03,2026-04-03 20:53:00
4531,662,Vikram Singh,Laptop,1,65000,Completed,2026-06-24,2026-06-25 06:14:00
4532,618,Manoj Rao,Laptop Bag,3,3500,Pending,2026-06-09,2026-06-11 16:41:00
4533,991,Kiran Patel,Tablet,5,30000,Completed,2026-04-04,2026-04-05 18:04:00
4534,577,Neha Singh,Monitor,3,15000,Completed,2026-01-06,2026-01-08 17:49:00
4535,829,Sneha Rao,RAM,4,4000,Pending,2026-07-10,2026-07-11 21:37:00
4536,1495,Neha Singh,Webcam,1,5000,Pending,2026-01-19,2026-01-20 01:13:00
4537,1476,Vikram Singh,RAM,1,4000,Pending,2026-08-22,2026-08-22 17:39:00
4538,1067,Kiran Patel,Tablet,1,30000,Completed,2026-04-17,2026-04-17 10:11:00
4539,566,Pooja Iyer,Keyboard,2,2500,Completed,2026-04-30,2026-05-01 08:39:00
4540,573,Rohit Verma,Tablet,5,30000,Pending,2026-05-25,2026-05-25 20:25:00
4541,1363,Sneha Rao,RAM,3,4000,Completed,2026-07-19,2026-07-19 03:01:00
4542,618,Kiran Patel,Printer,2,12000,Completed,2026-06-10,2026-06-12 10:49:00
4543,767,Rohit Verma,Smart Watch,2,7500,Cancelled,2026-01-17,2026-01-18 02:31:00
4544,1414,Arjun Kumar,Keyboard,1,2500,Completed,2026-07-07,2026-07-09 14:39:00
4545,585,Sneha Rao,SSD,4,8000,Completed,2026-01-09,2026-01-10 17:49:00
4546,949,Neha Singh,Mobile Phone,1,25000,Completed,2026-02-14,2026-02-15 23:01:00
4547,527,Vikram Singh,Laptop,3,65000,Pending,2026-08-19,2026-08-20 20:38:00
4548,545,Priya Reddy,Laptop,1,65000,Completed,2026-08-09,2026-08-11 04:23:00
4549,785,Priya Reddy,Printer,4,12000,Completed,2026-01-02,2026-01-03 08:43:00
4550,923,Vikram Singh,Monitor,5,15000,Completed,2026-07-03,2026-07-05 22:26:00
4551,1100,Divya Menon,SSD,3,8000,Completed,2026-06-07,2026-06-09 19:48:00
4552,584,Priya Reddy,Headphones,5,4500,Pending,2026-08-29,2026-08-30 00:38:00
4553,732,Divya Menon,SSD,4,8000,Pending,2026-01-08,2026-01-10 06:40:00
4554,1252,Ajay Reddy,USB Hub,3,1800,Pending,2026-05-06,2026-05-07 20:38:00
4555,1074,Divya Menon,Headphones,1,4500,Cancelled,2026-08-30,2026-08-31 03:19:00
4556,889,Rohit Verma,Mobile Phone,4,25000,Completed,2026-06-27,2026-06-28 12:24:00
4557,1471,Rohit Verma,Laptop Bag,4,3500,Completed,2026-07-30,2026-07-31 04:39:00
4558,1422,Ananya Das,Mobile Phone,1,25000,Completed,2026-03-30,2026-03-30 09:58:00
4559,802,Sneha Rao,Power Bank,5,2200,Completed,2026-03-05,2026-03-05 15:35:00
4560,1292,Ananya Das,Smart Watch,1,7500,Pending,2026-03-12,2026-03-13 19:16:00
4561,1143,Arjun Kumar,Mouse,3,1200,Completed,2026-05-21,2026-05-23 20:22:00
4562,890,Ananya Das,Power Bank,5,2200,Pending,2026-08-07,2026-08-09 20:12:00
4563,1053,Sneha Rao,Printer,5,12000,Completed,2026-03-03,2026-03-04 12:54:00
4564,931,Divya Menon,Keyboard,4,2500,Completed,2026-04-11,2026-04-12 02:45:00
4565,829,Priya Reddy,Keyboard,4,2500,Cancelled,2026-08-02,2026-08-02 21:42:00
4566,1055,Priya Reddy,USB Hub,3,1800,Pending,2026-03-31,2026-04-01 05:03:00
4567,958,Kiran Patel,USB Hub,5,1800,Completed,2026-08-05,2026-08-07 14:06:00
4568,1357,Arjun Kumar,Keyboard,1,2500,Completed,2026-02-18,2026-02-21 00:06:00
4569,1258,Neha Singh,Keyboard,4,2500,Completed,2026-01-12,2026-01-13 01:38:00
4570,750,Kiran Patel,Printer,5,12000,Pending,2026-08-05,2026-08-07 20:47:00
4571,1335,Rahul Sharma,SSD,2,8000,Completed,2026-01-27,2026-01-27 20:54:00
4572,810,Meera Nair,Mobile Phone,4,25000,Completed,2026-04-23,2026-04-25 23:59:00
4573,769,Vikram Singh,Power Bank,5,2200,Completed,2026-08-12,2026-08-13 08:05:00
4574,1119,Pooja Iyer,Laptop,3,65000,Completed,2026-06-16,2026-06-16 15:07:00
4575,538,Rahul Sharma,Keyboard,3,2500,Pending,2026-05-18,2026-05-18 21:30:00
4576,847,Arjun Kumar,Monitor,2,15000,Completed,2026-07-15,2026-07-15 04:28:00
4577,857,Manoj Rao,Webcam,1,5000,Completed,2026-08-09,2026-08-09 09:22:00
4578,872,Priya Reddy,Monitor,5,15000,Pending,2026-08-16,2026-08-16 13:43:00
4579,941,Vikram Singh,Printer,3,12000,Completed,2026-02-14,2026-02-14 12:45:00
4580,538,Kiran Patel,Keyboard,2,2500,Completed,2026-01-28,2026-01-29 04:43:00
4581,1347,Vikram Singh,Monitor,4,15000,Completed,2026-02-23,2026-02-24 23:56:00
4582,1308,Priya Reddy,Tablet,4,30000,Completed,2026-08-30,2026-08-31 09:47:00
4583,585,Rahul Sharma,Monitor,2,15000,Completed,2026-08-25,2026-08-27 08:15:00
4584,1074,Vikram Singh,Printer,4,12000,Cancelled,2026-03-03,2026-03-04 06:38:00
4585,695,Sneha Rao,RAM,5,4000,Cancelled,2026-01-01,2026-01-02 07:05:00
4586,622,Manoj Rao,Tablet,2,30000,Completed,2026-02-01,2026-02-01 06:08:00
4587,963,Pooja Iyer,Smart Watch,3,7500,Completed,2026-07-15,2026-07-17 14:35:00
4588,629,Rahul Sharma,Monitor,1,15000,Completed,2026-06-13,2026-06-15 05:54:00
4589,867,Neha Singh,Power Bank,3,2200,Completed,2026-03-08,2026-03-08 08:50:00
4590,810,Suresh Kumar,Laptop Bag,4,3500,Pending,2026-01-08,2026-01-09 22:18:00
4591,1413,Ajay Reddy,USB Hub,1,1800,Cancelled,2026-01-13,2026-01-13 06:43:00
4592,576,Pooja Iyer,Tablet,1,30000,Completed,2026-09-07,2026-09-08 17:55:00
4593,1384,Kiran Patel,Printer,1,12000,Completed,2026-01-20,2026-01-20 09:11:00
4594,1447,Neha Singh,Mobile Phone,5,25000,Completed,2026-06-15,2026-06-17 08:05:00
4595,775,Vikram Singh,Keyboard,3,2500,Pending,2026-04-11,2026-04-11 14:03:00
4596,750,Manoj Rao,Monitor,5,15000,Pending,2026-08-01,2026-08-01 11:37:00
4597,1166,Rahul Sharma,Smart Watch,3,7500,Pending,2026-05-08,2026-05-09 13:10:00
4598,1126,Rahul Sharma,Headphones,5,4500,Completed,2026-06-27,2026-06-27 05:54:00
4599,1333,Rahul Sharma,Monitor,3,15000,Pending,2026-01-30,2026-01-30 22:36:00
4600,1206,Pooja Iyer,Mouse,1,1200,Completed,2026-04-01,2026-04-02 06:49:00
4601,611,Arjun Kumar,Webcam,3,5000,Completed,2026-02-28,2026-03-02 06:36:00
4602,979,Ajay Reddy,Headphones,5,4500,Completed,2026-04-07,2026-04-08 16:46:00
4603,791,Rahul Sharma,Headphones,2,4500,Completed,2026-01-08,2026-01-09 14:49:00
4604,1243,Kiran Patel,Tablet,5,30000,Completed,2026-03-25,2026-03-27 05:38:00
4605,685,Rohit Verma,Tablet,3,30000,Completed,2026-03-06,2026-03-08 07:29:00
4606,1351,Rahul Sharma,SSD,5,8000,Completed,2026-08-22,2026-08-24 03:56:00
4607,1495,Kiran Patel,Tablet,2,30000,Completed,2026-08-16,2026-08-18 12:36:00
4608,664,Pooja Iyer,Keyboard,5,2500,Pending,2026-07-09,2026-07-10 17:56:00
4609,678,Rohit Verma,Keyboard,5,2500,Cancelled,2026-06-08,2026-06-10 14:13:00
4610,944,Pooja Iyer,Monitor,2,15000,Cancelled,2026-07-22,2026-07-24 14:23:00
4611,1440,Kiran Patel,Printer,1,12000,Completed,2026-04-22,2026-04-24 13:59:00
4612,794,Priya Reddy,Monitor,1,15000,Completed,2026-03-30,2026-03-31 03:00:00
4613,529,Kiran Patel,USB Hub,3,1800,Completed,2026-03-14,2026-03-16 22:40:00
4614,1270,Arjun Kumar,Laptop,5,65000,Cancelled,2026-04-12,2026-04-12 06:10:00
4615,757,Pooja Iyer,RAM,3,4000,Cancelled,2026-02-15,2026-02-16 19:12:00
4616,839,Arjun Kumar,Headphones,1,4500,Completed,2026-04-24,2026-04-24 12:36:00
4617,1420,Rahul Sharma,RAM,1,4000,Completed,2026-04-23,2026-04-24 19:38:00
4618,867,Ananya Das,SSD,1,8000,Completed,2026-05-11,2026-05-13 01:24:00
4619,1368,Priya Reddy,Smart Watch,4,7500,Cancelled,2026-04-07,2026-04-09 15:28:00
4620,830,Sneha Rao,SSD,2,8000,Completed,2026-05-12,2026-05-14 08:41:00
4621,1303,Pooja Iyer,USB Hub,1,1800,Completed,2026-01-18,2026-01-20 22:57:00
4622,744,Kiran Patel,USB Hub,4,1800,Completed,2026-09-07,2026-09-09 03:58:00
4623,692,Rohit Verma,Mouse,4,1200,Cancelled,2026-05-01,2026-05-03 17:15:00
4624,808,Rohit Verma,Smart Watch,5,7500,Completed,2026-03-05,2026-03-07 03:07:00
4625,901,Ananya Das,Mouse,3,1200,Completed,2026-03-29,2026-03-29 22:45:00
4626,841,Manoj Rao,SSD,3,8000,Pending,2026-03-07,2026-03-09 10:07:00
4627,782,Ajay Reddy,Printer,5,12000,Pending,2026-06-02,2026-06-03 23:45:00
4628,659,Neha Singh,Webcam,4,5000,Pending,2026-01-22,2026-01-24 05:49:00
4629,782,Divya Menon,Headphones,2,4500,Completed,2026-01-27,2026-01-29 15:05:00
4630,636,Kiran Patel,RAM,5,4000,Pending,2026-08-01,2026-08-01 06:05:00
4631,622,Manoj Rao,Webcam,2,5000,Cancelled,2026-07-25,2026-07-26 01:16:00
4632,1184,Priya Reddy,USB Hub,1,1800,Completed,2026-03-16,2026-03-17 13:42:00
4633,1102,Ajay Reddy,Webcam,2,5000,Pending,2026-01-18,2026-01-19 10:56:00
4634,554,Suresh Kumar,Headphones,3,4500,Completed,2026-01-23,2026-01-25 22:19:00
4635,1205,Suresh Kumar,RAM,4,4000,Completed,2026-02-14,2026-02-15 12:33:00
4636,706,Priya Reddy,Monitor,4,15000,Cancelled,2026-06-10,2026-06-10 22:39:00
4637,724,Priya Reddy,Keyboard,1,2500,Completed,2026-01-07,2026-01-09 05:10:00
4638,1244,Priya Reddy,Mobile Phone,2,25000,Completed,2026-01-14,2026-01-15 03:52:00
4639,1296,Sneha Rao,Smart Watch,5,7500,Completed,2026-04-07,2026-04-07 23:07:00
4640,771,Ajay Reddy,Printer,4,12000,Completed,2026-07-23,2026-07-25 01:56:00
4641,1447,Meera Nair,Mobile Phone,2,25000,Completed,2026-04-23,2026-04-23 05:44:00
4642,1084,Ajay Reddy,Smart Watch,2,7500,Completed,2026-08-22,2026-08-22 05:51:00
4643,815,Neha Singh,USB Hub,5,1800,Completed,2026-08-05,2026-08-05 22:06:00
4644,934,Neha Singh,Laptop,2,65000,Completed,2026-08-24,2026-08-26 06:44:00
4645,930,Ajay Reddy,RAM,3,4000,Pending,2026-03-28,2026-03-30 13:24:00
4646,704,Vikram Singh,Printer,1,12000,Completed,2026-08-31,2026-09-01 02:44:00
4647,1196,Sneha Rao,Monitor,3,15000,Completed,2026-08-08,2026-08-09 18:21:00
4648,763,Priya Reddy,Webcam,3,5000,Completed,2026-05-20,2026-05-21 23:39:00
4649,765,Ajay Reddy,Monitor,5,15000,Completed,2026-07-25,2026-07-27 12:24:00
4650,750,Divya Menon,SSD,4,8000,Completed,2026-06-15,2026-06-16 04:15:00
4651,537,Arjun Kumar,Mouse,1,1200,Completed,2026-08-13,2026-08-15 23:50:00
4652,792,Sneha Rao,Monitor,2,15000,Completed,2026-08-08,2026-08-09 12:32:00
4653,1080,Rahul Sharma,RAM,5,4000,Completed,2026-08-19,2026-08-20 02:50:00
4654,791,Rahul Sharma,Printer,3,12000,Cancelled,2026-04-12,2026-04-13 18:22:00
4655,1192,Rohit Verma,SSD,4,8000,Completed,2026-05-12,2026-05-14 07:30:00
4656,1427,Manoj Rao,Mouse,4,1200,Completed,2026-05-12,2026-05-12 01:19:00
4657,1024,Pooja Iyer,Mouse,1,1200,Pending,2026-04-23,2026-04-23 04:02:00
4658,1486,Ananya Das,Keyboard,3,2500,Cancelled,2026-06-06,2026-06-08 22:55:00
4659,1406,Rahul Sharma,Mouse,4,1200,Completed,2026-09-03,2026-09-03 16:55:00
4660,909,Rahul Sharma,Laptop,5,65000,Completed,2026-07-05,2026-07-05 16:04:00
4661,661,Meera Nair,Mobile Phone,1,25000,Pending,2026-01-10,2026-01-10 23:41:00
4662,1389,Priya Reddy,Headphones,3,4500,Completed,2026-08-24,2026-08-24 02:44:00
4663,906,Vikram Singh,Power Bank,2,2200,Completed,2026-03-25,2026-03-25 11:09:00
4664,583,Ananya Das,Mouse,4,1200,Completed,2026-04-24,2026-04-24 08:35:00
4665,1164,Priya Reddy,Laptop Bag,3,3500,Completed,2026-07-06,2026-07-07 22:49:00
4666,1212,Ajay Reddy,Monitor,5,15000,Completed,2026-06-24,2026-06-26 14:05:00
4667,1328,Ananya Das,Webcam,2,5000,Completed,2026-07-27,2026-07-29 18:02:00
4668,1491,Divya Menon,Mobile Phone,4,25000,Cancelled,2026-05-09,2026-05-10 08:46:00
4669,1266,Sneha Rao,Smart Watch,4,7500,Completed,2026-01-29,2026-01-29 11:16:00
4670,795,Arjun Kumar,Smart Watch,2,7500,Pending,2026-07-29,2026-07-31 00:52:00
4671,748,Rahul Sharma,Mobile Phone,4,25000,Completed,2026-01-11,2026-01-11 11:01:00
4672,1123,Ajay Reddy,Monitor,5,15000,Pending,2026-08-17,2026-08-19 10:01:00
4673,1005,Suresh Kumar,Smart Watch,4,7500,Completed,2026-07-08,2026-07-09 03:04:00
4674,908,Rohit Verma,Mouse,1,1200,Completed,2026-01-09,2026-01-10 03:31:00
4675,822,Rahul Sharma,SSD,5,8000,Completed,2026-07-04,2026-07-06 15:00:00
4676,582,Arjun Kumar,Keyboard,1,2500,Cancelled,2026-08-18,2026-08-20 09:39:00
4677,924,Divya Menon,Smart Watch,1,7500,Cancelled,2026-02-20,2026-02-22 18:25:00
4678,576,Neha Singh,Laptop Bag,1,3500,Pending,2026-04-11,2026-04-13 09:55:00
4679,774,Manoj Rao,SSD,2,8000,Completed,2026-08-30,2026-08-31 12:32:00
4680,1059,Ananya Das,Tablet,2,30000,Completed,2026-01-18,2026-01-20 00:57:00
4681,1457,Pooja Iyer,Tablet,2,30000,Completed,2026-04-06,2026-04-07 19:36:00
4682,573,Rahul Sharma,Laptop Bag,5,3500,Pending,2026-01-13,2026-01-15 00:43:00
4683,550,Pooja Iyer,SSD,1,8000,Completed,2026-07-27,2026-07-29 16:34:00
4684,1179,Vikram Singh,RAM,5,4000,Cancelled,2026-04-27,2026-04-27 03:07:00
4685,1382,Ajay Reddy,Mouse,1,1200,Pending,2026-04-11,2026-04-12 07:10:00
4686,588,Priya Reddy,Laptop,4,65000,Pending,2026-06-18,2026-06-20 18:44:00
4687,623,Pooja Iyer,Power Bank,4,2200,Completed,2026-02-27,2026-02-27 19:19:00
4688,573,Arjun Kumar,Headphones,5,4500,Completed,2026-03-01,2026-03-02 02:57:00
4689,565,Rohit Verma,Monitor,3,15000,Completed,2026-02-07,2026-02-08 11:31:00
4690,1182,Ananya Das,Laptop Bag,5,3500,Pending,2026-05-22,2026-05-23 17:28:00
4691,1443,Pooja Iyer,SSD,2,8000,Completed,2026-01-02,2026-01-02 19:41:00
4692,740,Vikram Singh,Mouse,3,1200,Completed,2026-01-01,2026-01-01 02:31:00
4693,662,Pooja Iyer,Tablet,2,30000,Completed,2026-06-05,2026-06-05 22:44:00
4694,915,Divya Menon,SSD,5,8000,Completed,2026-02-28,2026-03-02 11:32:00
4695,1040,Arjun Kumar,Mouse,2,1200,Cancelled,2026-05-23,2026-05-24 03:55:00
4696,1347,Divya Menon,Tablet,1,30000,Completed,2026-06-22,2026-06-22 14:57:00
4697,1279,Manoj Rao,Headphones,5,4500,Completed,2026-08-12,2026-08-12 12:34:00
4698,1152,Pooja Iyer,Laptop,4,65000,Completed,2026-05-03,2026-05-05 09:13:00
4699,1210,Divya Menon,Laptop Bag,3,3500,Completed,2026-03-17,2026-03-17 15:10:00
4700,1469,Sneha Rao,Mouse,1,1200,Completed,2026-05-07,2026-05-08 14:00:00
4701,516,Neha Singh,RAM,5,4000,Completed,2026-03-28,2026-03-29 01:25:00
4702,1195,Ajay Reddy,Tablet,2,30000,Pending,2026-02-16,2026-02-18 03:18:00
4703,999,Suresh Kumar,Keyboard,2,2500,Completed,2026-08-22,2026-08-24 16:52:00
4704,1338,Neha Singh,Printer,1,12000,Completed,2026-06-21,2026-06-22 03:13:00
4705,803,Ananya Das,Keyboard,2,2500,Completed,2026-05-02,2026-05-04 20:51:00
4706,1403,Suresh Kumar,Mobile Phone,4,25000,Completed,2026-07-14,2026-07-16 06:09:00
4707,573,Neha Singh,Printer,4,12000,Completed,2026-08-24,2026-08-24 12:38:00
4708,1183,Rahul Sharma,Mobile Phone,2,25000,Pending,2026-07-31,2026-08-02 11:49:00
4709,862,Meera Nair,Webcam,3,5000,Completed,2026-08-28,2026-08-30 01:07:00
4710,1309,Kiran Patel,Webcam,3,5000,Completed,2026-07-18,2026-07-20 12:01:00
4711,1151,Arjun Kumar,Mouse,4,1200,Completed,2026-08-06,2026-08-06 15:44:00
4712,663,Vikram Singh,Laptop,2,65000,Completed,2026-05-13,2026-05-15 16:07:00
4713,958,Vikram Singh,Power Bank,2,2200,Pending,2026-02-16,2026-02-17 05:49:00
4714,1046,Ananya Das,USB Hub,5,1800,Pending,2026-08-11,2026-08-12 20:54:00
4715,507,Kiran Patel,Headphones,1,4500,Completed,2026-01-14,2026-01-15 18:50:00
4716,688,Rahul Sharma,Webcam,2,5000,Cancelled,2026-02-10,2026-02-12 05:17:00
4717,699,Sneha Rao,Smart Watch,2,7500,Completed,2026-07-07,2026-07-07 05:17:00
4718,1480,Meera Nair,RAM,5,4000,Completed,2026-01-18,2026-01-19 02:32:00
4719,1450,Rohit Verma,SSD,3,8000,Pending,2026-06-28,2026-06-28 17:57:00
4720,593,Vikram Singh,Tablet,4,30000,Cancelled,2026-06-17,2026-06-19 05:59:00
4721,781,Sneha Rao,Monitor,3,15000,Completed,2026-09-05,2026-09-07 22:54:00
4722,513,Pooja Iyer,Laptop Bag,3,3500,Completed,2026-08-10,2026-08-10 08:44:00
4723,845,Priya Reddy,Monitor,2,15000,Completed,2026-01-30,2026-01-31 13:48:00
4724,1289,Arjun Kumar,Printer,4,12000,Completed,2026-04-20,2026-04-21 10:54:00
4725,1015,Neha Singh,Webcam,3,5000,Cancelled,2026-04-09,2026-04-11 09:56:00
4726,541,Kiran Patel,Laptop Bag,2,3500,Completed,2026-07-21,2026-07-22 23:36:00
4727,1192,Ajay Reddy,Tablet,2,30000,Completed,2026-08-14,2026-08-15 19:03:00
4728,1475,Neha Singh,Keyboard,3,2500,Completed,2026-08-05,2026-08-05 19:38:00
4729,517,Rohit Verma,SSD,1,8000,Completed,2026-02-21,2026-02-22 13:04:00
4730,588,Suresh Kumar,SSD,3,8000,Completed,2026-05-09,2026-05-09 15:36:00
4731,793,Sneha Rao,Mobile Phone,3,25000,Completed,2026-08-30,2026-08-31 02:13:00
4732,590,Sneha Rao,Laptop Bag,1,3500,Completed,2026-07-04,2026-07-06 15:34:00
4733,1324,Suresh Kumar,Printer,4,12000,Pending,2026-01-04,2026-01-06 21:10:00
4734,1218,Rahul Sharma,Power Bank,2,2200,Pending,2026-06-18,2026-06-20 09:07:00
4735,806,Meera Nair,Smart Watch,5,7500,Completed,2026-04-02,2026-04-04 11:48:00
4736,1402,Rahul Sharma,Printer,3,12000,Completed,2026-01-23,2026-01-25 00:11:00
4737,747,Rohit Verma,Headphones,5,4500,Cancelled,2026-08-08,2026-08-09 11:29:00
4738,1402,Ajay Reddy,Laptop,1,65000,Cancelled,2026-03-20,2026-03-21 14:15:00
4739,1240,Suresh Kumar,Laptop Bag,4,3500,Completed,2026-06-25,2026-06-25 07:57:00
4740,776,Sneha Rao,SSD,2,8000,Pending,2026-08-01,2026-08-02 16:56:00
4741,1005,Priya Reddy,Laptop,5,65000,Pending,2026-08-27,2026-08-27 12:44:00
4742,1417,Rahul Sharma,Headphones,2,4500,Completed,2026-08-05,2026-08-05 02:16:00
4743,1287,Priya Reddy,Laptop Bag,1,3500,Pending,2026-04-19,2026-04-21 02:49:00
4744,576,Neha Singh,RAM,1,4000,Completed,2026-03-30,2026-03-31 05:55:00
4745,726,Rahul Sharma,SSD,3,8000,Completed,2026-03-28,2026-03-29 19:39:00
4746,906,Ananya Das,Mobile Phone,1,25000,Completed,2026-06-25,2026-06-27 06:45:00
4747,1295,Meera Nair,Monitor,2,15000,Cancelled,2026-03-20,2026-03-20 20:22:00
4748,1348,Vikram Singh,Keyboard,3,2500,Completed,2026-07-01,2026-07-02 12:29:00
4749,1281,Neha Singh,Power Bank,3,2200,Pending,2026-07-21,2026-07-21 16:50:00
4750,506,Manoj Rao,USB Hub,5,1800,Pending,2026-01-14,2026-01-16 05:42:00
4751,669,Suresh Kumar,Keyboard,1,2500,Completed,2026-05-03,2026-05-04 05:02:00
4752,1281,Divya Menon,Mouse,4,1200,Completed,2026-06-16,2026-06-18 15:56:00
4753,949,Rahul Sharma,Headphones,4,4500,Completed,2026-04-08,2026-04-10 14:13:00
4754,733,Sneha Rao,Headphones,5,4500,Completed,2026-06-21,2026-06-21 12:47:00
4755,907,Pooja Iyer,USB Hub,3,1800,Completed,2026-03-26,2026-03-26 10:58:00
4756,1016,Ajay Reddy,Mouse,4,1200,Completed,2026-01-24,2026-01-24 12:56:00
4757,1318,Ajay Reddy,Mobile Phone,5,25000,Completed,2026-04-16,2026-04-18 16:42:00
4758,1487,Rohit Verma,Monitor,3,15000,Pending,2026-08-28,2026-08-30 14:17:00
4759,557,Neha Singh,Webcam,5,5000,Completed,2026-04-18,2026-04-18 23:06:00
4760,1246,Sneha Rao,RAM,4,4000,Completed,2026-05-10,2026-05-11 02:11:00
4761,1193,Meera Nair,Monitor,1,15000,Completed,2026-02-18,2026-02-19 09:02:00
4762,1171,Pooja Iyer,Smart Watch,5,7500,Completed,2026-08-23,2026-08-24 04:29:00
4763,657,Priya Reddy,Mobile Phone,3,25000,Completed,2026-03-26,2026-03-27 00:15:00
4764,1070,Ajay Reddy,USB Hub,5,1800,Pending,2026-03-06,2026-03-07 17:25:00
4765,1434,Suresh Kumar,Laptop,1,65000,Completed,2026-06-30,2026-07-01 10:06:00
4766,848,Ananya Das,Printer,4,12000,Pending,2026-01-06,2026-01-07 20:34:00
4767,794,Divya Menon,USB Hub,2,1800,Pending,2026-09-02,2026-09-04 22:20:00
4768,887,Manoj Rao,Laptop Bag,2,3500,Completed,2026-02-06,2026-02-06 13:34:00
4769,1239,Ajay Reddy,Keyboard,2,2500,Completed,2026-02-22,2026-02-22 05:30:00
4770,1280,Divya Menon,Printer,1,12000,Completed,2026-08-29,2026-08-29 13:06:00
4771,624,Manoj Rao,Smart Watch,1,7500,Pending,2026-06-10,2026-06-12 03:33:00
4772,739,Neha Singh,Laptop,2,65000,Pending,2026-04-13,2026-04-14 10:47:00
4773,763,Suresh Kumar,Keyboard,3,2500,Completed,2026-01-18,2026-01-20 02:47:00
4774,1330,Pooja Iyer,Mobile Phone,1,25000,Completed,2026-08-06,2026-08-07 13:02:00
4775,1186,Divya Menon,Keyboard,4,2500,Completed,2026-02-15,2026-02-15 03:02:00
4776,638,Sneha Rao,Mouse,5,1200,Completed,2026-02-12,2026-02-12 22:43:00
4777,552,Ajay Reddy,Laptop Bag,5,3500,Completed,2026-03-08,2026-03-08 04:01:00
4778,1283,Sneha Rao,Tablet,3,30000,Completed,2026-02-07,2026-02-08 07:58:00
4779,1122,Arjun Kumar,Power Bank,1,2200,Completed,2026-07-28,2026-07-29 06:26:00
4780,1156,Suresh Kumar,Keyboard,5,2500,Completed,2026-01-22,2026-01-23 18:33:00
4781,1453,Neha Singh,Mouse,2,1200,Completed,2026-04-24,2026-04-24 02:47:00
4782,1283,Suresh Kumar,Keyboard,5,2500,Completed,2026-01-26,2026-01-27 16:18:00
4783,1442,Priya Reddy,Printer,5,12000,Completed,2026-06-17,2026-06-17 16:46:00
4784,650,Vikram Singh,USB Hub,1,1800,Completed,2026-03-02,2026-03-02 20:32:00
4785,921,Arjun Kumar,RAM,2,4000,Completed,2026-05-03,2026-05-03 05:16:00
4786,655,Rohit Verma,Webcam,1,5000,Completed,2026-08-03,2026-08-03 19:14:00
4787,1417,Manoj Rao,Keyboard,4,2500,Cancelled,2026-02-24,2026-02-25 13:31:00
4788,1195,Ananya Das,USB Hub,2,1800,Completed,2026-09-01,2026-09-01 14:28:00
4789,615,Meera Nair,Laptop,4,65000,Completed,2026-03-17,2026-03-19 19:12:00
4790,1490,Ajay Reddy,Printer,2,12000,Pending,2026-03-04,2026-03-05 09:46:00
4791,1115,Rohit Verma,Headphones,1,4500,Completed,2026-01-05,2026-01-05 15:46:00
4792,1274,Vikram Singh,Power Bank,1,2200,Completed,2026-05-14,2026-05-14 19:23:00
4793,1255,Pooja Iyer,Tablet,1,30000,Completed,2026-05-18,2026-05-20 14:12:00
4794,617,Priya Reddy,Mobile Phone,5,25000,Completed,2026-08-18,2026-08-20 13:59:00
4795,1071,Priya Reddy,Headphones,4,4500,Pending,2026-08-28,2026-08-30 02:23:00
4796,536,Suresh Kumar,USB Hub,5,1800,Cancelled,2026-04-05,2026-04-07 11:11:00
4797,1386,Suresh Kumar,USB Hub,5,1800,Completed,2026-01-25,2026-01-26 14:12:00
4798,546,Ananya Das,SSD,4,8000,Pending,2026-03-16,2026-03-18 14:51:00
4799,1379,Kiran Patel,Keyboard,2,2500,Completed,2026-04-28,2026-04-29 07:31:00
4800,1259,Rahul Sharma,Tablet,3,30000,Completed,2026-09-06,2026-09-08 06:45:00
4801,552,Arjun Kumar,Headphones,1,4500,Completed,2026-07-15,2026-07-16 21:44:00
4802,897,Kiran Patel,Headphones,5,4500,Completed,2026-08-20,2026-08-22 21:33:00
4803,853,Rohit Verma,Power Bank,1,2200,Cancelled,2026-02-21,2026-02-22 01:03:00
4804,1053,Rahul Sharma,Headphones,1,4500,Completed,2026-08-18,2026-08-18 02:48:00
4805,762,Pooja Iyer,Tablet,2,30000,Completed,2026-08-10,2026-08-11 23:42:00
4806,915,Ajay Reddy,Headphones,1,4500,Completed,2026-05-30,2026-05-31 22:53:00
4807,1013,Neha Singh,SSD,3,8000,Pending,2026-04-26,2026-04-26 21:07:00
4808,1316,Kiran Patel,USB Hub,5,1800,Pending,2026-06-04,2026-06-06 11:18:00
4809,1146,Suresh Kumar,Mobile Phone,1,25000,Completed,2026-01-24,2026-01-24 04:06:00
4810,1154,Rahul Sharma,Laptop Bag,2,3500,Completed,2026-06-15,2026-06-15 09:49:00
4811,1024,Meera Nair,Laptop Bag,1,3500,Completed,2026-04-16,2026-04-16 16:46:00
4812,545,Rohit Verma,Mobile Phone,3,25000,Completed,2026-05-16,2026-05-18 16:55:00
4813,1083,Meera Nair,Monitor,3,15000,Completed,2026-01-05,2026-01-05 13:29:00
4814,936,Manoj Rao,Mouse,2,1200,Completed,2026-07-27,2026-07-27 20:22:00
4815,1450,Vikram Singh,USB Hub,1,1800,Completed,2026-02-08,2026-02-10 12:12:00
4816,701,Arjun Kumar,Laptop Bag,2,3500,Cancelled,2026-04-22,2026-04-24 02:51:00
4817,1355,Ajay Reddy,Printer,1,12000,Pending,2026-01-07,2026-01-07 17:39:00
4818,1191,Arjun Kumar,Monitor,4,15000,Completed,2026-05-21,2026-05-21 12:13:00
4819,1182,Manoj Rao,Laptop Bag,3,3500,Completed,2026-06-16,2026-06-18 21:01:00
4820,1015,Rohit Verma,USB Hub,2,1800,Completed,2026-06-16,2026-06-18 21:30:00
4821,706,Ananya Das,Mouse,4,1200,Completed,2026-06-26,2026-06-27 05:11:00
4822,862,Kiran Patel,Laptop,3,65000,Cancelled,2026-04-04,2026-04-06 04:37:00
4823,502,Rohit Verma,Printer,4,12000,Completed,2026-08-17,2026-08-19 19:10:00
4824,1124,Kiran Patel,Tablet,3,30000,Completed,2026-01-17,2026-01-17 16:06:00
4825,1335,Rohit Verma,Tablet,1,30000,Completed,2026-01-13,2026-01-14 12:48:00
4826,549,Vikram Singh,Power Bank,5,2200,Pending,2026-04-22,2026-04-22 20:53:00
4827,812,Priya Reddy,USB Hub,5,1800,Cancelled,2026-02-19,2026-02-21 02:11:00
4828,869,Arjun Kumar,SSD,1,8000,Completed,2026-08-28,2026-08-29 04:40:00
4829,907,Vikram Singh,Laptop Bag,5,3500,Completed,2026-03-02,2026-03-02 16:37:00
4830,1291,Suresh Kumar,Laptop Bag,3,3500,Completed,2026-03-26,2026-03-28 20:47:00
4831,1122,Divya Menon,Mobile Phone,2,25000,Completed,2026-01-21,2026-01-22 04:47:00
4832,649,Vikram Singh,RAM,5,4000,Completed,2026-01-14,2026-01-14 13:09:00
4833,1486,Meera Nair,Laptop Bag,3,3500,Pending,2026-01-08,2026-01-09 00:34:00
4834,849,Vikram Singh,Mouse,4,1200,Completed,2026-02-08,2026-02-08 13:49:00
4835,592,Rohit Verma,Printer,4,12000,Completed,2026-05-14,2026-05-14 01:50:00
4836,819,Arjun Kumar,Power Bank,4,2200,Completed,2026-05-12,2026-05-13 02:50:00
4837,1372,Kiran Patel,Keyboard,2,2500,Completed,2026-08-22,2026-08-24 11:06:00
4838,1084,Kiran Patel,RAM,3,4000,Pending,2026-05-28,2026-05-30 06:24:00
4839,689,Priya Reddy,Keyboard,2,2500,Completed,2026-06-26,2026-06-27 15:35:00
4840,1442,Vikram Singh,Headphones,2,4500,Completed,2026-03-28,2026-03-28 16:16:00
4841,1326,Divya Menon,Laptop,1,65000,Completed,2026-08-09,2026-08-11 02:22:00
4842,1476,Manoj Rao,Keyboard,1,2500,Completed,2026-02-09,2026-02-10 05:22:00
4843,596,Sneha Rao,Mouse,2,1200,Cancelled,2026-01-30,2026-01-31 19:32:00
4844,576,Manoj Rao,Power Bank,2,2200,Cancelled,2026-03-18,2026-03-18 21:45:00
4845,939,Priya Reddy,Headphones,5,4500,Completed,2026-07-24,2026-07-25 01:43:00
4846,928,Manoj Rao,Power Bank,5,2200,Completed,2026-01-10,2026-01-11 06:55:00
4847,1181,Meera Nair,Keyboard,1,2500,Pending,2026-01-14,2026-01-15 16:38:00
4848,944,Pooja Iyer,Laptop,2,65000,Completed,2026-03-06,2026-03-08 03:40:00
4849,1071,Divya Menon,RAM,2,4000,Completed,2026-03-25,2026-03-26 08:30:00
4850,1463,Neha Singh,Power Bank,3,2200,Cancelled,2026-08-18,2026-08-19 04:00:00
4851,810,Ajay Reddy,Webcam,2,5000,Pending,2026-07-13,2026-07-14 00:21:00
4852,1326,Arjun Kumar,SSD,3,8000,Completed,2026-05-18,2026-05-19 10:48:00
4853,683,Ajay Reddy,Headphones,3,4500,Completed,2026-03-30,2026-03-30 16:13:00
4854,860,Divya Menon,RAM,1,4000,Cancelled,2026-05-05,2026-05-06 10:55:00
4855,757,Priya Reddy,Tablet,2,30000,Completed,2026-08-16,2026-08-16 06:14:00
4856,572,Divya Menon,Headphones,1,4500,Pending,2026-06-03,2026-06-05 13:55:00
4857,784,Meera Nair,Mouse,1,1200,Cancelled,2026-03-12,2026-03-12 12:33:00
4858,1468,Kiran Patel,Tablet,5,30000,Pending,2026-03-09,2026-03-11 16:21:00
4859,1480,Priya Reddy,Power Bank,1,2200,Completed,2026-07-14,2026-07-16 17:30:00
4860,1120,Suresh Kumar,Keyboard,4,2500,Completed,2026-06-03,2026-06-04 09:48:00
4861,818,Arjun Kumar,Mobile Phone,5,25000,Completed,2026-05-08,2026-05-10 01:02:00
4862,953,Arjun Kumar,Mobile Phone,2,25000,Cancelled,2026-06-14,2026-06-15 03:07:00
4863,1209,Divya Menon,Printer,4,12000,Pending,2026-01-11,2026-01-13 13:42:00
4864,1208,Ajay Reddy,Printer,5,12000,Completed,2026-07-15,2026-07-15 10:21:00
4865,576,Priya Reddy,Keyboard,2,2500,Completed,2026-04-21,2026-04-22 16:21:00
4866,526,Neha Singh,Webcam,2,5000,Pending,2026-06-22,2026-06-24 02:28:00
4867,645,Manoj Rao,Laptop,3,65000,Completed,2026-06-17,2026-06-18 07:36:00
4868,576,Divya Menon,Laptop Bag,5,3500,Completed,2026-07-25,2026-07-25 12:41:00
4869,1473,Ajay Reddy,Mouse,5,1200,Completed,2026-08-04,2026-08-06 23:24:00
4870,1155,Ananya Das,Smart Watch,2,7500,Completed,2026-06-28,2026-06-30 09:27:00
4871,910,Ajay Reddy,Power Bank,1,2200,Completed,2026-02-17,2026-02-19 18:16:00
4872,1354,Priya Reddy,Mobile Phone,3,25000,Completed,2026-03-01,2026-03-02 17:01:00
4873,1244,Divya Menon,Power Bank,5,2200,Completed,2026-04-21,2026-04-22 05:43:00
4874,827,Ananya Das,Headphones,3,4500,Cancelled,2026-02-24,2026-02-24 23:33:00
4875,983,Neha Singh,USB Hub,5,1800,Completed,2026-05-02,2026-05-05 00:47:00
4876,1200,Priya Reddy,Webcam,4,5000,Cancelled,2026-04-02,2026-04-02 15:52:00
4877,1316,Rahul Sharma,Headphones,3,4500,Completed,2026-04-27,2026-04-29 18:34:00
4878,1254,Ananya Das,Tablet,4,30000,Completed,2026-03-03,2026-03-04 15:49:00
4879,809,Rohit Verma,Tablet,4,30000,Pending,2026-08-17,2026-08-18 21:01:00
4880,1394,Manoj Rao,Monitor,5,15000,Cancelled,2026-07-10,2026-07-12 04:44:00
4881,1372,Meera Nair,Keyboard,5,2500,Completed,2026-07-13,2026-07-14 03:32:00
4882,1142,Neha Singh,Keyboard,4,2500,Pending,2026-04-01,2026-04-02 04:52:00
4883,864,Pooja Iyer,USB Hub,5,1800,Completed,2026-08-12,2026-08-12 02:45:00
4884,1298,Pooja Iyer,Laptop,3,65000,Pending,2026-06-28,2026-06-28 11:55:00
4885,1225,Manoj Rao,Power Bank,3,2200,Cancelled,2026-04-07,2026-04-08 01:09:00
4886,511,Ananya Das,Mouse,3,1200,Pending,2026-07-18,2026-07-19 07:24:00
4887,871,Priya Reddy,Mobile Phone,5,25000,Pending,2026-06-12,2026-06-14 11:31:00
4888,779,Divya Menon,RAM,3,4000,Completed,2026-03-03,2026-03-04 22:01:00
4889,1142,Vikram Singh,Headphones,4,4500,Pending,2026-06-12,2026-06-14 09:01:00
4890,1410,Neha Singh,Laptop Bag,3,3500,Completed,2026-04-08,2026-04-10 03:38:00
4891,1103,Vikram Singh,Headphones,3,4500,Completed,2026-07-09,2026-07-10 17:10:00
4892,1072,Rohit Verma,Monitor,4,15000,Completed,2026-01-04,2026-01-05 15:26:00
4893,1175,Arjun Kumar,Laptop Bag,1,3500,Completed,2026-01-26,2026-01-27 00:16:00
4894,635,Kiran Patel,Mouse,3,1200,Pending,2026-04-21,2026-04-23 07:17:00
4895,537,Neha Singh,RAM,5,4000,Completed,2026-05-07,2026-05-07 05:43:00
4896,1455,Sneha Rao,Monitor,3,15000,Completed,2026-04-05,2026-04-07 00:28:00
4897,1069,Pooja Iyer,Headphones,1,4500,Completed,2026-07-23,2026-07-24 17:34:00
4898,839,Priya Reddy,Mouse,2,1200,Completed,2026-03-27,2026-03-29 20:46:00
4899,1267,Rahul Sharma,Monitor,4,15000,Completed,2026-03-23,2026-03-23 06:21:00
4900,1263,Ajay Reddy,Keyboard,1,2500,Completed,2026-05-29,2026-05-30 05:28:00
4901,1213,Suresh Kumar,Mobile Phone,1,25000,Completed,2026-05-11,2026-05-12 08:30:00
4902,737,Rahul Sharma,Laptop,1,65000,Pending,2026-05-24,2026-05-26 02:44:00
4903,1463,Vikram Singh,RAM,5,4000,Completed,2026-09-02,2026-09-04 17:38:00
4904,1479,Kiran Patel,Monitor,1,15000,Completed,2026-03-27,2026-03-27 06:37:00
4905,1398,Neha Singh,Laptop,4,65000,Completed,2026-04-02,2026-04-02 21:24:00
4906,1022,Vikram Singh,Tablet,2,30000,Completed,2026-08-07,2026-08-08 01:16:00
4907,1381,Sneha Rao,USB Hub,1,1800,Completed,2026-08-31,2026-09-02 19:30:00
4908,1438,Rohit Verma,Keyboard,3,2500,Completed,2026-01-19,2026-01-21 19:05:00
4909,865,Manoj Rao,Laptop Bag,2,3500,Cancelled,2026-08-12,2026-08-14 00:07:00
4910,608,Arjun Kumar,Mobile Phone,1,25000,Completed,2026-06-07,2026-06-07 15:06:00
4911,886,Ananya Das,Keyboard,1,2500,Completed,2026-01-06,2026-01-07 09:31:00
4912,576,Divya Menon,RAM,1,4000,Pending,2026-02-04,2026-02-06 20:57:00
4913,681,Arjun Kumar,RAM,5,4000,Pending,2026-07-09,2026-07-10 18:51:00
4914,1219,Rohit Verma,Mobile Phone,4,25000,Completed,2026-05-13,2026-05-13 08:17:00
4915,554,Vikram Singh,Laptop,5,65000,Completed,2026-01-05,2026-01-07 15:58:00
4916,665,Arjun Kumar,Headphones,2,4500,Pending,2026-03-22,2026-03-22 18:20:00
4917,1458,Manoj Rao,Keyboard,1,2500,Pending,2026-02-01,2026-02-01 04:25:00
4918,1484,Priya Reddy,Laptop,2,65000,Pending,2026-02-07,2026-02-07 19:19:00
4919,1387,Kiran Patel,Printer,3,12000,Pending,2026-01-20,2026-01-21 12:18:00
4920,955,Suresh Kumar,Smart Watch,4,7500,Completed,2026-03-02,2026-03-03 14:28:00
4921,798,Divya Menon,Mouse,5,1200,Pending,2026-04-25,2026-04-27 07:13:00
4922,1310,Pooja Iyer,Laptop,1,65000,Completed,2026-01-17,2026-01-18 09:27:00
4923,661,Kiran Patel,Mobile Phone,4,25000,Completed,2026-03-20,2026-03-21 06:37:00
4924,1431,Ananya Das,Keyboard,3,2500,Pending,2026-02-01,2026-02-02 12:39:00
4925,1266,Suresh Kumar,Tablet,3,30000,Completed,2026-02-17,2026-02-17 14:11:00
4926,1361,Kiran Patel,SSD,3,8000,Completed,2026-05-12,2026-05-14 01:01:00
4927,1343,Arjun Kumar,Webcam,3,5000,Pending,2026-03-24,2026-03-26 05:12:00
4928,1181,Rohit Verma,Laptop,4,65000,Completed,2026-04-20,2026-04-21 23:10:00
4929,635,Meera Nair,Laptop,5,65000,Cancelled,2026-09-05,2026-09-05 08:59:00
4930,1094,Sneha Rao,Smart Watch,4,7500,Completed,2026-04-08,2026-04-08 19:22:00
4931,1121,Vikram Singh,Webcam,1,5000,Completed,2026-08-08,2026-08-10 15:55:00
4932,515,Manoj Rao,USB Hub,5,1800,Completed,2026-08-02,2026-08-04 03:17:00
4933,1389,Vikram Singh,Smart Watch,4,7500,Completed,2026-06-20,2026-06-21 13:28:00
4934,722,Vikram Singh,Printer,1,12000,Cancelled,2026-04-17,2026-04-18 02:36:00
4935,879,Meera Nair,Mouse,1,1200,Completed,2026-01-28,2026-01-28 21:27:00
4936,1195,Rohit Verma,Keyboard,5,2500,Completed,2026-04-17,2026-04-17 16:29:00
4937,677,Arjun Kumar,Laptop,5,65000,Completed,2026-02-24,2026-02-26 23:15:00
4938,1437,Ajay Reddy,RAM,1,4000,Completed,2026-08-29,2026-08-29 06:01:00
4939,1163,Vikram Singh,Keyboard,5,2500,Completed,2026-01-18,2026-01-20 23:42:00
4940,519,Rohit Verma,Mouse,2,1200,Cancelled,2026-02-26,2026-02-26 02:14:00
4941,1173,Arjun Kumar,SSD,1,8000,Completed,2026-05-15,2026-05-16 15:59:00
4942,1465,Manoj Rao,Headphones,2,4500,Completed,2026-01-04,2026-01-06 23:06:00
4943,1248,Arjun Kumar,Tablet,2,30000,Pending,2026-04-01,2026-04-01 10:14:00
4944,706,Sneha Rao,Power Bank,2,2200,Pending,2026-06-30,2026-06-30 14:29:00
4945,785,Meera Nair,Laptop,5,65000,Completed,2026-06-13,2026-06-15 13:53:00
4946,1217,Ajay Reddy,Mouse,2,1200,Completed,2026-04-14,2026-04-14 05:40:00
4947,877,Ananya Das,Mouse,3,1200,Pending,2026-05-05,2026-05-06 21:49:00
4948,746,Vikram Singh,Headphones,2,4500,Pending,2026-05-25,2026-05-25 03:03:00
4949,1291,Divya Menon,Keyboard,5,2500,Completed,2026-04-20,2026-04-21 16:07:00
4950,655,Arjun Kumar,Tablet,1,30000,Completed,2026-02-10,2026-02-11 10:06:00
4951,975,Ajay Reddy,Tablet,3,30000,Completed,2026-04-09,2026-04-11 02:25:00
4952,1490,Priya Reddy,Laptop,1,65000,Completed,2026-07-08,2026-07-11 00:59:00
4953,1329,Ajay Reddy,Monitor,4,15000,Completed,2026-05-17,2026-05-18 01:35:00
4954,719,Divya Menon,Laptop Bag,1,3500,Cancelled,2026-01-12,2026-01-14 10:24:00
4955,1375,Ajay Reddy,Tablet,1,30000,Completed,2026-09-08,2026-09-08 16:09:00
4956,1235,Arjun Kumar,USB Hub,5,1800,Completed,2026-03-22,2026-03-23 19:52:00
4957,1394,Vikram Singh,SSD,5,8000,Completed,2026-05-24,2026-05-25 11:23:00
4958,669,Vikram Singh,Laptop,4,65000,Cancelled,2026-05-18,2026-05-18 12:32:00
4959,802,Vikram Singh,RAM,1,4000,Pending,2026-01-26,2026-01-26 16:50:00
4960,1191,Priya Reddy,Monitor,3,15000,Completed,2026-01-05,2026-01-05 09:27:00
4961,1470,Rahul Sharma,Power Bank,2,2200,Completed,2026-02-16,2026-02-17 20:09:00
4962,1001,Ananya Das,USB Hub,5,1800,Completed,2026-01-01,2026-01-01 03:48:00
4963,1439,Neha Singh,Laptop Bag,2,3500,Completed,2026-04-20,2026-04-22 23:56:00
4964,1049,Arjun Kumar,Mobile Phone,1,25000,Cancelled,2026-03-02,2026-03-03 00:56:00
4965,1028,Pooja Iyer,Headphones,2,4500,Completed,2026-04-28,2026-04-28 11:59:00
4966,647,Arjun Kumar,Laptop Bag,3,3500,Completed,2026-01-05,2026-01-06 07:06:00
4967,911,Manoj Rao,Mouse,3,1200,Completed,2026-01-21,2026-01-22 05:28:00
4968,1315,Suresh Kumar,Power Bank,1,2200,Pending,2026-05-08,2026-05-08 20:41:00
4969,1404,Rohit Verma,Laptop Bag,4,3500,Completed,2026-01-26,2026-01-27 03:47:00
4970,1081,Priya Reddy,USB Hub,4,1800,Completed,2026-01-08,2026-01-09 12:13:00
4971,1445,Kiran Patel,Monitor,4,15000,Completed,2026-04-15,2026-04-15 21:20:00
4972,904,Meera Nair,Mouse,3,1200,Completed,2026-04-24,2026-04-24 05:19:00
4973,1299,Kiran Patel,Laptop Bag,5,3500,Completed,2026-09-04,2026-09-06 08:05:00
4974,1443,Divya Menon,RAM,3,4000,Completed,2026-06-16,2026-06-16 05:42:00
4975,672,Suresh Kumar,Smart Watch,3,7500,Completed,2026-08-24,2026-08-25 11:07:00
4976,697,Vikram Singh,Smart Watch,3,7500,Completed,2026-03-29,2026-03-29 19:48:00
4977,851,Priya Reddy,USB Hub,1,1800,Completed,2026-04-25,2026-04-26 06:32:00
4978,602,Arjun Kumar,Mouse,5,1200,Completed,2026-06-17,2026-06-18 22:59:00
4979,1121,Pooja Iyer,Keyboard,3,2500,Cancelled,2026-02-05,2026-02-05 07:08:00
4980,925,Arjun Kumar,Power Bank,2,2200,Pending,2026-08-01,2026-08-03 06:53:00
4981,926,Rahul Sharma,Mouse,5,1200,Completed,2026-02-17,2026-02-18 21:39:00
4982,526,Kiran Patel,Mobile Phone,2,25000,Completed,2026-04-20,2026-04-21 20:32:00
4983,1094,Rahul Sharma,Webcam,2,5000,Cancelled,2026-06-30,2026-06-30 17:10:00
4984,1387,Meera Nair,Mouse,5,1200,Completed,2026-02-18,2026-02-19 12:16:00
4985,624,Meera Nair,Smart Watch,4,7500,Completed,2026-06-09,2026-06-10 11:45:00
4986,1329,Kiran Patel,RAM,2,4000,Completed,2026-07-30,2026-08-01 21:45:00
4987,780,Divya Menon,Headphones,4,4500,Cancelled,2026-01-14,2026-01-16 09:27:00
4988,788,Neha Singh,Monitor,1,15000,Completed,2026-05-20,2026-05-22 20:14:00
4989,594,Rohit Verma,Power Bank,5,2200,Completed,2026-05-03,2026-05-05 03:33:00
4990,1048,Vikram Singh,RAM,1,4000,Completed,2026-03-24,2026-03-26 08:18:00
4991,520,Arjun Kumar,Mouse,5,1200,Cancelled,2026-04-04,2026-04-06 20:14:00
4992,1414,Meera Nair,Laptop Bag,5,3500,Cancelled,2026-01-26,2026-01-28 02:56:00
4993,1308,Suresh Kumar,Mouse,4,1200,Pending,2026-04-30,2026-05-01 19:56:00
4994,859,Kiran Patel,Laptop,3,65000,Completed,2026-05-18,2026-05-18 11:01:00
4995,1478,Sneha Rao,USB Hub,5,1800,Pending,2026-07-04,2026-07-06 11:29:00
4996,664,Ajay Reddy,USB Hub,3,1800,Completed,2026-07-28,2026-07-28 13:11:00
4997,1205,Suresh Kumar,Power Bank,3,2200,Completed,2026-09-07,2026-09-10 00:11:00
4998,1492,Suresh Kumar,Laptop Bag,2,3500,Completed,2026-05-18,2026-05-18 11:56:00
4999,1188,Arjun Kumar,Mouse,5,1200,Cancelled,2026-04-06,2026-04-06 15:05:00
5000,1429,Rahul Sharma,USB Hub,3,1800,Pending,2026-04-27,2026-04-28 19:08:00
5001,1053,Vikram Singh,Headphones,4,4500,Pending,2026-07-31,2026-07-31 22:22:00
5002,632,Sneha Rao,Tablet,4,30000,Completed,2026-05-01,2026-05-03 21:44:00
5003,736,Meera Nair,Mouse,1,1200,Completed,2026-07-07,2026-07-08 10:09:00
5004,585,Kiran Patel,Tablet,5,30000,Completed,2026-01-10,2026-01-12 12:52:00
5005,721,Pooja Iyer,Smart Watch,1,7500,Pending,2026-03-17,2026-03-18 15:52:00
5006,1090,Meera Nair,Mobile Phone,3,25000,Pending,2026-01-01,2026-01-03 12:02:00
5007,512,Kiran Patel,Laptop,3,65000,Cancelled,2026-02-18,2026-02-20 12:31:00
5008,797,Ananya Das,Tablet,1,30000,Completed,2026-07-20,2026-07-21 17:38:00
5009,527,Neha Singh,Mouse,2,1200,Pending,2026-05-13,2026-05-13 23:36:00
5010,801,Divya Menon,Monitor,4,15000,Completed,2026-02-02,2026-02-04 01:28:00
5011,1097,Suresh Kumar,Laptop,5,65000,Completed,2026-07-09,2026-07-11 23:32:00
5012,742,Rohit Verma,Headphones,3,4500,Completed,2026-05-02,2026-05-04 10:23:00
5013,1257,Meera Nair,Smart Watch,4,7500,Completed,2026-06-02,2026-06-03 11:19:00
5014,761,Vikram Singh,Laptop Bag,1,3500,Completed,2026-04-24,2026-04-26 14:37:00
5015,964,Ajay Reddy,Keyboard,4,2500,Completed,2026-05-04,2026-05-05 09:59:00
5016,1375,Priya Reddy,Mobile Phone,1,25000,Pending,2026-02-18,2026-02-19 02:00:00
5017,903,Neha Singh,Tablet,5,30000,Completed,2026-05-16,2026-05-17 18:33:00
5018,510,Manoj Rao,Keyboard,2,2500,Completed,2026-05-30,2026-05-31 19:23:00
5019,1266,Ananya Das,Headphones,4,4500,Completed,2026-04-05,2026-04-05 16:57:00
5020,1395,Kiran Patel,RAM,3,4000,Completed,2026-08-15,2026-08-16 02:39:00
5021,1267,Ajay Reddy,Mouse,2,1200,Completed,2026-07-08,2026-07-10 13:40:00
5022,1296,Divya Menon,Monitor,3,15000,Cancelled,2026-04-29,2026-05-01 07:18:00
5023,546,Ajay Reddy,Tablet,2,30000,Completed,2026-02-04,2026-02-04 03:52:00
5024,570,Sneha Rao,Mobile Phone,1,25000,Completed,2026-07-09,2026-07-09 07:59:00
5025,690,Priya Reddy,Webcam,2,5000,Completed,2026-07-18,2026-07-18 21:27:00
5026,560,Kiran Patel,Tablet,2,30000,Completed,2026-07-28,2026-07-28 20:57:00
5027,1249,Manoj Rao,Headphones,4,4500,Completed,2026-01-28,2026-01-28 02:26:00
5028,857,Manoj Rao,Laptop Bag,5,3500,Completed,2026-06-09,2026-06-09 17:12:00
5029,997,Ajay Reddy,Smart Watch,1,7500,Completed,2026-07-01,2026-07-01 14:03:00
5030,1094,Manoj Rao,Power Bank,1,2200,Pending,2026-04-28,2026-04-29 12:16:00
5031,1438,Divya Menon,Mouse,5,1200,Completed,2026-04-03,2026-04-03 03:07:00
5032,795,Meera Nair,Power Bank,1,2200,Completed,2026-08-18,2026-08-19 19:36:00
5033,917,Rohit Verma,Printer,2,12000,Completed,2026-07-10,2026-07-11 15:06:00
5034,1101,Priya Reddy,Keyboard,4,2500,Completed,2026-02-16,2026-02-17 23:17:00
5035,521,Pooja Iyer,Laptop Bag,3,3500,Cancelled,2026-08-29,2026-09-01 00:36:00
5036,990,Rahul Sharma,Smart Watch,4,7500,Completed,2026-06-21,2026-06-23 20:51:00
5037,1360,Meera Nair,RAM,4,4000,Completed,2026-06-09,2026-06-10 12:37:00
5038,539,Ananya Das,Laptop Bag,1,3500,Completed,2026-08-10,2026-08-10 10:32:00
5039,1382,Priya Reddy,USB Hub,3,1800,Pending,2026-06-03,2026-06-05 07:17:00
5040,1182,Ajay Reddy,Printer,3,12000,Completed,2026-02-16,2026-02-18 22:23:00
5041,1134,Pooja Iyer,Laptop,2,65000,Completed,2026-04-19,2026-04-20 09:44:00
5042,1409,Divya Menon,Smart Watch,4,7500,Pending,2026-05-17,2026-05-17 03:43:00
5043,584,Priya Reddy,RAM,5,4000,Completed,2026-05-18,2026-05-18 04:21:00
5044,615,Vikram Singh,SSD,5,8000,Completed,2026-05-15,2026-05-17 04:53:00
5045,1429,Neha Singh,USB Hub,2,1800,Completed,2026-02-25,2026-02-27 01:12:00
5046,1459,Manoj Rao,Printer,2,12000,Pending,2026-05-29,2026-05-31 15:19:00
5047,1246,Pooja Iyer,Power Bank,4,2200,Pending,2026-03-15,2026-03-15 06:59:00
5048,1221,Rohit Verma,Monitor,1,15000,Completed,2026-05-10,2026-05-12 00:48:00
5049,867,Pooja Iyer,Tablet,5,30000,Pending,2026-05-05,2026-05-07 16:20:00
5050,517,Sneha Rao,Monitor,4,15000,Completed,2026-06-22,2026-06-22 02:03:00
5051,1431,Rahul Sharma,Laptop Bag,2,3500,Completed,2026-09-02,2026-09-04 01:11:00
5052,700,Rohit Verma,Keyboard,4,2500,Completed,2026-02-24,2026-02-24 19:37:00
5053,1350,Rohit Verma,Smart Watch,2,7500,Completed,2026-03-25,2026-03-26 10:53:00
5054,1302,Suresh Kumar,RAM,3,4000,Completed,2026-07-09,2026-07-09 10:55:00
5055,1333,Meera Nair,RAM,4,4000,Pending,2026-04-05,2026-04-05 09:10:00
5056,1198,Manoj Rao,Mouse,1,1200,Completed,2026-03-26,2026-03-26 14:37:00
5057,920,Arjun Kumar,USB Hub,5,1800,Completed,2026-01-17,2026-01-17 05:19:00
5058,687,Rohit Verma,Tablet,3,30000,Completed,2026-03-01,2026-03-01 20:42:00
5059,1151,Priya Reddy,Laptop,3,65000,Completed,2026-05-29,2026-05-29 07:18:00
5060,703,Sneha Rao,RAM,1,4000,Pending,2026-01-16,2026-01-18 15:36:00
5061,1133,Kiran Patel,Mouse,2,1200,Completed,2026-04-03,2026-04-04 02:56:00
5062,681,Rahul Sharma,Keyboard,1,2500,Completed,2026-03-31,2026-04-01 19:19:00
5063,1299,Meera Nair,Webcam,3,5000,Pending,2026-04-21,2026-04-23 20:27:00
5064,1349,Divya Menon,Laptop Bag,2,3500,Cancelled,2026-06-25,2026-06-27 15:21:00
5065,789,Rahul Sharma,Smart Watch,5,7500,Completed,2026-04-13,2026-04-14 04:15:00
5066,790,Rohit Verma,Printer,5,12000,Completed,2026-03-18,2026-03-20 02:37:00
5067,534,Kiran Patel,Laptop,3,65000,Completed,2026-07-29,2026-07-29 20:17:00
5068,1497,Rahul Sharma,RAM,1,4000,Pending,2026-05-24,2026-05-26 03:13:00
5069,912,Arjun Kumar,Tablet,2,30000,Pending,2026-05-28,2026-05-30 08:23:00
5070,1105,Divya Menon,Webcam,3,5000,Completed,2026-05-25,2026-05-26 11:14:00
5071,1430,Meera Nair,Smart Watch,3,7500,Completed,2026-04-15,2026-04-16 12:16:00
5072,776,Sneha Rao,Headphones,5,4500,Completed,2026-05-18,2026-05-20 07:32:00
5073,1450,Ananya Das,Laptop Bag,2,3500,Completed,2026-02-06,2026-02-08 19:34:00
5074,589,Arjun Kumar,Printer,4,12000,Pending,2026-07-04,2026-07-06 02:27:00
5075,809,Ajay Reddy,Laptop,5,65000,Completed,2026-03-19,2026-03-19 15:59:00
5076,1067,Suresh Kumar,Printer,1,12000,Completed,2026-04-20,2026-04-20 19:43:00
5077,1221,Sneha Rao,Printer,1,12000,Completed,2026-01-31,2026-02-02 17:03:00
5078,1317,Sneha Rao,Mobile Phone,3,25000,Completed,2026-01-02,2026-01-05 00:01:00
5079,1382,Manoj Rao,Monitor,4,15000,Pending,2026-07-04,2026-07-04 18:42:00
5080,1132,Manoj Rao,Mobile Phone,3,25000,Completed,2026-08-07,2026-08-09 17:09:00
5081,1445,Ajay Reddy,Keyboard,4,2500,Completed,2026-07-01,2026-07-02 19:02:00
5082,1224,Pooja Iyer,Printer,3,12000,Completed,2026-04-22,2026-04-24 22:58:00
5083,1025,Rahul Sharma,Mouse,5,1200,Completed,2026-03-08,2026-03-10 21:58:00
5084,1306,Rohit Verma,Mouse,3,1200,Pending,2026-04-12,2026-04-13 22:40:00
5085,1146,Vikram Singh,Laptop Bag,3,3500,Completed,2026-07-14,2026-07-15 05:17:00
5086,1463,Arjun Kumar,Mouse,1,1200,Completed,2026-04-19,2026-04-19 03:57:00
5087,1041,Divya Menon,Printer,3,12000,Completed,2026-03-12,2026-03-13 16:09:00
5088,1355,Ajay Reddy,Monitor,4,15000,Pending,2026-06-25,2026-06-27 15:16:00
5089,1349,Manoj Rao,Mouse,2,1200,Pending,2026-07-22,2026-07-23 01:15:00
5090,533,Suresh Kumar,Keyboard,1,2500,Completed,2026-04-06,2026-04-06 14:53:00
5091,1001,Vikram Singh,Smart Watch,2,7500,Cancelled,2026-01-21,2026-01-22 10:18:00
5092,1469,Meera Nair,USB Hub,2,1800,Completed,2026-01-05,2026-01-07 20:03:00
5093,777,Suresh Kumar,Keyboard,3,2500,Completed,2026-06-06,2026-06-06 16:09:00
5094,956,Manoj Rao,Monitor,3,15000,Completed,2026-08-15,2026-08-15 19:57:00
5095,1084,Rohit Verma,Mobile Phone,4,25000,Completed,2026-07-06,2026-07-07 23:40:00
5096,991,Ananya Das,Headphones,2,4500,Completed,2026-06-24,2026-06-26 23:03:00
5097,1292,Rohit Verma,Smart Watch,1,7500,Cancelled,2026-02-05,2026-02-05 20:32:00
5098,1038,Priya Reddy,Power Bank,1,2200,Pending,2026-06-07,2026-06-09 09:15:00
5099,820,Meera Nair,Laptop,4,65000,Completed,2026-09-03,2026-09-04 11:40:00
5100,1329,Pooja Iyer,SSD,3,8000,Completed,2026-03-04,2026-03-04 19:19:00
5101,561,Divya Menon,Webcam,2,5000,Completed,2026-08-07,2026-08-09 09:17:00
5102,712,Rohit Verma,Tablet,4,30000,Completed,2026-01-03,2026-01-04 17:06:00
5103,956,Priya Reddy,Mouse,4,1200,Pending,2026-04-11,2026-04-13 18:59:00
5104,1056,Kiran Patel,Mouse,1,1200,Pending,2026-07-25,2026-07-26 04:48:00
5105,1458,Rahul Sharma,Keyboard,2,2500,Completed,2026-04-21,2026-04-23 19:36:00
5106,824,Kiran Patel,Power Bank,4,2200,Completed,2026-06-03,2026-06-03 15:56:00
5107,1162,Rohit Verma,Tablet,2,30000,Completed,2026-08-01,2026-08-02 22:46:00
5108,818,Rahul Sharma,Mouse,4,1200,Completed,2026-07-24,2026-07-25 00:15:00
5109,1087,Kiran Patel,SSD,2,8000,Completed,2026-04-07,2026-04-08 23:09:00
5110,554,Priya Reddy,Laptop,2,65000,Completed,2026-06-03,2026-06-03 18:07:00
5111,1340,Priya Reddy,Tablet,1,30000,Completed,2026-09-03,2026-09-05 18:33:00
5112,922,Ananya Das,Headphones,2,4500,Pending,2026-05-11,2026-05-11 05:23:00
5113,984,Pooja Iyer,Mouse,1,1200,Completed,2026-08-30,2026-08-30 11:41:00
5114,1360,Priya Reddy,USB Hub,3,1800,Pending,2026-05-23,2026-05-23 23:13:00
5115,611,Ananya Das,Tablet,1,30000,Completed,2026-04-24,2026-04-24 13:45:00
5116,729,Divya Menon,Mobile Phone,5,25000,Completed,2026-08-21,2026-08-21 20:22:00
5117,578,Manoj Rao,SSD,3,8000,Completed,2026-01-06,2026-01-07 06:42:00
5118,854,Rohit Verma,Printer,2,12000,Completed,2026-07-22,2026-07-24 15:57:00
5119,511,Divya Menon,Mouse,3,1200,Cancelled,2026-06-30,2026-07-01 00:35:00
5120,650,Manoj Rao,RAM,4,4000,Completed,2026-06-24,2026-06-25 13:55:00
5121,665,Neha Singh,Webcam,4,5000,Completed,2026-06-18,2026-06-18 06:16:00
5122,715,Priya Reddy,SSD,4,8000,Pending,2026-08-22,2026-08-24 09:32:00
5123,1060,Rahul Sharma,Smart Watch,1,7500,Completed,2026-06-24,2026-06-26 12:26:00
5124,860,Meera Nair,Headphones,1,4500,Completed,2026-06-05,2026-06-06 05:39:00
5125,1077,Sneha Rao,USB Hub,1,1800,Completed,2026-06-03,2026-06-03 20:33:00
5126,875,Meera Nair,Laptop Bag,1,3500,Pending,2026-03-20,2026-03-20 17:32:00
5127,1263,Sneha Rao,Laptop,2,65000,Pending,2026-04-27,2026-04-28 23:40:00
5128,1096,Meera Nair,Webcam,4,5000,Cancelled,2026-03-18,2026-03-20 10:31:00
5129,1007,Kiran Patel,Mobile Phone,2,25000,Completed,2026-02-28,2026-03-02 04:20:00
5130,1238,Ajay Reddy,Laptop,1,65000,Completed,2026-06-21,2026-06-21 04:32:00
5131,680,Suresh Kumar,Headphones,1,4500,Completed,2026-07-16,2026-07-17 08:53:00
5132,713,Suresh Kumar,Printer,2,12000,Pending,2026-03-01,2026-03-02 15:22:00
5133,939,Manoj Rao,SSD,3,8000,Completed,2026-03-02,2026-03-04 07:55:00
5134,1402,Ajay Reddy,RAM,4,4000,Completed,2026-02-19,2026-02-21 06:53:00
5135,909,Ananya Das,Printer,5,12000,Completed,2026-04-29,2026-05-01 21:54:00
5136,821,Suresh Kumar,Printer,4,12000,Completed,2026-01-13,2026-01-15 01:23:00
5137,550,Pooja Iyer,Laptop,1,65000,Pending,2026-04-30,2026-04-30 20:58:00
5138,1240,Divya Menon,USB Hub,5,1800,Completed,2026-01-30,2026-02-01 03:41:00
5139,585,Arjun Kumar,SSD,3,8000,Completed,2026-01-31,2026-01-31 18:51:00
5140,572,Divya Menon,Printer,4,12000,Pending,2026-05-04,2026-05-04 03:28:00
5141,1009,Vikram Singh,Laptop Bag,3,3500,Completed,2026-08-30,2026-08-31 12:52:00
5142,854,Manoj Rao,Laptop,3,65000,Completed,2026-08-29,2026-08-29 12:26:00
5143,1465,Ajay Reddy,Mouse,2,1200,Completed,2026-03-09,2026-03-10 18:01:00
5144,1055,Rohit Verma,Laptop Bag,1,3500,Cancelled,2026-08-13,2026-08-13 12:49:00
5145,758,Ajay Reddy,Keyboard,2,2500,Pending,2026-01-13,2026-01-14 10:23:00
5146,1500,Arjun Kumar,Mobile Phone,5,25000,Pending,2026-06-03,2026-06-03 16:56:00
5147,1047,Sneha Rao,Tablet,5,30000,Completed,2026-06-02,2026-06-04 15:58:00
5148,1092,Ananya Das,Laptop,5,65000,Completed,2026-05-09,2026-05-10 04:47:00
5149,883,Manoj Rao,Laptop Bag,2,3500,Completed,2026-07-27,2026-07-27 03:44:00
5150,1495,Manoj Rao,Laptop Bag,2,3500,Completed,2026-04-20,2026-04-21 19:25:00
5151,1360,Ajay Reddy,Mouse,3,1200,Completed,2026-03-11,2026-03-12 18:14:00
5152,522,Kiran Patel,Keyboard,4,2500,Completed,2026-07-21,2026-07-21 03:19:00
5153,837,Neha Singh,Keyboard,1,2500,Completed,2026-03-20,2026-03-21 03:22:00
5154,1338,Manoj Rao,Printer,1,12000,Completed,2026-03-26,2026-03-26 02:14:00
5155,1228,Ajay Reddy,RAM,5,4000,Completed,2026-04-26,2026-04-27 02:32:00
5156,883,Arjun Kumar,Printer,1,12000,Completed,2026-06-05,2026-06-06 19:23:00
5157,988,Pooja Iyer,Laptop Bag,5,3500,Completed,2026-05-12,2026-05-14 21:44:00
5158,1343,Priya Reddy,Mobile Phone,2,25000,Completed,2026-05-18,2026-05-20 00:01:00
5159,1458,Kiran Patel,Headphones,2,4500,Completed,2026-03-05,2026-03-05 14:45:00
5160,1404,Kiran Patel,Tablet,2,30000,Completed,2026-01-27,2026-01-28 15:24:00
5161,914,Ananya Das,Mobile Phone,2,25000,Completed,2026-03-27,2026-03-28 05:17:00
5162,1286,Ajay Reddy,Laptop,5,65000,Cancelled,2026-05-31,2026-06-01 18:42:00
5163,744,Meera Nair,Power Bank,2,2200,Cancelled,2026-07-30,2026-07-30 06:01:00
5164,1024,Rohit Verma,Power Bank,3,2200,Pending,2026-04-08,2026-04-08 04:03:00
5165,1282,Priya Reddy,SSD,4,8000,Completed,2026-03-31,2026-04-01 02:04:00
5166,1270,Divya Menon,Monitor,5,15000,Completed,2026-06-15,2026-06-16 23:27:00
5167,975,Ajay Reddy,Webcam,1,5000,Completed,2026-04-26,2026-04-27 05:54:00
5168,1122,Divya Menon,Laptop,3,65000,Completed,2026-03-31,2026-03-31 11:03:00
5169,1009,Priya Reddy,USB Hub,3,1800,Completed,2026-05-14,2026-05-14 20:28:00
5170,720,Meera Nair,SSD,1,8000,Completed,2026-01-23,2026-01-23 03:24:00
5171,1411,Divya Menon,SSD,5,8000,Pending,2026-05-17,2026-05-17 02:36:00
5172,1448,Suresh Kumar,RAM,2,4000,Pending,2026-02-13,2026-02-14 19:03:00
5173,1327,Divya Menon,Laptop Bag,1,3500,Completed,2026-06-29,2026-06-30 22:12:00
5174,677,Arjun Kumar,Laptop,2,65000,Completed,2026-01-26,2026-01-27 10:24:00
5175,1247,Divya Menon,Keyboard,4,2500,Completed,2026-05-04,2026-05-04 16:48:00
5176,617,Meera Nair,Webcam,4,5000,Completed,2026-06-26,2026-06-27 15:39:00
5177,1201,Neha Singh,Headphones,2,4500,Cancelled,2026-07-21,2026-07-23 17:42:00
5178,543,Sneha Rao,Mobile Phone,5,25000,Completed,2026-01-02,2026-01-02 11:43:00
5179,1210,Divya Menon,Headphones,2,4500,Completed,2026-07-18,2026-07-18 21:14:00
5180,1293,Rahul Sharma,USB Hub,2,1800,Completed,2026-07-01,2026-07-01 03:55:00
5181,875,Manoj Rao,Mobile Phone,4,25000,Completed,2026-01-19,2026-01-21 05:01:00
5182,1007,Manoj Rao,Mouse,3,1200,Completed,2026-02-25,2026-02-26 19:12:00
5183,1466,Priya Reddy,Webcam,5,5000,Completed,2026-04-27,2026-04-29 21:36:00
5184,1100,Rahul Sharma,USB Hub,3,1800,Pending,2026-05-02,2026-05-03 11:59:00
5185,706,Neha Singh,Headphones,3,4500,Pending,2026-04-23,2026-04-25 18:48:00
5186,1007,Meera Nair,RAM,3,4000,Completed,2026-07-13,2026-07-16 00:38:00
5187,515,Manoj Rao,Mouse,2,1200,Completed,2026-05-24,2026-05-25 19:40:00
5188,1257,Ajay Reddy,Tablet,1,30000,Pending,2026-07-23,2026-07-24 13:04:00
5189,766,Arjun Kumar,Keyboard,4,2500,Cancelled,2026-07-05,2026-07-06 14:38:00
5190,608,Divya Menon,Smart Watch,2,7500,Completed,2026-09-05,2026-09-06 05:12:00
5191,1087,Rohit Verma,Tablet,3,30000,Completed,2026-05-20,2026-05-21 11:47:00
5192,1276,Manoj Rao,Smart Watch,1,7500,Pending,2026-02-26,2026-02-28 15:14:00
5193,1142,Sneha Rao,Keyboard,4,2500,Pending,2026-05-01,2026-05-03 22:27:00
5194,1213,Arjun Kumar,Printer,5,12000,Completed,2026-08-29,2026-08-29 21:03:00
5195,1081,Rahul Sharma,Headphones,4,4500,Pending,2026-06-24,2026-06-26 19:53:00
5196,1221,Sneha Rao,Power Bank,2,2200,Completed,2026-07-12,2026-07-12 15:52:00
5197,1153,Meera Nair,Mouse,4,1200,Completed,2026-03-11,2026-03-12 12:49:00
5198,772,Ananya Das,Power Bank,3,2200,Pending,2026-05-21,2026-05-21 03:22:00
5199,1080,Kiran Patel,Laptop Bag,5,3500,Pending,2026-02-28,2026-02-28 02:18:00
5200,983,Vikram Singh,Smart Watch,5,7500,Completed,2026-06-25,2026-06-25 16:36:00
5201,894,Neha Singh,RAM,2,4000,Completed,2026-06-02,2026-06-03 22:44:00
5202,1325,Sneha Rao,RAM,4,4000,Completed,2026-03-30,2026-03-31 07:17:00
5203,927,Pooja Iyer,Tablet,2,30000,Completed,2026-05-23,2026-05-23 14:03:00
5204,1203,Rohit Verma,Keyboard,1,2500,Completed,2026-07-21,2026-07-23 23:15:00
5205,1414,Arjun Kumar,Mobile Phone,1,25000,Completed,2026-03-23,2026-03-24 20:02:00
5206,624,Manoj Rao,Mobile Phone,1,25000,Completed,2026-08-22,2026-08-23 08:24:00
5207,873,Pooja Iyer,Laptop Bag,3,3500,Pending,2026-06-17,2026-06-18 10:15:00
5208,1376,Ajay Reddy,Laptop,1,65000,Completed,2026-02-10,2026-02-10 06:11:00
5209,923,Divya Menon,Headphones,5,4500,Completed,2026-08-12,2026-08-12 05:29:00
5210,888,Suresh Kumar,Power Bank,5,2200,Completed,2026-06-03,2026-06-04 06:24:00
5211,1141,Arjun Kumar,USB Hub,1,1800,Completed,2026-06-23,2026-06-25 09:02:00
5212,1118,Priya Reddy,Mobile Phone,2,25000,Cancelled,2026-03-01,2026-03-01 01:43:00
5213,1176,Suresh Kumar,Laptop Bag,4,3500,Cancelled,2026-03-25,2026-03-26 13:14:00
5214,813,Divya Menon,Printer,5,12000,Completed,2026-07-15,2026-07-16 22:21:00
5215,750,Ananya Das,Power Bank,1,2200,Completed,2026-03-13,2026-03-14 11:05:00
5216,894,Meera Nair,Mouse,5,1200,Completed,2026-05-24,2026-05-24 08:54:00
5217,939,Rohit Verma,RAM,3,4000,Completed,2026-02-17,2026-02-17 20:20:00
5218,1057,Kiran Patel,Laptop Bag,2,3500,Completed,2026-06-07,2026-06-09 02:50:00
5219,747,Vikram Singh,Smart Watch,5,7500,Cancelled,2026-08-28,2026-08-28 14:37:00
5220,631,Ajay Reddy,Printer,2,12000,Pending,2026-03-19,2026-03-20 10:05:00
5221,1406,Kiran Patel,Tablet,2,30000,Completed,2026-07-31,2026-08-02 16:27:00
5222,1091,Suresh Kumar,Keyboard,4,2500,Completed,2026-04-27,2026-04-29 04:26:00
5223,983,Suresh Kumar,Mobile Phone,4,25000,Completed,2026-08-15,2026-08-17 07:19:00
5224,897,Manoj Rao,Webcam,5,5000,Completed,2026-04-20,2026-04-21 08:37:00
5225,1095,Kiran Patel,Printer,1,12000,Completed,2026-07-14,2026-07-14 18:21:00
5226,751,Suresh Kumar,Laptop Bag,5,3500,Pending,2026-07-14,2026-07-16 01:28:00
5227,1375,Meera Nair,RAM,3,4000,Cancelled,2026-04-10,2026-04-10 04:34:00
5228,763,Meera Nair,USB Hub,4,1800,Completed,2026-01-08,2026-01-10 03:14:00
5229,1290,Kiran Patel,Laptop,1,65000,Completed,2026-01-12,2026-01-14 15:48:00
5230,1378,Vikram Singh,Tablet,5,30000,Completed,2026-07-20,2026-07-22 08:26:00
5231,757,Vikram Singh,Webcam,5,5000,Completed,2026-04-06,2026-04-08 16:24:00
5232,770,Suresh Kumar,USB Hub,2,1800,Completed,2026-07-21,2026-07-24 00:58:00
5233,1411,Divya Menon,Headphones,1,4500,Completed,2026-04-18,2026-04-18 05:56:00
5234,709,Neha Singh,Headphones,3,4500,Completed,2026-02-05,2026-02-05 23:43:00
5235,1378,Priya Reddy,Mobile Phone,3,25000,Completed,2026-05-16,2026-05-17 06:42:00
5236,918,Kiran Patel,SSD,3,8000,Completed,2026-01-12,2026-01-13 14:31:00
5237,617,Meera Nair,Webcam,1,5000,Completed,2026-07-16,2026-07-16 18:19:00
5238,1074,Ajay Reddy,Power Bank,3,2200,Completed,2026-06-04,2026-06-05 02:08:00
5239,1459,Arjun Kumar,Laptop Bag,3,3500,Pending,2026-08-01,2026-08-03 04:54:00
5240,555,Ananya Das,Laptop,5,65000,Completed,2026-06-26,2026-06-26 13:04:00
5241,867,Suresh Kumar,Tablet,4,30000,Completed,2026-07-26,2026-07-28 00:19:00
5242,765,Meera Nair,Smart Watch,5,7500,Completed,2026-03-17,2026-03-17 16:39:00
5243,1243,Pooja Iyer,Smart Watch,3,7500,Completed,2026-07-02,2026-07-03 08:43:00
5244,1383,Rahul Sharma,Monitor,4,15000,Completed,2026-08-30,2026-09-01 14:35:00
5245,608,Priya Reddy,Laptop,5,65000,Cancelled,2026-02-22,2026-02-24 11:44:00
5246,711,Vikram Singh,RAM,1,4000,Completed,2026-02-27,2026-02-27 02:43:00
5247,1401,Arjun Kumar,Mobile Phone,3,25000,Completed,2026-01-16,2026-01-18 18:14:00
5248,1046,Rahul Sharma,Tablet,1,30000,Pending,2026-06-06,2026-06-07 11:00:00
5249,1293,Suresh Kumar,Power Bank,5,2200,Completed,2026-04-24,2026-04-26 11:25:00
5250,848,Ajay Reddy,Smart Watch,3,7500,Completed,2026-05-17,2026-05-18 05:47:00
5251,1152,Pooja Iyer,Power Bank,4,2200,Completed,2026-04-04,2026-04-05 23:23:00
5252,999,Divya Menon,Laptop,3,65000,Completed,2026-06-08,2026-06-08 11:58:00
5253,1071,Divya Menon,Laptop,5,65000,Completed,2026-04-12,2026-04-14 23:24:00
5254,1085,Ajay Reddy,USB Hub,3,1800,Completed,2026-05-21,2026-05-21 10:44:00
5255,1077,Meera Nair,Headphones,4,4500,Completed,2026-02-03,2026-02-03 16:02:00
5256,1098,Kiran Patel,USB Hub,5,1800,Pending,2026-01-05,2026-01-05 23:38:00
5257,1302,Rohit Verma,Monitor,3,15000,Completed,2026-07-18,2026-07-19 06:20:00
5258,964,Divya Menon,RAM,3,4000,Pending,2026-07-06,2026-07-07 15:49:00
5259,1425,Sneha Rao,Smart Watch,3,7500,Completed,2026-05-28,2026-05-30 23:07:00
5260,659,Kiran Patel,Mouse,3,1200,Completed,2026-02-11,2026-02-11 08:06:00
5261,1271,Vikram Singh,Laptop,3,65000,Completed,2026-01-12,2026-01-14 04:28:00
5262,1465,Sneha Rao,Monitor,4,15000,Cancelled,2026-03-05,2026-03-06 07:47:00
5263,1425,Divya Menon,Power Bank,1,2200,Completed,2026-01-26,2026-01-27 16:01:00
5264,979,Rohit Verma,Printer,4,12000,Completed,2026-06-30,2026-06-30 15:21:00
5265,688,Meera Nair,Power Bank,5,2200,Cancelled,2026-01-19,2026-01-20 09:37:00
5266,1159,Arjun Kumar,USB Hub,1,1800,Completed,2026-08-19,2026-08-20 01:44:00
5267,1362,Ananya Das,Mouse,2,1200,Completed,2026-07-30,2026-08-01 15:49:00
5268,1424,Meera Nair,Laptop,5,65000,Completed,2026-04-19,2026-04-21 06:04:00
5269,1315,Ananya Das,Keyboard,2,2500,Completed,2026-03-20,2026-03-22 13:17:00
5270,1167,Rohit Verma,Power Bank,5,2200,Completed,2026-05-30,2026-06-01 00:26:00
5271,905,Rahul Sharma,RAM,3,4000,Completed,2026-02-22,2026-02-24 06:39:00
5272,637,Ananya Das,Smart Watch,4,7500,Completed,2026-03-06,2026-03-06 17:40:00
5273,1473,Vikram Singh,Webcam,2,5000,Completed,2026-03-03,2026-03-05 23:07:00
5274,926,Ajay Reddy,Laptop,5,65000,Cancelled,2026-08-04,2026-08-05 01:31:00
5275,1021,Priya Reddy,Mouse,1,1200,Cancelled,2026-02-27,2026-02-27 15:11:00
5276,903,Kiran Patel,Smart Watch,5,7500,Completed,2026-02-28,2026-03-01 03:02:00
5277,789,Suresh Kumar,Smart Watch,4,7500,Completed,2026-07-24,2026-07-24 18:57:00
5278,733,Vikram Singh,Smart Watch,2,7500,Pending,2026-01-22,2026-01-22 14:30:00
5279,944,Rahul Sharma,SSD,3,8000,Completed,2026-08-22,2026-08-22 13:35:00
5280,1308,Rohit Verma,Keyboard,3,2500,Completed,2026-08-27,2026-08-27 12:55:00
5281,785,Kiran Patel,Headphones,3,4500,Completed,2026-01-06,2026-01-07 00:01:00
5282,582,Ananya Das,Headphones,3,4500,Completed,2026-03-10,2026-03-11 09:39:00
5283,1373,Sneha Rao,Headphones,1,4500,Completed,2026-01-26,2026-01-28 06:34:00
5284,1265,Divya Menon,Smart Watch,5,7500,Cancelled,2026-06-13,2026-06-16 00:31:00
5285,575,Manoj Rao,Smart Watch,4,7500,Completed,2026-04-21,2026-04-23 01:30:00
5286,1175,Meera Nair,Laptop,5,65000,Cancelled,2026-02-11,2026-02-12 05:40:00
5287,755,Divya Menon,Keyboard,1,2500,Pending,2026-01-03,2026-01-05 07:54:00
5288,1115,Meera Nair,Mouse,2,1200,Completed,2026-03-19,2026-03-19 22:10:00
5289,1090,Neha Singh,Webcam,5,5000,Completed,2026-07-02,2026-07-03 23:59:00
5290,1232,Divya Menon,RAM,2,4000,Completed,2026-06-29,2026-06-30 15:36:00
5291,1486,Meera Nair,RAM,5,4000,Pending,2026-08-09,2026-08-11 00:23:00
5292,1457,Meera Nair,Keyboard,3,2500,Cancelled,2026-05-24,2026-05-26 13:34:00
5293,738,Rohit Verma,Mouse,3,1200,Completed,2026-08-31,2026-08-31 02:38:00
5294,732,Rohit Verma,Webcam,4,5000,Completed,2026-06-04,2026-06-05 15:10:00
5295,1396,Manoj Rao,Printer,5,12000,Cancelled,2026-02-20,2026-02-20 12:01:00
5296,819,Vikram Singh,Tablet,3,30000,Pending,2026-05-31,2026-06-02 01:14:00
5297,504,Sneha Rao,USB Hub,1,1800,Completed,2026-08-08,2026-08-10 17:32:00
5298,667,Vikram Singh,Power Bank,3,2200,Completed,2026-04-12,2026-04-14 10:24:00
5299,1106,Ajay Reddy,Mobile Phone,4,25000,Completed,2026-07-05,2026-07-07 19:24:00
5300,575,Priya Reddy,Webcam,5,5000,Completed,2026-08-18,2026-08-19 04:03:00
5301,1493,Kiran Patel,Printer,2,12000,Completed,2026-04-29,2026-05-01 13:28:00
5302,1010,Manoj Rao,Laptop Bag,2,3500,Pending,2026-06-10,2026-06-12 05:52:00
5303,1463,Priya Reddy,RAM,5,4000,Completed,2026-07-31,2026-07-31 16:01:00
5304,1254,Arjun Kumar,Tablet,4,30000,Completed,2026-04-16,2026-04-18 05:46:00
5305,1045,Divya Menon,Printer,2,12000,Cancelled,2026-05-30,2026-05-31 06:31:00
5306,1408,Meera Nair,Printer,5,12000,Completed,2026-02-21,2026-02-23 17:52:00
5307,1112,Ajay Reddy,RAM,2,4000,Completed,2026-04-05,2026-04-05 01:20:00
5308,1141,Divya Menon,Mobile Phone,3,25000,Completed,2026-06-12,2026-06-14 00:08:00
5309,628,Priya Reddy,Keyboard,3,2500,Cancelled,2026-03-23,2026-03-25 14:13:00
5310,1192,Suresh Kumar,SSD,5,8000,Pending,2026-06-08,2026-06-09 12:56:00
5311,937,Suresh Kumar,RAM,3,4000,Completed,2026-05-16,2026-05-17 09:13:00
5312,945,Manoj Rao,Smart Watch,2,7500,Completed,2026-01-07,2026-01-08 07:21:00
5313,794,Meera Nair,Laptop,4,65000,Cancelled,2026-03-28,2026-03-30 06:45:00
5314,596,Suresh Kumar,Power Bank,1,2200,Cancelled,2026-08-28,2026-08-29 01:00:00
5315,1475,Ananya Das,Mouse,5,1200,Completed,2026-05-08,2026-05-08 09:28:00
5316,1425,Sneha Rao,Mobile Phone,1,25000,Pending,2026-01-29,2026-01-29 22:44:00
5317,1214,Divya Menon,Power Bank,1,2200,Completed,2026-04-05,2026-04-07 07:30:00
5318,1139,Vikram Singh,Mobile Phone,5,25000,Pending,2026-04-23,2026-04-25 14:09:00
5319,605,Neha Singh,Monitor,3,15000,Completed,2026-09-07,2026-09-08 20:33:00
5320,529,Rahul Sharma,Monitor,4,15000,Cancelled,2026-06-16,2026-06-16 11:35:00
5321,1048,Kiran Patel,Mouse,4,1200,Cancelled,2026-04-28,2026-04-28 23:39:00
5322,1188,Ajay Reddy,RAM,3,4000,Pending,2026-05-04,2026-05-06 13:21:00
5323,1213,Manoj Rao,Mouse,3,1200,Pending,2026-05-25,2026-05-25 11:01:00
5324,838,Arjun Kumar,Laptop,5,65000,Cancelled,2026-08-10,2026-08-11 01:01:00
5325,1265,Divya Menon,Power Bank,1,2200,Pending,2026-01-29,2026-01-29 19:28:00
5326,558,Arjun Kumar,Mouse,3,1200,Cancelled,2026-08-07,2026-08-07 08:30:00
5327,1431,Ajay Reddy,Printer,2,12000,Pending,2026-02-11,2026-02-12 10:59:00
5328,1369,Rohit Verma,Mobile Phone,2,25000,Cancelled,2026-03-12,2026-03-13 21:19:00
5329,994,Pooja Iyer,RAM,4,4000,Completed,2026-04-10,2026-04-11 11:12:00
5330,971,Divya Menon,Mobile Phone,4,25000,Completed,2026-01-11,2026-01-12 17:50:00
5331,701,Pooja Iyer,RAM,1,4000,Completed,2026-06-26,2026-06-26 12:20:00
5332,586,Vikram Singh,Keyboard,3,2500,Completed,2026-03-11,2026-03-11 15:43:00
5333,644,Rahul Sharma,Power Bank,5,2200,Completed,2026-01-19,2026-01-21 14:12:00
5334,604,Pooja Iyer,Headphones,5,4500,Completed,2026-01-24,2026-01-26 21:18:00
5335,637,Suresh Kumar,Laptop Bag,1,3500,Completed,2026-09-03,2026-09-05 15:33:00
5336,1191,Arjun Kumar,Power Bank,3,2200,Completed,2026-01-08,2026-01-10 03:45:00
5337,709,Neha Singh,Power Bank,2,2200,Pending,2026-03-07,2026-03-10 00:10:00
5338,829,Rahul Sharma,Smart Watch,1,7500,Pending,2026-05-07,2026-05-07 03:28:00
5339,1337,Divya Menon,Laptop Bag,4,3500,Cancelled,2026-03-11,2026-03-13 13:31:00
5340,1104,Manoj Rao,Printer,4,12000,Completed,2026-03-19,2026-03-20 22:26:00
5341,611,Vikram Singh,Tablet,5,30000,Completed,2026-05-23,2026-05-25 19:08:00
5342,521,Rohit Verma,RAM,1,4000,Completed,2026-02-11,2026-02-11 10:25:00
5343,1177,Arjun Kumar,Tablet,2,30000,Completed,2026-04-02,2026-04-04 15:57:00
5344,1109,Priya Reddy,Printer,3,12000,Completed,2026-08-28,2026-08-29 09:32:00
5345,1163,Rohit Verma,Laptop,4,65000,Pending,2026-01-05,2026-01-07 06:15:00
5346,1008,Priya Reddy,Smart Watch,5,7500,Completed,2026-01-11,2026-01-12 20:06:00
5347,735,Neha Singh,USB Hub,2,1800,Completed,2026-01-09,2026-01-11 14:44:00
5348,1495,Ajay Reddy,Smart Watch,1,7500,Completed,2026-01-13,2026-01-15 04:14:00
5349,562,Divya Menon,Laptop Bag,5,3500,Cancelled,2026-08-22,2026-08-24 06:03:00
5350,1058,Arjun Kumar,Mouse,5,1200,Pending,2026-04-18,2026-04-19 04:37:00
5351,1108,Divya Menon,Mobile Phone,1,25000,Completed,2026-03-05,2026-03-06 20:20:00
5352,1083,Ananya Das,Webcam,1,5000,Completed,2026-04-17,2026-04-17 22:19:00
5353,901,Arjun Kumar,Headphones,3,4500,Completed,2026-06-02,2026-06-03 01:22:00
5354,1388,Pooja Iyer,Laptop,3,65000,Completed,2026-01-20,2026-01-21 06:21:00
5355,519,Suresh Kumar,SSD,4,8000,Completed,2026-05-23,2026-05-24 21:57:00
5356,596,Divya Menon,Mouse,5,1200,Completed,2026-04-10,2026-04-11 13:24:00
5357,1138,Arjun Kumar,Laptop,5,65000,Completed,2026-03-30,2026-04-01 19:46:00
5358,1044,Ananya Das,Smart Watch,3,7500,Completed,2026-03-27,2026-03-27 22:25:00
5359,712,Kiran Patel,Webcam,3,5000,Completed,2026-03-29,2026-03-29 20:55:00
5360,731,Rohit Verma,Webcam,4,5000,Completed,2026-04-07,2026-04-07 20:54:00
5361,757,Suresh Kumar,USB Hub,2,1800,Completed,2026-05-14,2026-05-15 20:49:00
5362,1454,Ananya Das,Headphones,1,4500,Completed,2026-01-12,2026-01-13 04:06:00
5363,1488,Suresh Kumar,Monitor,1,15000,Completed,2026-04-07,2026-04-08 05:42:00
5364,1465,Priya Reddy,SSD,2,8000,Completed,2026-04-11,2026-04-11 23:54:00
5365,700,Priya Reddy,Mouse,5,1200,Pending,2026-07-29,2026-07-30 01:18:00
5366,1204,Sneha Rao,USB Hub,2,1800,Cancelled,2026-05-12,2026-05-13 08:17:00
5367,1050,Neha Singh,SSD,4,8000,Cancelled,2026-06-17,2026-06-18 19:58:00
5368,1495,Vikram Singh,Smart Watch,5,7500,Pending,2026-08-29,2026-08-31 03:59:00
5369,1050,Neha Singh,Mouse,1,1200,Completed,2026-01-19,2026-01-21 03:11:00
5370,1220,Ajay Reddy,Tablet,3,30000,Completed,2026-03-31,2026-04-01 03:56:00
5371,554,Divya Menon,Webcam,5,5000,Completed,2026-03-16,2026-03-16 04:14:00
5372,1351,Arjun Kumar,Monitor,1,15000,Completed,2026-02-26,2026-02-28 23:23:00
5373,646,Ananya Das,Mouse,4,1200,Completed,2026-01-13,2026-01-14 01:46:00
5374,1196,Suresh Kumar,Smart Watch,5,7500,Completed,2026-06-24,2026-06-25 08:57:00
5375,655,Ananya Das,Mouse,4,1200,Completed,2026-08-25,2026-08-27 04:25:00
5376,1497,Ananya Das,Webcam,3,5000,Completed,2026-03-20,2026-03-22 03:27:00
5377,699,Ananya Das,Tablet,3,30000,Completed,2026-04-22,2026-04-24 12:29:00
5378,1252,Rahul Sharma,RAM,1,4000,Completed,2026-01-19,2026-01-19 04:12:00
5379,973,Priya Reddy,RAM,4,4000,Completed,2026-06-04,2026-06-05 07:22:00
5380,677,Kiran Patel,Mobile Phone,2,25000,Completed,2026-08-31,2026-08-31 03:26:00
5381,787,Manoj Rao,Monitor,2,15000,Completed,2026-02-01,2026-02-02 21:11:00
5382,1344,Neha Singh,SSD,2,8000,Pending,2026-07-25,2026-07-26 05:44:00
5383,1320,Ajay Reddy,Laptop Bag,1,3500,Pending,2026-03-25,2026-03-26 08:52:00
5384,1009,Meera Nair,Mouse,5,1200,Cancelled,2026-08-04,2026-08-06 09:54:00
5385,1145,Rohit Verma,Keyboard,4,2500,Completed,2026-04-16,2026-04-18 22:47:00
5386,1057,Meera Nair,Mobile Phone,4,25000,Completed,2026-05-06,2026-05-08 01:21:00
5387,797,Rahul Sharma,Laptop,2,65000,Pending,2026-05-10,2026-05-10 01:52:00
5388,509,Suresh Kumar,Mobile Phone,4,25000,Pending,2026-07-13,2026-07-13 07:28:00
5389,767,Neha Singh,RAM,1,4000,Cancelled,2026-03-18,2026-03-20 07:17:00
5390,1116,Meera Nair,Keyboard,1,2500,Completed,2026-05-06,2026-05-08 06:08:00
5391,1273,Kiran Patel,Headphones,5,4500,Completed,2026-06-23,2026-06-25 12:27:00
5392,1116,Suresh Kumar,Laptop Bag,2,3500,Completed,2026-08-08,2026-08-08 12:03:00
5393,612,Priya Reddy,Tablet,1,30000,Completed,2026-03-15,2026-03-17 08:23:00
5394,1028,Suresh Kumar,Keyboard,5,2500,Completed,2026-04-23,2026-04-25 00:42:00
5395,1036,Sneha Rao,Power Bank,3,2200,Completed,2026-09-08,2026-09-09 11:03:00
5396,557,Manoj Rao,Headphones,1,4500,Completed,2026-05-24,2026-05-26 01:35:00
5397,1264,Priya Reddy,Laptop Bag,4,3500,Pending,2026-07-22,2026-07-23 23:09:00
5398,1239,Pooja Iyer,Monitor,3,15000,Completed,2026-09-07,2026-09-08 13:35:00
5399,1137,Kiran Patel,Monitor,1,15000,Completed,2026-03-09,2026-03-10 14:08:00
5400,584,Ajay Reddy,Headphones,4,4500,Completed,2026-08-23,2026-08-23 04:19:00
5401,1085,Divya Menon,Monitor,1,15000,Completed,2026-04-25,2026-04-25 08:51:00
5402,1299,Rohit Verma,Monitor,1,15000,Completed,2026-01-08,2026-01-08 17:49:00
5403,1082,Kiran Patel,Keyboard,2,2500,Completed,2026-02-19,2026-02-19 02:14:00
5404,1461,Ananya Das,Power Bank,3,2200,Cancelled,2026-01-29,2026-01-31 14:08:00
5405,1145,Priya Reddy,SSD,3,8000,Completed,2026-07-01,2026-07-03 20:09:00
5406,1018,Pooja Iyer,Printer,4,12000,Completed,2026-07-26,2026-07-26 02:24:00
5407,737,Neha Singh,USB Hub,4,1800,Completed,2026-01-27,2026-01-27 16:43:00
5408,1468,Ajay Reddy,Power Bank,2,2200,Completed,2026-08-08,2026-08-10 00:49:00
5409,838,Kiran Patel,Mobile Phone,5,25000,Completed,2026-08-27,2026-08-27 07:31:00
5410,639,Rahul Sharma,RAM,3,4000,Pending,2026-08-12,2026-08-14 17:19:00
5411,1152,Rohit Verma,Tablet,2,30000,Completed,2026-08-12,2026-08-13 08:14:00
5412,1284,Pooja Iyer,Laptop Bag,4,3500,Cancelled,2026-02-12,2026-02-13 21:40:00
5413,1334,Meera Nair,Keyboard,2,2500,Completed,2026-05-21,2026-05-22 15:55:00
5414,557,Ananya Das,Laptop Bag,4,3500,Completed,2026-07-03,2026-07-05 06:00:00
5415,954,Ajay Reddy,Headphones,1,4500,Pending,2026-08-08,2026-08-10 04:08:00
5416,976,Pooja Iyer,Printer,3,12000,Cancelled,2026-01-30,2026-02-01 15:38:00
5417,1433,Kiran Patel,Power Bank,4,2200,Pending,2026-04-01,2026-04-03 03:58:00
5418,897,Meera Nair,USB Hub,5,1800,Pending,2026-08-01,2026-08-02 03:25:00
5419,823,Rahul Sharma,Mobile Phone,5,25000,Cancelled,2026-07-18,2026-07-18 12:26:00
5420,902,Rahul Sharma,Mobile Phone,4,25000,Pending,2026-05-26,2026-05-28 19:30:00
5421,572,Rahul Sharma,RAM,2,4000,Completed,2026-06-17,2026-06-19 07:03:00
5422,794,Ajay Reddy,Mouse,5,1200,Completed,2026-08-13,2026-08-15 20:16:00
5423,1368,Pooja Iyer,Laptop,3,65000,Pending,2026-01-30,2026-01-30 18:35:00
5424,1066,Rohit Verma,USB Hub,2,1800,Completed,2026-06-12,2026-06-13 01:57:00
5425,1236,Kiran Patel,Headphones,4,4500,Completed,2026-03-05,2026-03-05 19:50:00
5426,1178,Rohit Verma,USB Hub,1,1800,Completed,2026-01-12,2026-01-13 11:07:00
5427,545,Neha Singh,Power Bank,5,2200,Completed,2026-04-08,2026-04-08 17:23:00
5428,755,Meera Nair,Webcam,1,5000,Completed,2026-07-18,2026-07-20 19:15:00
5429,1064,Meera Nair,Printer,2,12000,Completed,2026-01-14,2026-01-16 12:50:00
5430,1199,Vikram Singh,Laptop Bag,1,3500,Pending,2026-01-03,2026-01-04 14:53:00
5431,982,Ajay Reddy,Laptop Bag,3,3500,Pending,2026-02-08,2026-02-09 11:56:00
5432,1273,Meera Nair,Printer,1,12000,Completed,2026-04-18,2026-04-18 13:44:00
5433,1485,Vikram Singh,Monitor,2,15000,Completed,2026-05-14,2026-05-15 00:31:00
5434,1311,Ajay Reddy,Keyboard,4,2500,Completed,2026-05-07,2026-05-07 22:40:00
5435,1292,Divya Menon,USB Hub,1,1800,Cancelled,2026-05-20,2026-05-20 22:41:00
5436,833,Neha Singh,Power Bank,4,2200,Completed,2026-01-27,2026-01-27 08:47:00
5437,1158,Kiran Patel,Mouse,1,1200,Completed,2026-01-12,2026-01-14 02:46:00
5438,763,Rohit Verma,Mouse,4,1200,Completed,2026-03-23,2026-03-25 13:53:00
5439,774,Neha Singh,RAM,1,4000,Completed,2026-07-16,2026-07-18 16:36:00
5440,1055,Ananya Das,Webcam,4,5000,Completed,2026-07-26,2026-07-26 16:31:00
5441,1093,Suresh Kumar,Mouse,2,1200,Completed,2026-04-21,2026-04-22 04:24:00
5442,1294,Sneha Rao,Headphones,2,4500,Completed,2026-08-25,2026-08-25 19:59:00
5443,1144,Vikram Singh,RAM,3,4000,Completed,2026-03-15,2026-03-16 23:46:00
5444,876,Kiran Patel,Monitor,4,15000,Completed,2026-08-28,2026-08-28 12:03:00
5445,547,Rahul Sharma,RAM,3,4000,Pending,2026-07-24,2026-07-25 03:21:00
5446,795,Meera Nair,Headphones,1,4500,Pending,2026-08-09,2026-08-11 22:32:00
5447,1126,Ajay Reddy,USB Hub,1,1800,Completed,2026-05-13,2026-05-15 21:57:00
5448,1044,Arjun Kumar,SSD,1,8000,Pending,2026-05-28,2026-05-29 03:50:00
5449,761,Meera Nair,Laptop Bag,3,3500,Completed,2026-05-21,2026-05-22 07:37:00
5450,684,Pooja Iyer,Mobile Phone,3,25000,Completed,2026-07-25,2026-07-27 18:18:00
5451,1234,Kiran Patel,Power Bank,1,2200,Completed,2026-01-22,2026-01-24 00:50:00
5452,1174,Ajay Reddy,Printer,5,12000,Pending,2026-03-09,2026-03-09 22:35:00
5453,840,Pooja Iyer,Tablet,1,30000,Completed,2026-07-12,2026-07-12 23:17:00
5454,633,Divya Menon,Smart Watch,3,7500,Completed,2026-04-05,2026-04-07 15:48:00
5455,664,Rahul Sharma,Laptop Bag,5,3500,Completed,2026-09-04,2026-09-06 13:40:00
5456,698,Arjun Kumar,Laptop Bag,4,3500,Pending,2026-05-25,2026-05-26 20:24:00
5457,1036,Vikram Singh,Laptop,4,65000,Completed,2026-04-30,2026-05-02 17:16:00
5458,1423,Neha Singh,Tablet,1,30000,Completed,2026-08-22,2026-08-22 21:53:00
5459,1322,Rohit Verma,Laptop Bag,5,3500,Completed,2026-06-09,2026-06-10 02:38:00
5460,839,Suresh Kumar,RAM,5,4000,Pending,2026-09-08,2026-09-09 17:44:00
5461,988,Manoj Rao,RAM,2,4000,Completed,2026-04-10,2026-04-10 19:40:00
5462,1464,Manoj Rao,RAM,4,4000,Completed,2026-04-10,2026-04-10 01:04:00
5463,1231,Divya Menon,Monitor,3,15000,Pending,2026-01-22,2026-01-23 07:07:00
5464,735,Priya Reddy,SSD,3,8000,Cancelled,2026-04-14,2026-04-15 14:44:00
5465,1330,Neha Singh,Tablet,1,30000,Completed,2026-02-20,2026-02-22 03:08:00
5466,1436,Sneha Rao,Mobile Phone,5,25000,Completed,2026-02-27,2026-03-01 23:10:00
5467,1382,Ananya Das,Headphones,1,4500,Completed,2026-01-09,2026-01-10 11:50:00
5468,640,Divya Menon,Laptop,5,65000,Completed,2026-01-26,2026-01-28 12:17:00
5469,1450,Ananya Das,Laptop,5,65000,Pending,2026-07-06,2026-07-06 02:11:00
5470,763,Pooja Iyer,Printer,4,12000,Completed,2026-04-17,2026-04-19 23:18:00
5471,1319,Suresh Kumar,RAM,1,4000,Pending,2026-01-13,2026-01-14 07:27:00
5472,901,Ananya Das,Laptop,4,65000,Cancelled,2026-08-02,2026-08-03 20:30:00
5473,811,Suresh Kumar,Keyboard,1,2500,Completed,2026-01-03,2026-01-03 03:16:00
5474,666,Sneha Rao,SSD,1,8000,Pending,2026-03-25,2026-03-26 00:25:00
5475,1160,Divya Menon,Tablet,2,30000,Cancelled,2026-03-04,2026-03-06 05:22:00
5476,1418,Arjun Kumar,Mobile Phone,2,25000,Cancelled,2026-04-20,2026-04-22 04:59:00
5477,667,Arjun Kumar,SSD,3,8000,Completed,2026-02-27,2026-03-01 02:58:00
5478,1139,Rohit Verma,Monitor,1,15000,Pending,2026-06-29,2026-06-30 13:17:00
5479,1494,Rahul Sharma,Headphones,4,4500,Completed,2026-06-14,2026-06-15 07:56:00
5480,1149,Manoj Rao,Laptop,1,65000,Completed,2026-06-05,2026-06-05 11:49:00
5481,1150,Ajay Reddy,Mobile Phone,3,25000,Completed,2026-05-17,2026-05-19 22:14:00
5482,1336,Kiran Patel,Laptop,2,65000,Completed,2026-01-21,2026-01-21 11:18:00
5483,505,Vikram Singh,Headphones,3,4500,Completed,2026-07-30,2026-07-30 10:30:00
5484,1230,Rahul Sharma,RAM,4,4000,Pending,2026-06-27,2026-06-27 15:03:00
5485,913,Arjun Kumar,Printer,1,12000,Completed,2026-01-24,2026-01-25 14:58:00
5486,784,Manoj Rao,Laptop Bag,4,3500,Completed,2026-06-15,2026-06-16 05:32:00
5487,963,Rohit Verma,SSD,2,8000,Completed,2026-04-27,2026-04-30 00:23:00
5488,1287,Divya Menon,Webcam,3,5000,Completed,2026-03-29,2026-03-30 19:18:00
5489,762,Meera Nair,Webcam,1,5000,Completed,2026-02-07,2026-02-09 17:33:00
5490,644,Rohit Verma,Monitor,5,15000,Completed,2026-06-27,2026-06-29 06:39:00
5491,1352,Priya Reddy,Printer,5,12000,Completed,2026-02-26,2026-02-27 18:08:00
5492,970,Meera Nair,USB Hub,1,1800,Completed,2026-07-10,2026-07-12 10:45:00
5493,877,Meera Nair,USB Hub,5,1800,Completed,2026-01-22,2026-01-22 05:22:00
5494,890,Suresh Kumar,Laptop,1,65000,Completed,2026-07-17,2026-07-19 10:11:00
5495,629,Suresh Kumar,RAM,1,4000,Completed,2026-04-30,2026-05-01 21:52:00
5496,1361,Pooja Iyer,Printer,4,12000,Completed,2026-06-16,2026-06-17 18:31:00
5497,1085,Pooja Iyer,Mobile Phone,4,25000,Completed,2026-07-17,2026-07-18 10:09:00
5498,1148,Ananya Das,Headphones,3,4500,Completed,2026-05-06,2026-05-08 15:22:00
5499,1232,Vikram Singh,SSD,4,8000,Completed,2026-04-02,2026-04-02 06:34:00
5500,1215,Divya Menon,Mouse,2,1200,Completed,2026-07-06,2026-07-07 08:25:00
5501,1223,Rohit Verma,Keyboard,1,2500,Completed,2026-03-16,2026-03-18 23:20:00
5502,1279,Manoj Rao,Monitor,1,15000,Completed,2026-08-17,2026-08-18 12:50:00
5503,645,Rohit Verma,Printer,5,12000,Cancelled,2026-01-24,2026-01-25 19:54:00
5504,1041,Pooja Iyer,Laptop Bag,5,3500,Completed,2026-06-27,2026-06-29 02:51:00
5505,1307,Priya Reddy,Power Bank,3,2200,Completed,2026-06-23,2026-06-24 15:22:00
5506,579,Kiran Patel,Power Bank,5,2200,Completed,2026-04-09,2026-04-09 16:17:00
5507,1134,Priya Reddy,USB Hub,3,1800,Cancelled,2026-08-29,2026-09-01 00:26:00
5508,1169,Priya Reddy,USB Hub,5,1800,Completed,2026-03-09,2026-03-09 17:26:00
5509,887,Rahul Sharma,Webcam,5,5000,Completed,2026-06-13,2026-06-13 19:11:00
5510,781,Arjun Kumar,Tablet,4,30000,Cancelled,2026-02-19,2026-02-21 07:33:00
5511,1403,Ajay Reddy,Laptop,4,65000,Completed,2026-05-04,2026-05-04 11:33:00
5512,626,Ananya Das,Mobile Phone,5,25000,Completed,2026-08-20,2026-08-22 07:56:00
5513,1475,Priya Reddy,Laptop,5,65000,Completed,2026-05-18,2026-05-18 14:22:00
5514,1181,Sneha Rao,USB Hub,5,1800,Pending,2026-06-15,2026-06-16 00:32:00
5515,1345,Ananya Das,Laptop Bag,1,3500,Pending,2026-02-16,2026-02-17 17:24:00
5516,1203,Kiran Patel,SSD,4,8000,Completed,2026-01-22,2026-01-23 16:19:00
5517,1025,Vikram Singh,Printer,2,12000,Completed,2026-07-22,2026-07-22 11:23:00
5518,1064,Rohit Verma,Webcam,5,5000,Completed,2026-01-30,2026-02-01 17:14:00
5519,1207,Ananya Das,Tablet,5,30000,Completed,2026-08-22,2026-08-22 18:33:00
5520,790,Priya Reddy,Laptop Bag,2,3500,Completed,2026-08-12,2026-08-13 05:04:00
5521,845,Neha Singh,Printer,4,12000,Completed,2026-08-01,2026-08-02 21:53:00
5522,1052,Rahul Sharma,Webcam,1,5000,Completed,2026-01-19,2026-01-19 07:12:00
5523,1128,Divya Menon,SSD,4,8000,Completed,2026-03-22,2026-03-23 20:21:00
5524,777,Suresh Kumar,RAM,2,4000,Completed,2026-01-24,2026-01-25 13:32:00
5525,568,Meera Nair,Headphones,1,4500,Completed,2026-04-09,2026-04-11 05:40:00
5526,607,Divya Menon,Tablet,3,30000,Completed,2026-03-05,2026-03-07 06:06:00
5527,1171,Manoj Rao,Headphones,2,4500,Cancelled,2026-09-08,2026-09-10 12:26:00
5528,909,Sneha Rao,Laptop,5,65000,Completed,2026-02-03,2026-02-04 23:45:00
5529,1300,Neha Singh,Smart Watch,4,7500,Cancelled,2026-07-10,2026-07-10 22:49:00
5530,939,Rohit Verma,Tablet,4,30000,Completed,2026-04-16,2026-04-17 14:11:00
5531,1419,Vikram Singh,Webcam,3,5000,Completed,2026-02-06,2026-02-06 22:06:00
5532,696,Priya Reddy,Tablet,5,30000,Completed,2026-01-13,2026-01-15 18:17:00
5533,586,Sneha Rao,Smart Watch,2,7500,Pending,2026-03-23,2026-03-23 05:51:00
5534,838,Meera Nair,Mouse,3,1200,Completed,2026-05-19,2026-05-20 10:55:00
5535,1114,Ananya Das,Mouse,5,1200,Cancelled,2026-04-16,2026-04-18 16:53:00
5536,907,Ananya Das,Smart Watch,2,7500,Completed,2026-05-03,2026-05-03 11:40:00
5537,1314,Rahul Sharma,Power Bank,1,2200,Cancelled,2026-04-30,2026-05-02 06:34:00
5538,1166,Kiran Patel,Smart Watch,1,7500,Completed,2026-03-21,2026-03-22 16:33:00
5539,607,Manoj Rao,Smart Watch,4,7500,Completed,2026-01-27,2026-01-28 03:31:00
5540,922,Suresh Kumar,SSD,5,8000,Completed,2026-03-16,2026-03-17 22:59:00
5541,1326,Sneha Rao,Tablet,4,30000,Completed,2026-06-21,2026-06-21 09:47:00
5542,1357,Rahul Sharma,Smart Watch,3,7500,Completed,2026-05-13,2026-05-15 19:46:00
5543,1432,Ajay Reddy,Smart Watch,1,7500,Pending,2026-01-26,2026-01-28 00:01:00
5544,1149,Rohit Verma,Keyboard,5,2500,Pending,2026-01-30,2026-01-31 14:51:00
5545,537,Kiran Patel,Mobile Phone,2,25000,Completed,2026-01-03,2026-01-04 00:12:00
5546,755,Vikram Singh,Mobile Phone,1,25000,Completed,2026-09-07,2026-09-08 06:53:00
5547,1486,Divya Menon,RAM,2,4000,Completed,2026-03-16,2026-03-18 09:57:00
5548,1372,Rohit Verma,Keyboard,2,2500,Cancelled,2026-07-18,2026-07-19 11:38:00
5549,1101,Neha Singh,Laptop Bag,2,3500,Pending,2026-03-18,2026-03-18 01:49:00
5550,1270,Kiran Patel,Laptop,1,65000,Pending,2026-08-12,2026-08-12 03:56:00
5551,532,Priya Reddy,Keyboard,3,2500,Pending,2026-04-13,2026-04-14 11:07:00
5552,649,Sneha Rao,USB Hub,1,1800,Completed,2026-08-22,2026-08-23 03:39:00
5553,1283,Ajay Reddy,Printer,4,12000,Completed,2026-02-19,2026-02-19 01:12:00
5554,1117,Priya Reddy,Printer,2,12000,Pending,2026-02-12,2026-02-14 19:42:00
5555,972,Manoj Rao,Smart Watch,5,7500,Pending,2026-02-09,2026-02-10 01:03:00
5556,1001,Rahul Sharma,Headphones,5,4500,Completed,2026-03-20,2026-03-22 04:33:00
5557,801,Kiran Patel,Laptop Bag,5,3500,Completed,2026-01-22,2026-01-23 20:03:00
5558,1224,Suresh Kumar,Webcam,2,5000,Completed,2026-02-22,2026-02-23 10:09:00
5559,1390,Rahul Sharma,Headphones,4,4500,Pending,2026-05-06,2026-05-08 19:11:00
5560,785,Divya Menon,USB Hub,3,1800,Pending,2026-04-20,2026-04-21 15:06:00
5561,624,Ajay Reddy,Monitor,2,15000,Pending,2026-07-02,2026-07-02 13:37:00
5562,1424,Rahul Sharma,RAM,4,4000,Completed,2026-05-14,2026-05-16 09:33:00
5563,1357,Ajay Reddy,Mouse,2,1200,Completed,2026-08-15,2026-08-17 03:05:00
5564,785,Pooja Iyer,Mobile Phone,4,25000,Completed,2026-06-27,2026-06-27 10:39:00
5565,1394,Meera Nair,Headphones,3,4500,Pending,2026-01-29,2026-01-30 11:23:00
5566,1487,Sneha Rao,RAM,4,4000,Pending,2026-09-06,2026-09-08 04:48:00
5567,990,Suresh Kumar,Smart Watch,2,7500,Cancelled,2026-02-28,2026-02-28 18:35:00
5568,639,Neha Singh,USB Hub,3,1800,Completed,2026-03-31,2026-03-31 08:58:00
5569,1195,Vikram Singh,Laptop,5,65000,Cancelled,2026-02-05,2026-02-05 16:29:00
5570,758,Manoj Rao,Laptop Bag,3,3500,Completed,2026-04-13,2026-04-13 03:26:00
5571,1412,Meera Nair,Power Bank,2,2200,Completed,2026-03-13,2026-03-15 09:18:00
5572,1301,Rahul Sharma,Keyboard,3,2500,Completed,2026-02-07,2026-02-07 19:54:00
5573,1282,Priya Reddy,USB Hub,5,1800,Cancelled,2026-02-26,2026-02-27 02:24:00
5574,756,Kiran Patel,Printer,4,12000,Completed,2026-02-03,2026-02-05 10:42:00
5575,890,Arjun Kumar,Keyboard,4,2500,Completed,2026-01-27,2026-01-29 13:39:00
5576,1270,Rahul Sharma,Headphones,4,4500,Completed,2026-05-09,2026-05-09 04:49:00
5577,1456,Rahul Sharma,Keyboard,2,2500,Completed,2026-05-01,2026-05-03 14:24:00
5578,857,Vikram Singh,Power Bank,1,2200,Completed,2026-02-23,2026-02-25 01:53:00
5579,844,Rohit Verma,Keyboard,2,2500,Completed,2026-03-11,2026-03-13 00:17:00
5580,746,Pooja Iyer,Headphones,5,4500,Completed,2026-04-14,2026-04-14 19:33:00
5581,1385,Neha Singh,Laptop,2,65000,Completed,2026-04-02,2026-04-02 19:15:00
5582,839,Vikram Singh,RAM,3,4000,Cancelled,2026-06-04,2026-06-06 03:18:00
5583,1172,Sneha Rao,RAM,4,4000,Cancelled,2026-03-08,2026-03-09 15:28:00
5584,775,Ananya Das,Laptop,2,65000,Pending,2026-09-08,2026-09-09 03:21:00
5585,1399,Pooja Iyer,USB Hub,1,1800,Completed,2026-05-12,2026-05-13 03:45:00
5586,541,Manoj Rao,SSD,2,8000,Completed,2026-03-20,2026-03-22 04:58:00
5587,812,Rahul Sharma,Printer,4,12000,Completed,2026-03-26,2026-03-27 09:00:00
5588,1234,Ananya Das,Laptop Bag,3,3500,Completed,2026-01-24,2026-01-25 10:03:00
5589,577,Neha Singh,Printer,1,12000,Completed,2026-04-21,2026-04-22 05:23:00
5590,782,Vikram Singh,Printer,5,12000,Completed,2026-03-15,2026-03-15 22:54:00
5591,719,Vikram Singh,USB Hub,4,1800,Completed,2026-01-12,2026-01-14 19:34:00
5592,1192,Divya Menon,Headphones,5,4500,Pending,2026-07-18,2026-07-19 22:12:00
5593,845,Meera Nair,Mouse,5,1200,Completed,2026-02-26,2026-02-28 02:11:00
5594,1014,Rohit Verma,USB Hub,1,1800,Pending,2026-05-06,2026-05-08 00:20:00
5595,869,Neha Singh,Mobile Phone,2,25000,Pending,2026-04-02,2026-04-04 07:31:00
5596,1157,Sneha Rao,Smart Watch,1,7500,Completed,2026-06-18,2026-06-18 01:22:00
5597,621,Neha Singh,Laptop,3,65000,Completed,2026-08-28,2026-08-30 13:35:00
5598,1259,Neha Singh,Webcam,4,5000,Pending,2026-01-22,2026-01-24 18:06:00
5599,687,Vikram Singh,SSD,4,8000,Completed,2026-08-11,2026-08-11 02:47:00
5600,1051,Pooja Iyer,Webcam,2,5000,Completed,2026-08-31,2026-09-02 12:09:00
5601,1440,Suresh Kumar,SSD,5,8000,Completed,2026-02-22,2026-02-22 15:23:00
5602,994,Rahul Sharma,Mobile Phone,2,25000,Pending,2026-08-16,2026-08-16 19:26:00
5603,1259,Divya Menon,USB Hub,3,1800,Pending,2026-07-22,2026-07-22 21:36:00
5604,1340,Rahul Sharma,Webcam,3,5000,Completed,2026-04-27,2026-04-29 17:45:00
5605,503,Kiran Patel,Monitor,2,15000,Pending,2026-06-22,2026-06-23 11:53:00
5606,1299,Vikram Singh,Smart Watch,1,7500,Completed,2026-02-14,2026-02-15 10:15:00
5607,548,Priya Reddy,Laptop Bag,4,3500,Completed,2026-06-05,2026-06-07 15:51:00
5608,958,Rohit Verma,SSD,5,8000,Completed,2026-08-09,2026-08-09 22:13:00
5609,1285,Sneha Rao,Laptop Bag,3,3500,Completed,2026-01-22,2026-01-22 07:55:00
5610,1469,Priya Reddy,Power Bank,5,2200,Completed,2026-08-19,2026-08-20 17:18:00
5611,683,Neha Singh,Webcam,5,5000,Completed,2026-08-04,2026-08-04 01:41:00
5612,1054,Rohit Verma,Mouse,4,1200,Cancelled,2026-07-19,2026-07-20 21:10:00
5613,882,Pooja Iyer,Laptop,4,65000,Completed,2026-04-20,2026-04-21 20:19:00
5614,1415,Vikram Singh,SSD,1,8000,Pending,2026-01-11,2026-01-12 04:19:00
5615,710,Pooja Iyer,USB Hub,3,1800,Completed,2026-01-24,2026-01-25 07:20:00
5616,606,Ananya Das,Smart Watch,2,7500,Pending,2026-06-04,2026-06-06 01:55:00
5617,1022,Ajay Reddy,Webcam,2,5000,Completed,2026-08-16,2026-08-18 10:43:00
5618,1223,Arjun Kumar,Tablet,1,30000,Completed,2026-02-12,2026-02-14 22:06:00
5619,739,Sneha Rao,Webcam,5,5000,Completed,2026-06-22,2026-06-22 07:38:00
5620,807,Divya Menon,Headphones,2,4500,Completed,2026-08-30,2026-09-01 18:34:00
5621,1190,Vikram Singh,Printer,3,12000,Pending,2026-06-22,2026-06-23 04:36:00
5622,1232,Ananya Das,RAM,2,4000,Completed,2026-07-10,2026-07-12 12:57:00
5623,790,Rohit Verma,Mobile Phone,5,25000,Completed,2026-07-14,2026-07-16 07:49:00
5624,653,Rohit Verma,Printer,1,12000,Completed,2026-05-05,2026-05-05 08:48:00
5625,1029,Rahul Sharma,Mobile Phone,1,25000,Completed,2026-08-22,2026-08-23 00:00:00
5626,795,Pooja Iyer,Printer,5,12000,Pending,2026-07-01,2026-07-01 07:17:00
5627,1403,Rahul Sharma,Mouse,2,1200,Completed,2026-07-17,2026-07-18 20:32:00
5628,1097,Rahul Sharma,Tablet,5,30000,Cancelled,2026-07-01,2026-07-02 04:30:00
5629,1266,Arjun Kumar,Laptop Bag,4,3500,Completed,2026-04-10,2026-04-12 13:06:00
5630,619,Kiran Patel,USB Hub,1,1800,Completed,2026-06-28,2026-06-30 20:23:00
5631,843,Manoj Rao,RAM,4,4000,Completed,2026-03-06,2026-03-08 08:15:00
5632,727,Priya Reddy,Headphones,3,4500,Completed,2026-03-27,2026-03-28 12:48:00
5633,612,Sneha Rao,Mouse,3,1200,Completed,2026-01-26,2026-01-26 10:38:00
5634,1460,Meera Nair,Power Bank,1,2200,Completed,2026-08-14,2026-08-16 17:49:00
5635,801,Arjun Kumar,Laptop,3,65000,Completed,2026-04-20,2026-04-20 02:30:00
5636,668,Sneha Rao,Mouse,2,1200,Completed,2026-02-07,2026-02-07 13:08:00
5637,1000,Meera Nair,Laptop,1,65000,Completed,2026-05-23,2026-05-24 02:21:00
5638,1352,Ajay Reddy,SSD,3,8000,Completed,2026-09-06,2026-09-07 08:47:00
5639,657,Meera Nair,Tablet,2,30000,Completed,2026-05-23,2026-05-23 19:47:00
5640,1100,Suresh Kumar,Tablet,3,30000,Completed,2026-03-13,2026-03-13 10:57:00
5641,1293,Arjun Kumar,Mobile Phone,4,25000,Pending,2026-04-01,2026-04-01 14:48:00
5642,1303,Rahul Sharma,Mouse,5,1200,Completed,2026-03-07,2026-03-07 12:02:00
5643,1112,Suresh Kumar,Mouse,3,1200,Completed,2026-04-16,2026-04-18 13:24:00
5644,858,Rahul Sharma,Webcam,1,5000,Pending,2026-09-05,2026-09-07 20:48:00
5645,1445,Neha Singh,Headphones,3,4500,Pending,2026-06-24,2026-06-26 11:37:00
5646,1478,Vikram Singh,Headphones,1,4500,Completed,2026-04-27,2026-04-29 16:45:00
5647,1308,Rohit Verma,USB Hub,2,1800,Completed,2026-05-28,2026-05-28 16:14:00
5648,1176,Neha Singh,Headphones,5,4500,Completed,2026-05-01,2026-05-03 10:20:00
5649,1406,Manoj Rao,RAM,1,4000,Completed,2026-01-24,2026-01-27 00:46:00
5650,796,Rahul Sharma,RAM,3,4000,Completed,2026-06-04,2026-06-05 12:11:00
5651,1079,Meera Nair,Laptop,3,65000,Completed,2026-05-17,2026-05-18 02:47:00
5652,674,Vikram Singh,Smart Watch,2,7500,Pending,2026-01-13,2026-01-13 09:35:00
5653,1020,Sneha Rao,Laptop,2,65000,Completed,2026-06-23,2026-06-23 04:39:00
5654,1033,Manoj Rao,Smart Watch,2,7500,Completed,2026-05-04,2026-05-05 23:53:00
5655,1463,Rohit Verma,SSD,2,8000,Pending,2026-06-10,2026-06-12 02:32:00
5656,1327,Neha Singh,Smart Watch,5,7500,Completed,2026-04-05,2026-04-05 01:56:00
5657,849,Arjun Kumar,Webcam,1,5000,Pending,2026-04-23,2026-04-24 16:01:00
5658,588,Rohit Verma,SSD,1,8000,Completed,2026-08-03,2026-08-05 20:53:00
5659,939,Ajay Reddy,Laptop,1,65000,Completed,2026-01-06,2026-01-07 19:24:00
5660,551,Divya Menon,Tablet,4,30000,Completed,2026-08-29,2026-08-29 22:16:00
5661,1321,Priya Reddy,Tablet,5,30000,Pending,2026-05-04,2026-05-05 12:33:00
5662,752,Arjun Kumar,Webcam,4,5000,Completed,2026-06-24,2026-06-25 04:50:00
5663,640,Rahul Sharma,Headphones,5,4500,Completed,2026-06-14,2026-06-14 03:00:00
5664,1228,Suresh Kumar,Keyboard,2,2500,Pending,2026-08-26,2026-08-27 17:50:00
5665,1205,Suresh Kumar,Mobile Phone,4,25000,Completed,2026-07-28,2026-07-30 13:17:00
5666,1439,Manoj Rao,Smart Watch,5,7500,Completed,2026-03-02,2026-03-04 11:48:00
5667,536,Kiran Patel,Keyboard,4,2500,Completed,2026-08-14,2026-08-14 01:34:00
5668,1342,Priya Reddy,Printer,4,12000,Pending,2026-04-30,2026-05-01 04:12:00
5669,1461,Suresh Kumar,Headphones,1,4500,Completed,2026-02-10,2026-02-12 10:46:00
5670,649,Ananya Das,Monitor,4,15000,Completed,2026-02-22,2026-02-23 10:49:00
5671,1007,Kiran Patel,Power Bank,5,2200,Completed,2026-01-28,2026-01-28 10:36:00
5672,1093,Priya Reddy,Keyboard,4,2500,Completed,2026-03-08,2026-03-10 15:04:00
5673,1367,Divya Menon,Mouse,3,1200,Pending,2026-07-28,2026-07-30 16:00:00
5674,758,Kiran Patel,USB Hub,5,1800,Completed,2026-01-04,2026-01-06 23:17:00
5675,566,Ananya Das,Headphones,2,4500,Completed,2026-08-30,2026-09-01 11:16:00
5676,1274,Neha Singh,USB Hub,2,1800,Completed,2026-06-22,2026-06-23 14:23:00
5677,1061,Rohit Verma,Smart Watch,5,7500,Completed,2026-09-08,2026-09-10 02:55:00
5678,1280,Ajay Reddy,Tablet,2,30000,Cancelled,2026-05-10,2026-05-10 13:53:00
5679,1404,Meera Nair,Tablet,1,30000,Completed,2026-02-05,2026-02-08 00:47:00
5680,591,Kiran Patel,Mouse,2,1200,Completed,2026-04-24,2026-04-24 21:18:00
5681,1291,Manoj Rao,SSD,4,8000,Cancelled,2026-06-08,2026-06-08 05:23:00
5682,581,Priya Reddy,SSD,5,8000,Pending,2026-01-18,2026-01-20 21:10:00
5683,1340,Sneha Rao,Laptop Bag,1,3500,Completed,2026-02-21,2026-02-21 19:01:00
5684,570,Sneha Rao,Headphones,1,4500,Completed,2026-04-11,2026-04-11 14:06:00
5685,768,Sneha Rao,Tablet,1,30000,Completed,2026-06-24,2026-06-26 23:36:00
5686,900,Ajay Reddy,Monitor,2,15000,Pending,2026-06-12,2026-06-12 12:29:00
5687,1329,Arjun Kumar,Laptop,2,65000,Completed,2026-09-02,2026-09-04 15:21:00
5688,915,Suresh Kumar,Mouse,2,1200,Completed,2026-03-17,2026-03-18 23:09:00
5689,634,Manoj Rao,Printer,1,12000,Completed,2026-06-08,2026-06-10 14:06:00
5690,656,Pooja Iyer,Laptop,1,65000,Completed,2026-04-17,2026-04-19 17:03:00
5691,1241,Meera Nair,Mouse,2,1200,Pending,2026-03-14,2026-03-15 07:37:00
5692,538,Neha Singh,USB Hub,3,1800,Completed,2026-09-05,2026-09-06 06:07:00
5693,981,Sneha Rao,SSD,3,8000,Completed,2026-05-13,2026-05-14 01:52:00
5694,1095,Ananya Das,SSD,2,8000,Completed,2026-03-15,2026-03-15 07:42:00
5695,591,Ajay Reddy,Headphones,1,4500,Cancelled,2026-01-11,2026-01-13 06:24:00
5696,1359,Priya Reddy,USB Hub,1,1800,Pending,2026-08-25,2026-08-26 01:15:00
5697,1374,Rohit Verma,Monitor,3,15000,Cancelled,2026-02-10,2026-02-10 13:00:00
5698,1092,Kiran Patel,Laptop,1,65000,Completed,2026-05-19,2026-05-20 06:23:00
5699,890,Priya Reddy,Monitor,2,15000,Cancelled,2026-02-10,2026-02-11 13:04:00
5700,1099,Suresh Kumar,Laptop,5,65000,Cancelled,2026-07-11,2026-07-13 16:17:00
5701,1366,Arjun Kumar,Smart Watch,2,7500,Pending,2026-02-02,2026-02-04 18:03:00
5702,1449,Neha Singh,SSD,5,8000,Completed,2026-08-09,2026-08-11 20:45:00
5703,946,Priya Reddy,Headphones,1,4500,Completed,2026-07-14,2026-07-14 07:08:00
5704,613,Sneha Rao,Mouse,5,1200,Completed,2026-05-01,2026-05-02 09:47:00
5705,736,Ajay Reddy,SSD,3,8000,Pending,2026-05-29,2026-05-30 13:15:00
5706,934,Ananya Das,Printer,5,12000,Completed,2026-08-04,2026-08-04 01:39:00
5707,582,Manoj Rao,Monitor,1,15000,Completed,2026-09-07,2026-09-08 01:01:00
5708,770,Rahul Sharma,Monitor,3,15000,Completed,2026-07-18,2026-07-18 09:04:00
5709,1329,Ananya Das,Laptop,3,65000,Pending,2026-05-07,2026-05-09 17:37:00
5710,1087,Ajay Reddy,SSD,3,8000,Completed,2026-06-29,2026-07-01 06:08:00
5711,1419,Suresh Kumar,Printer,5,12000,Cancelled,2026-07-02,2026-07-04 01:49:00
5712,1171,Priya Reddy,Keyboard,2,2500,Completed,2026-04-21,2026-04-22 02:30:00
5713,1365,Kiran Patel,Power Bank,5,2200,Completed,2026-01-11,2026-01-13 00:58:00
5714,1370,Vikram Singh,Mouse,1,1200,Pending,2026-06-28,2026-06-30 09:21:00
5715,1085,Sneha Rao,Power Bank,2,2200,Completed,2026-06-18,2026-06-19 07:28:00
5716,1324,Rohit Verma,Monitor,3,15000,Completed,2026-02-06,2026-02-08 03:09:00
5717,1058,Meera Nair,Printer,1,12000,Completed,2026-09-08,2026-09-10 21:14:00
5718,979,Priya Reddy,Printer,4,12000,Cancelled,2026-05-06,2026-05-08 07:21:00
5719,1480,Pooja Iyer,Laptop Bag,1,3500,Pending,2026-03-02,2026-03-03 15:03:00
5720,711,Neha Singh,Printer,1,12000,Pending,2026-04-17,2026-04-19 11:29:00
5721,1374,Sneha Rao,Printer,2,12000,Completed,2026-06-11,2026-06-11 08:26:00
5722,737,Arjun Kumar,Smart Watch,5,7500,Completed,2026-05-26,2026-05-26 17:35:00
5723,1234,Suresh Kumar,Headphones,2,4500,Completed,2026-07-06,2026-07-06 11:51:00
5724,962,Ajay Reddy,Mobile Phone,5,25000,Pending,2026-01-23,2026-01-25 14:43:00
5725,1466,Suresh Kumar,Keyboard,4,2500,Completed,2026-07-02,2026-07-03 17:19:00
5726,1098,Vikram Singh,Smart Watch,1,7500,Completed,2026-07-19,2026-07-19 13:30:00
5727,1292,Pooja Iyer,Mouse,1,1200,Completed,2026-09-02,2026-09-02 04:26:00
5728,623,Meera Nair,Laptop,3,65000,Completed,2026-01-13,2026-01-14 05:36:00
5729,1263,Kiran Patel,Tablet,1,30000,Completed,2026-04-21,2026-04-22 10:59:00
5730,691,Ajay Reddy,Power Bank,3,2200,Cancelled,2026-06-28,2026-06-29 00:17:00
5731,990,Divya Menon,Monitor,1,15000,Completed,2026-03-20,2026-03-20 19:40:00
5732,671,Suresh Kumar,RAM,5,4000,Completed,2026-08-16,2026-08-17 14:58:00
5733,1360,Neha Singh,RAM,1,4000,Completed,2026-02-11,2026-02-11 09:21:00
5734,946,Sneha Rao,Printer,4,12000,Completed,2026-03-12,2026-03-13 14:28:00
5735,790,Kiran Patel,Keyboard,4,2500,Pending,2026-07-04,2026-07-05 20:15:00
5736,616,Suresh Kumar,USB Hub,5,1800,Pending,2026-02-20,2026-02-21 16:45:00
5737,512,Ajay Reddy,Power Bank,5,2200,Cancelled,2026-08-19,2026-08-19 09:27:00
5738,1418,Rohit Verma,Monitor,1,15000,Completed,2026-08-01,2026-08-01 01:56:00
5739,804,Ananya Das,Laptop Bag,5,3500,Cancelled,2026-07-11,2026-07-11 06:28:00
5740,635,Neha Singh,Mouse,2,1200,Cancelled,2026-03-24,2026-03-25 09:08:00
5741,1455,Arjun Kumar,Laptop Bag,4,3500,Completed,2026-07-05,2026-07-05 01:02:00
5742,977,Rohit Verma,Mouse,5,1200,Completed,2026-03-13,2026-03-15 10:43:00
5743,938,Vikram Singh,Mouse,2,1200,Completed,2026-07-09,2026-07-09 02:54:00
5744,1155,Sneha Rao,Power Bank,4,2200,Pending,2026-08-08,2026-08-10 02:53:00
5745,647,Manoj Rao,Power Bank,1,2200,Cancelled,2026-08-10,2026-08-10 06:19:00
5746,718,Arjun Kumar,Laptop,1,65000,Completed,2026-05-06,2026-05-08 23:26:00
5747,1313,Vikram Singh,Webcam,2,5000,Completed,2026-02-11,2026-02-13 21:56:00
5748,810,Rohit Verma,Printer,4,12000,Pending,2026-07-01,2026-07-01 07:23:00
5749,1019,Vikram Singh,RAM,5,4000,Pending,2026-02-10,2026-02-12 15:03:00
5750,1167,Neha Singh,Tablet,2,30000,Completed,2026-01-04,2026-01-06 17:46:00
5751,1328,Meera Nair,USB Hub,1,1800,Pending,2026-02-15,2026-02-16 08:34:00
5752,806,Rohit Verma,Webcam,2,5000,Cancelled,2026-04-11,2026-04-11 13:08:00
5753,1305,Pooja Iyer,Laptop,3,65000,Completed,2026-08-16,2026-08-17 21:22:00
5754,999,Kiran Patel,Mouse,3,1200,Completed,2026-06-12,2026-06-13 04:31:00
5755,1269,Suresh Kumar,Printer,3,12000,Cancelled,2026-06-03,2026-06-04 22:31:00
5756,555,Ananya Das,SSD,2,8000,Completed,2026-04-17,2026-04-18 21:21:00
5757,747,Vikram Singh,Monitor,5,15000,Pending,2026-09-08,2026-09-08 18:56:00
5758,964,Suresh Kumar,Laptop Bag,1,3500,Completed,2026-01-13,2026-01-14 18:22:00
5759,1137,Manoj Rao,Monitor,1,15000,Completed,2026-05-03,2026-05-05 11:52:00
5760,739,Arjun Kumar,Keyboard,3,2500,Cancelled,2026-01-14,2026-01-15 23:59:00
5761,1343,Arjun Kumar,Monitor,2,15000,Pending,2026-05-23,2026-05-24 08:59:00
5762,854,Arjun Kumar,Laptop Bag,4,3500,Completed,2026-07-18,2026-07-18 03:35:00
5763,1177,Vikram Singh,Mobile Phone,5,25000,Completed,2026-04-22,2026-04-24 11:52:00
5764,1323,Kiran Patel,USB Hub,5,1800,Completed,2026-05-29,2026-05-30 15:52:00
5765,817,Vikram Singh,Power Bank,4,2200,Completed,2026-09-02,2026-09-03 00:34:00
5766,1068,Ananya Das,Smart Watch,1,7500,Pending,2026-05-22,2026-05-22 17:09:00
5767,1061,Divya Menon,Monitor,1,15000,Completed,2026-01-14,2026-01-16 15:37:00
5768,563,Divya Menon,USB Hub,1,1800,Completed,2026-01-26,2026-01-27 10:14:00
5769,598,Suresh Kumar,Smart Watch,1,7500,Pending,2026-07-05,2026-07-08 00:31:00
5770,908,Arjun Kumar,Webcam,2,5000,Completed,2026-08-07,2026-08-07 16:26:00
5771,1457,Priya Reddy,Power Bank,1,2200,Completed,2026-02-18,2026-02-18 06:54:00
5772,1314,Vikram Singh,Tablet,4,30000,Completed,2026-02-17,2026-02-18 04:08:00
5773,1274,Pooja Iyer,Monitor,3,15000,Completed,2026-03-09,2026-03-10 09:29:00
5774,1066,Arjun Kumar,RAM,1,4000,Completed,2026-01-29,2026-01-29 11:54:00
5775,715,Rahul Sharma,Monitor,1,15000,Cancelled,2026-08-01,2026-08-02 02:01:00
5776,1040,Kiran Patel,Printer,4,12000,Completed,2026-06-24,2026-06-24 14:31:00
5777,846,Neha Singh,RAM,2,4000,Completed,2026-05-22,2026-05-24 19:57:00
5778,1155,Kiran Patel,Printer,1,12000,Completed,2026-06-10,2026-06-12 06:52:00
5779,807,Meera Nair,Keyboard,5,2500,Completed,2026-01-18,2026-01-20 17:17:00
5780,868,Ananya Das,Mouse,4,1200,Completed,2026-07-05,2026-07-07 07:24:00
5781,1457,Neha Singh,SSD,5,8000,Completed,2026-07-04,2026-07-04 08:31:00
5782,854,Manoj Rao,RAM,3,4000,Completed,2026-03-18,2026-03-20 19:49:00
5783,701,Divya Menon,SSD,5,8000,Completed,2026-04-17,2026-04-17 11:37:00
5784,1296,Divya Menon,USB Hub,3,1800,Pending,2026-07-10,2026-07-12 17:35:00
5785,951,Sneha Rao,Mouse,4,1200,Completed,2026-06-12,2026-06-13 06:37:00
5786,1040,Ajay Reddy,Monitor,3,15000,Completed,2026-08-29,2026-08-29 13:08:00
5787,1051,Pooja Iyer,Monitor,1,15000,Completed,2026-02-19,2026-02-20 23:57:00
5788,777,Suresh Kumar,Power Bank,4,2200,Pending,2026-08-29,2026-08-29 08:00:00
5789,1396,Manoj Rao,Laptop Bag,5,3500,Completed,2026-05-09,2026-05-09 03:55:00
5790,599,Ananya Das,RAM,1,4000,Completed,2026-04-12,2026-04-12 05:48:00
5791,1314,Rahul Sharma,SSD,4,8000,Completed,2026-06-23,2026-06-25 10:02:00
5792,589,Priya Reddy,Tablet,3,30000,Completed,2026-09-03,2026-09-05 10:30:00
5793,1415,Meera Nair,Smart Watch,3,7500,Completed,2026-09-04,2026-09-07 00:57:00
5794,688,Pooja Iyer,USB Hub,2,1800,Completed,2026-03-18,2026-03-20 09:40:00
5795,503,Divya Menon,Power Bank,5,2200,Completed,2026-01-07,2026-01-07 07:50:00
5796,710,Ajay Reddy,Power Bank,3,2200,Completed,2026-06-20,2026-06-20 01:07:00
5797,1478,Rahul Sharma,Printer,5,12000,Cancelled,2026-04-18,2026-04-19 23:13:00
5798,1130,Pooja Iyer,Mouse,3,1200,Cancelled,2026-08-04,2026-08-06 00:47:00
5799,993,Rohit Verma,Printer,5,12000,Completed,2026-02-04,2026-02-04 16:00:00
5800,809,Divya Menon,Printer,4,12000,Completed,2026-04-10,2026-04-10 12:03:00
5801,1388,Ananya Das,Keyboard,5,2500,Pending,2026-01-01,2026-01-02 09:56:00
5802,733,Pooja Iyer,RAM,3,4000,Pending,2026-04-17,2026-04-19 17:33:00
5803,990,Suresh Kumar,Mobile Phone,5,25000,Completed,2026-07-29,2026-07-29 20:35:00
5804,673,Divya Menon,Laptop,4,65000,Pending,2026-07-01,2026-07-02 21:31:00
5805,1104,Arjun Kumar,Webcam,2,5000,Pending,2026-07-21,2026-07-21 15:43:00
5806,1105,Priya Reddy,Headphones,1,4500,Completed,2026-03-23,2026-03-25 17:12:00
5807,541,Kiran Patel,Headphones,2,4500,Completed,2026-06-06,2026-06-06 20:26:00
5808,602,Divya Menon,Laptop Bag,5,3500,Completed,2026-06-21,2026-06-21 19:35:00
5809,867,Neha Singh,RAM,2,4000,Completed,2026-03-19,2026-03-19 12:23:00
5810,504,Ajay Reddy,SSD,3,8000,Pending,2026-07-12,2026-07-15 00:33:00
5811,1292,Meera Nair,SSD,2,8000,Completed,2026-05-22,2026-05-23 05:51:00
5812,1366,Manoj Rao,Laptop,3,65000,Completed,2026-01-18,2026-01-18 16:06:00
5813,620,Divya Menon,Smart Watch,2,7500,Pending,2026-06-15,2026-06-17 10:53:00
5814,1212,Pooja Iyer,Power Bank,5,2200,Completed,2026-05-08,2026-05-09 04:38:00
5815,1238,Priya Reddy,Headphones,3,4500,Cancelled,2026-03-08,2026-03-11 00:31:00
5816,1046,Suresh Kumar,USB Hub,1,1800,Pending,2026-04-23,2026-04-25 08:48:00
5817,1241,Suresh Kumar,Headphones,5,4500,Completed,2026-01-07,2026-01-09 01:13:00
5818,1123,Ananya Das,Mouse,3,1200,Completed,2026-05-16,2026-05-17 05:30:00
5819,1188,Suresh Kumar,USB Hub,4,1800,Completed,2026-09-03,2026-09-03 13:44:00
5820,719,Sneha Rao,Power Bank,3,2200,Pending,2026-07-03,2026-07-04 15:14:00
5821,663,Pooja Iyer,Power Bank,2,2200,Pending,2026-02-01,2026-02-01 03:52:00
5822,1342,Priya Reddy,Laptop,2,65000,Pending,2026-04-14,2026-04-15 15:55:00
5823,1437,Ajay Reddy,Power Bank,1,2200,Completed,2026-04-05,2026-04-06 22:25:00
5824,1100,Sneha Rao,Webcam,5,5000,Completed,2026-02-12,2026-02-12 09:56:00
5825,993,Ananya Das,Monitor,1,15000,Cancelled,2026-05-29,2026-05-31 03:38:00
5826,665,Meera Nair,USB Hub,2,1800,Cancelled,2026-03-17,2026-03-18 05:15:00
5827,639,Arjun Kumar,Smart Watch,3,7500,Completed,2026-06-09,2026-06-09 15:42:00
5828,752,Suresh Kumar,USB Hub,4,1800,Pending,2026-08-07,2026-08-08 18:27:00
5829,857,Meera Nair,Tablet,3,30000,Cancelled,2026-04-01,2026-04-01 05:33:00
5830,631,Priya Reddy,USB Hub,4,1800,Cancelled,2026-03-06,2026-03-06 01:54:00
5831,1295,Kiran Patel,Tablet,1,30000,Completed,2026-02-28,2026-02-28 08:24:00
5832,982,Rohit Verma,SSD,1,8000,Completed,2026-04-16,2026-04-16 20:06:00
5833,973,Ananya Das,Power Bank,4,2200,Completed,2026-07-12,2026-07-12 23:28:00
5834,1394,Rahul Sharma,USB Hub,3,1800,Completed,2026-03-01,2026-03-02 09:12:00
5835,737,Sneha Rao,Tablet,1,30000,Cancelled,2026-04-28,2026-04-30 18:52:00
5836,1339,Ananya Das,Laptop,4,65000,Completed,2026-04-08,2026-04-09 17:16:00
5837,1451,Neha Singh,Webcam,5,5000,Completed,2026-03-01,2026-03-01 23:00:00
5838,697,Pooja Iyer,Mouse,1,1200,Completed,2026-01-22,2026-01-23 20:11:00
5839,1048,Divya Menon,Smart Watch,1,7500,Completed,2026-01-12,2026-01-13 19:05:00
5840,671,Pooja Iyer,Tablet,2,30000,Completed,2026-03-15,2026-03-16 03:21:00
5841,1357,Ajay Reddy,Laptop Bag,3,3500,Completed,2026-09-08,2026-09-08 02:49:00
5842,1391,Neha Singh,USB Hub,5,1800,Completed,2026-03-13,2026-03-14 17:36:00
5843,654,Neha Singh,Monitor,1,15000,Completed,2026-06-27,2026-06-27 03:29:00
5844,505,Ananya Das,Webcam,4,5000,Completed,2026-06-18,2026-06-18 02:56:00
5845,1122,Divya Menon,USB Hub,4,1800,Completed,2026-01-06,2026-01-06 16:43:00
5846,892,Sneha Rao,Monitor,3,15000,Completed,2026-02-27,2026-03-01 13:50:00
5847,1232,Kiran Patel,RAM,5,4000,Pending,2026-03-22,2026-03-22 04:32:00
5848,1045,Neha Singh,Tablet,2,30000,Pending,2026-03-28,2026-03-30 22:40:00
5849,1486,Suresh Kumar,Headphones,5,4500,Completed,2026-03-03,2026-03-05 11:13:00
5850,1462,Divya Menon,Headphones,5,4500,Completed,2026-05-11,2026-05-11 06:39:00
5851,910,Divya Menon,USB Hub,2,1800,Completed,2026-07-22,2026-07-22 23:58:00
5852,1266,Vikram Singh,Mouse,1,1200,Cancelled,2026-03-27,2026-03-29 18:24:00
5853,1345,Kiran Patel,Laptop,1,65000,Completed,2026-06-21,2026-06-21 15:26:00
5854,1229,Suresh Kumar,Laptop Bag,3,3500,Completed,2026-02-20,2026-02-20 12:49:00
5855,1295,Rohit Verma,SSD,2,8000,Completed,2026-06-06,2026-06-08 17:52:00
5856,521,Ajay Reddy,Mobile Phone,5,25000,Cancelled,2026-08-08,2026-08-09 03:48:00
5857,1128,Ananya Das,Monitor,5,15000,Completed,2026-02-24,2026-02-26 21:54:00
5858,1106,Kiran Patel,Laptop Bag,5,3500,Cancelled,2026-01-31,2026-02-01 19:46:00
5859,620,Neha Singh,Mouse,2,1200,Completed,2026-05-11,2026-05-11 20:35:00
5860,869,Suresh Kumar,Mouse,4,1200,Completed,2026-03-18,2026-03-19 16:10:00
5861,607,Arjun Kumar,Power Bank,1,2200,Pending,2026-02-26,2026-02-26 08:42:00
5862,940,Kiran Patel,Headphones,5,4500,Completed,2026-02-12,2026-02-13 06:08:00
5863,1489,Arjun Kumar,Smart Watch,5,7500,Completed,2026-03-31,2026-04-02 07:49:00
5864,772,Divya Menon,Tablet,3,30000,Completed,2026-01-22,2026-01-24 10:23:00
5865,1330,Pooja Iyer,USB Hub,4,1800,Completed,2026-04-01,2026-04-02 11:28:00
5866,1129,Sneha Rao,RAM,3,4000,Completed,2026-04-13,2026-04-14 21:55:00
5867,613,Arjun Kumar,Laptop Bag,2,3500,Completed,2026-02-12,2026-02-13 05:00:00
5868,1276,Priya Reddy,USB Hub,2,1800,Pending,2026-08-10,2026-08-10 01:34:00
5869,1233,Neha Singh,Tablet,2,30000,Pending,2026-04-22,2026-04-24 16:19:00
5870,833,Manoj Rao,Mobile Phone,1,25000,Completed,2026-05-28,2026-05-29 12:46:00
5871,529,Rohit Verma,Mobile Phone,4,25000,Completed,2026-05-24,2026-05-25 01:50:00
5872,790,Ajay Reddy,Mobile Phone,1,25000,Completed,2026-08-26,2026-08-28 22:48:00
5873,1007,Ananya Das,Mobile Phone,5,25000,Cancelled,2026-02-27,2026-03-01 21:10:00
5874,1172,Ajay Reddy,Laptop Bag,5,3500,Pending,2026-01-27,2026-01-27 15:58:00
5875,1259,Rahul Sharma,USB Hub,4,1800,Pending,2026-08-09,2026-08-11 20:48:00
5876,1436,Manoj Rao,Keyboard,4,2500,Cancelled,2026-07-18,2026-07-20 18:21:00
5877,1473,Pooja Iyer,Laptop,4,65000,Completed,2026-02-05,2026-02-06 03:01:00
5878,948,Rahul Sharma,RAM,1,4000,Completed,2026-02-11,2026-02-13 12:26:00
5879,836,Vikram Singh,Tablet,3,30000,Completed,2026-03-15,2026-03-16 23:13:00
5880,559,Vikram Singh,Printer,2,12000,Completed,2026-04-25,2026-04-27 20:00:00
5881,1277,Pooja Iyer,Mouse,2,1200,Completed,2026-05-21,2026-05-21 04:14:00
5882,1386,Kiran Patel,Mobile Phone,1,25000,Completed,2026-07-20,2026-07-20 11:25:00
5883,791,Sneha Rao,Tablet,1,30000,Completed,2026-02-03,2026-02-05 20:45:00
5884,915,Suresh Kumar,Keyboard,2,2500,Completed,2026-05-24,2026-05-24 14:52:00
5885,1431,Vikram Singh,RAM,5,4000,Completed,2026-01-27,2026-01-27 01:53:00
5886,1344,Ajay Reddy,Tablet,2,30000,Cancelled,2026-01-26,2026-01-26 17:26:00
5887,930,Manoj Rao,Webcam,4,5000,Completed,2026-01-04,2026-01-06 17:48:00
5888,946,Suresh Kumar,RAM,4,4000,Completed,2026-06-25,2026-06-27 23:39:00
5889,780,Arjun Kumar,USB Hub,2,1800,Pending,2026-01-02,2026-01-03 20:40:00
5890,716,Rohit Verma,Mobile Phone,1,25000,Completed,2026-07-02,2026-07-03 21:07:00
5891,1440,Pooja Iyer,USB Hub,5,1800,Completed,2026-06-06,2026-06-08 20:39:00
5892,1359,Ananya Das,Printer,5,12000,Completed,2026-01-03,2026-01-04 13:45:00
5893,649,Meera Nair,Headphones,5,4500,Pending,2026-08-25,2026-08-26 16:22:00
5894,671,Suresh Kumar,Headphones,4,4500,Cancelled,2026-03-26,2026-03-26 05:13:00
5895,1379,Manoj Rao,Monitor,2,15000,Pending,2026-02-04,2026-02-05 12:09:00
5896,1054,Vikram Singh,Tablet,4,30000,Cancelled,2026-03-01,2026-03-03 22:24:00
5897,1369,Manoj Rao,RAM,3,4000,Completed,2026-06-14,2026-06-16 20:06:00
5898,652,Divya Menon,Power Bank,5,2200,Pending,2026-07-14,2026-07-15 10:15:00
5899,675,Rahul Sharma,Monitor,4,15000,Completed,2026-04-03,2026-04-04 00:35:00
5900,1354,Rohit Verma,Tablet,4,30000,Completed,2026-05-26,2026-05-28 06:28:00
5901,567,Neha Singh,Webcam,3,5000,Completed,2026-08-16,2026-08-18 13:46:00
5902,1479,Kiran Patel,Laptop Bag,2,3500,Completed,2026-04-26,2026-04-26 21:37:00
5903,845,Suresh Kumar,Webcam,4,5000,Cancelled,2026-02-21,2026-02-23 10:32:00
5904,1411,Pooja Iyer,Mobile Phone,4,25000,Completed,2026-05-14,2026-05-15 04:09:00
5905,863,Manoj Rao,Keyboard,1,2500,Cancelled,2026-06-13,2026-06-15 05:08:00
5906,1282,Vikram Singh,Mouse,5,1200,Cancelled,2026-02-11,2026-02-13 05:27:00
5907,1232,Ajay Reddy,Mobile Phone,1,25000,Completed,2026-09-02,2026-09-04 09:55:00
5908,1142,Arjun Kumar,USB Hub,5,1800,Cancelled,2026-01-06,2026-01-07 07:26:00
5909,1105,Neha Singh,Monitor,1,15000,Pending,2026-01-18,2026-01-18 08:32:00
5910,590,Suresh Kumar,Tablet,4,30000,Completed,2026-06-06,2026-06-06 22:49:00
5911,703,Rahul Sharma,Smart Watch,3,7500,Completed,2026-05-31,2026-06-01 15:21:00
5912,673,Ananya Das,Laptop Bag,1,3500,Cancelled,2026-04-17,2026-04-17 17:05:00
5913,992,Rohit Verma,Keyboard,3,2500,Completed,2026-02-22,2026-02-24 01:55:00
5914,837,Kiran Patel,Keyboard,5,2500,Completed,2026-04-18,2026-04-20 09:45:00
5915,606,Priya Reddy,RAM,2,4000,Completed,2026-02-21,2026-02-22 03:06:00
5916,503,Suresh Kumar,SSD,4,8000,Pending,2026-05-04,2026-05-05 23:24:00
5917,1306,Rahul Sharma,Tablet,2,30000,Pending,2026-04-29,2026-04-29 15:16:00
5918,573,Priya Reddy,Printer,4,12000,Pending,2026-06-27,2026-06-29 03:12:00
5919,1152,Pooja Iyer,Mobile Phone,2,25000,Cancelled,2026-06-17,2026-06-19 19:49:00
5920,602,Meera Nair,SSD,1,8000,Completed,2026-03-21,2026-03-23 19:31:00
5921,785,Ajay Reddy,Laptop,4,65000,Completed,2026-08-05,2026-08-05 11:18:00
5922,935,Vikram Singh,Monitor,1,15000,Completed,2026-09-06,2026-09-07 03:53:00
5923,742,Ananya Das,Laptop,4,65000,Pending,2026-05-10,2026-05-12 05:14:00
5924,697,Rohit Verma,Laptop,1,65000,Completed,2026-03-01,2026-03-02 08:50:00
5925,1365,Ajay Reddy,Mobile Phone,2,25000,Completed,2026-04-06,2026-04-07 19:12:00
5926,1422,Arjun Kumar,Printer,3,12000,Completed,2026-04-09,2026-04-11 13:12:00
5927,1387,Arjun Kumar,USB Hub,5,1800,Completed,2026-02-05,2026-02-07 01:17:00
5928,1060,Sneha Rao,Smart Watch,4,7500,Pending,2026-04-08,2026-04-09 11:07:00
5929,1118,Neha Singh,Monitor,3,15000,Completed,2026-01-23,2026-01-23 14:01:00
5930,565,Rahul Sharma,Keyboard,4,2500,Completed,2026-02-04,2026-02-05 13:26:00
5931,573,Rahul Sharma,RAM,4,4000,Completed,2026-06-25,2026-06-26 08:48:00
5932,666,Rohit Verma,Laptop,4,65000,Pending,2026-03-31,2026-04-01 23:40:00
5933,1271,Vikram Singh,Power Bank,1,2200,Completed,2026-05-06,2026-05-08 10:11:00
5934,614,Rohit Verma,Headphones,5,4500,Completed,2026-02-25,2026-02-27 23:28:00
5935,1295,Divya Menon,Webcam,3,5000,Completed,2026-03-22,2026-03-24 18:22:00
5936,675,Pooja Iyer,Monitor,5,15000,Cancelled,2026-04-11,2026-04-11 14:25:00
5937,648,Kiran Patel,Printer,4,12000,Completed,2026-06-02,2026-06-03 09:26:00
5938,962,Kiran Patel,Smart Watch,2,7500,Completed,2026-04-07,2026-04-08 03:25:00
5939,615,Vikram Singh,Laptop Bag,1,3500,Completed,2026-07-04,2026-07-05 01:40:00
5940,915,Ananya Das,Monitor,3,15000,Completed,2026-02-09,2026-02-10 23:17:00
5941,1010,Arjun Kumar,Webcam,3,5000,Pending,2026-03-10,2026-03-11 00:56:00
5942,503,Rahul Sharma,SSD,4,8000,Completed,2026-08-23,2026-08-24 11:45:00
5943,878,Pooja Iyer,Mobile Phone,3,25000,Completed,2026-05-04,2026-05-06 03:04:00
5944,782,Manoj Rao,Mobile Phone,3,25000,Cancelled,2026-06-13,2026-06-13 06:28:00
5945,1381,Sneha Rao,Mobile Phone,3,25000,Completed,2026-07-31,2026-08-01 07:05:00
5946,1098,Arjun Kumar,Headphones,4,4500,Completed,2026-06-15,2026-06-17 16:54:00
5947,1359,Vikram Singh,RAM,5,4000,Completed,2026-02-16,2026-02-18 02:57:00
5948,1500,Kiran Patel,Mouse,5,1200,Completed,2026-01-19,2026-01-20 05:24:00
5949,575,Vikram Singh,Printer,2,12000,Completed,2026-05-19,2026-05-20 08:51:00
5950,1268,Meera Nair,Smart Watch,4,7500,Pending,2026-03-02,2026-03-04 11:03:00
5951,1498,Neha Singh,Power Bank,2,2200,Completed,2026-08-07,2026-08-09 06:54:00
5952,686,Neha Singh,Headphones,4,4500,Completed,2026-07-18,2026-07-20 11:09:00
5953,1424,Meera Nair,Headphones,4,4500,Completed,2026-05-15,2026-05-18 00:28:00
5954,854,Rahul Sharma,Monitor,1,15000,Completed,2026-03-09,2026-03-10 21:55:00
5955,1189,Vikram Singh,Tablet,2,30000,Completed,2026-04-22,2026-04-24 09:25:00
5956,1410,Ajay Reddy,Monitor,5,15000,Pending,2026-01-17,2026-01-18 10:22:00
5957,609,Neha Singh,USB Hub,5,1800,Completed,2026-01-26,2026-01-26 15:41:00
5958,695,Sneha Rao,Mouse,2,1200,Pending,2026-02-21,2026-02-21 14:11:00
5959,1241,Priya Reddy,Monitor,3,15000,Pending,2026-03-19,2026-03-21 20:40:00
5960,727,Meera Nair,Laptop Bag,5,3500,Completed,2026-09-07,2026-09-07 13:29:00
5961,1294,Neha Singh,Tablet,3,30000,Completed,2026-05-17,2026-05-19 18:03:00
5962,888,Pooja Iyer,Laptop Bag,5,3500,Pending,2026-05-15,2026-05-15 08:59:00
5963,947,Divya Menon,Mouse,5,1200,Completed,2026-08-02,2026-08-04 09:29:00
5964,1419,Suresh Kumar,Mobile Phone,3,25000,Completed,2026-08-07,2026-08-07 13:39:00
5965,769,Sneha Rao,Power Bank,1,2200,Completed,2026-05-28,2026-05-30 13:56:00
5966,1134,Kiran Patel,Printer,3,12000,Completed,2026-07-11,2026-07-12 13:13:00
5967,1121,Ananya Das,SSD,5,8000,Completed,2026-05-28,2026-05-29 11:16:00
5968,1430,Kiran Patel,Tablet,3,30000,Completed,2026-04-11,2026-04-11 13:08:00
5969,733,Meera Nair,Monitor,3,15000,Pending,2026-06-17,2026-06-18 00:29:00
5970,510,Rohit Verma,Keyboard,5,2500,Completed,2026-04-13,2026-04-14 05:41:00
5971,543,Sneha Rao,USB Hub,1,1800,Completed,2026-01-02,2026-01-02 05:41:00
5972,1332,Priya Reddy,Laptop Bag,2,3500,Completed,2026-03-21,2026-03-23 15:26:00
5973,831,Sneha Rao,Headphones,1,4500,Completed,2026-04-23,2026-04-24 15:56:00
5974,861,Meera Nair,SSD,1,8000,Completed,2026-07-10,2026-07-12 06:40:00
5975,651,Priya Reddy,Tablet,5,30000,Completed,2026-02-04,2026-02-05 22:38:00
5976,1455,Pooja Iyer,Monitor,4,15000,Completed,2026-08-22,2026-08-22 23:50:00
5977,578,Manoj Rao,Smart Watch,3,7500,Completed,2026-05-04,2026-05-04 06:46:00
5978,820,Suresh Kumar,Laptop Bag,3,3500,Completed,2026-04-11,2026-04-13 00:53:00
5979,1146,Vikram Singh,Webcam,3,5000,Completed,2026-08-12,2026-08-13 05:08:00
5980,1424,Priya Reddy,Tablet,4,30000,Completed,2026-06-14,2026-06-16 06:02:00
5981,699,Divya Menon,Mobile Phone,2,25000,Completed,2026-06-24,2026-06-25 14:18:00
5982,979,Neha Singh,Laptop Bag,3,3500,Completed,2026-02-14,2026-02-16 19:23:00
5983,833,Rohit Verma,Printer,5,12000,Completed,2026-08-25,2026-08-27 17:40:00
5984,1073,Meera Nair,USB Hub,1,1800,Completed,2026-03-23,2026-03-24 10:28:00
5985,1361,Divya Menon,Printer,5,12000,Completed,2026-04-22,2026-04-23 14:54:00
5986,852,Pooja Iyer,Tablet,4,30000,Completed,2026-01-18,2026-01-18 02:35:00
5987,747,Vikram Singh,Mobile Phone,4,25000,Completed,2026-01-22,2026-01-23 13:08:00
5988,1387,Meera Nair,Laptop Bag,5,3500,Completed,2026-07-21,2026-07-21 16:06:00
5989,1000,Rahul Sharma,Headphones,1,4500,Completed,2026-03-06,2026-03-07 02:34:00
5990,1212,Ajay Reddy,Mobile Phone,3,25000,Completed,2026-06-09,2026-06-10 22:55:00
5991,817,Ajay Reddy,RAM,2,4000,Completed,2026-03-21,2026-03-23 04:22:00
5992,1182,Pooja Iyer,Monitor,2,15000,Pending,2026-05-16,2026-05-16 20:53:00
5993,1007,Neha Singh,SSD,5,8000,Completed,2026-03-14,2026-03-16 16:01:00
5994,524,Vikram Singh,Mobile Phone,3,25000,Pending,2026-06-09,2026-06-11 10:14:00
5995,579,Vikram Singh,Tablet,4,30000,Pending,2026-01-26,2026-01-28 11:37:00
5996,942,Divya Menon,Printer,1,12000,Completed,2026-05-05,2026-05-06 07:22:00
5997,1283,Manoj Rao,Power Bank,5,2200,Completed,2026-08-01,2026-08-01 19:46:00
5998,1420,Kiran Patel,Mobile Phone,3,25000,Completed,2026-02-14,2026-02-14 05:50:00
5999,1342,Kiran Patel,SSD,1,8000,Completed,2026-01-28,2026-01-29 05:53:00
6000,896,Priya Reddy,Laptop Bag,4,3500,Completed,2026-01-27,2026-01-28 19:08:00
6001,883,Priya Reddy,Mouse,2,1200,Completed,2026-08-09,2026-08-09 10:05:00
6002,1477,Kiran Patel,Headphones,5,4500,Completed,2026-07-19,2026-07-20 07:41:00
6003,789,Rahul Sharma,Headphones,3,4500,Completed,2026-06-09,2026-06-11 07:50:00
6004,553,Vikram Singh,RAM,5,4000,Completed,2026-01-19,2026-01-19 11:50:00
6005,544,Vikram Singh,RAM,5,4000,Completed,2026-04-02,2026-04-03 05:31:00
6006,544,Ananya Das,Printer,1,12000,Completed,2026-01-31,2026-02-02 08:58:00
6007,1189,Priya Reddy,Power Bank,5,2200,Completed,2026-05-23,2026-05-24 22:54:00
6008,1328,Rohit Verma,Tablet,1,30000,Completed,2026-08-28,2026-08-28 07:43:00
6009,744,Priya Reddy,Webcam,1,5000,Cancelled,2026-09-07,2026-09-08 17:06:00
6010,983,Sneha Rao,Mouse,4,1200,Cancelled,2026-05-04,2026-05-06 08:23:00
6011,565,Rohit Verma,USB Hub,3,1800,Completed,2026-06-28,2026-06-30 06:16:00
6012,1387,Ajay Reddy,USB Hub,5,1800,Pending,2026-01-15,2026-01-15 02:44:00
6013,1049,Sneha Rao,Printer,4,12000,Completed,2026-01-06,2026-01-06 18:38:00
6014,749,Ajay Reddy,USB Hub,4,1800,Completed,2026-06-28,2026-06-28 22:23:00
6015,1270,Vikram Singh,Tablet,2,30000,Completed,2026-07-25,2026-07-26 00:34:00
6016,1172,Rohit Verma,Smart Watch,2,7500,Completed,2026-07-16,2026-07-18 09:24:00
6017,746,Manoj Rao,RAM,3,4000,Completed,2026-07-06,2026-07-08 10:23:00
6018,1416,Ajay Reddy,Keyboard,1,2500,Cancelled,2026-05-07,2026-05-08 06:07:00
6019,1280,Divya Menon,RAM,4,4000,Completed,2026-03-11,2026-03-12 22:08:00
6020,616,Neha Singh,Keyboard,5,2500,Pending,2026-01-11,2026-01-12 07:53:00
6021,541,Kiran Patel,Laptop Bag,5,3500,Completed,2026-05-06,2026-05-06 07:34:00
6022,833,Ajay Reddy,Webcam,5,5000,Cancelled,2026-03-30,2026-04-02 00:59:00
6023,1448,Arjun Kumar,SSD,4,8000,Completed,2026-04-17,2026-04-17 22:37:00
6024,1195,Arjun Kumar,USB Hub,3,1800,Pending,2026-04-02,2026-04-03 00:53:00
6025,929,Meera Nair,USB Hub,1,1800,Completed,2026-01-24,2026-01-24 13:12:00
6026,677,Arjun Kumar,RAM,2,4000,Pending,2026-06-28,2026-06-30 15:01:00
6027,1083,Kiran Patel,Laptop,1,65000,Cancelled,2026-01-17,2026-01-18 20:57:00
6028,944,Rahul Sharma,SSD,2,8000,Completed,2026-08-17,2026-08-17 06:37:00
6029,1273,Ajay Reddy,SSD,5,8000,Cancelled,2026-01-01,2026-01-03 11:29:00
6030,742,Ananya Das,Mouse,1,1200,Completed,2026-07-22,2026-07-22 06:16:00
6031,922,Manoj Rao,RAM,4,4000,Pending,2026-02-06,2026-02-08 05:51:00
6032,1314,Rahul Sharma,Printer,5,12000,Completed,2026-03-29,2026-03-30 07:54:00
6033,1189,Manoj Rao,Keyboard,2,2500,Cancelled,2026-02-11,2026-02-11 17:21:00
6034,554,Divya Menon,RAM,5,4000,Completed,2026-04-24,2026-04-26 23:37:00
6035,1385,Divya Menon,Webcam,1,5000,Completed,2026-07-18,2026-07-19 12:20:00
6036,1422,Arjun Kumar,Tablet,1,30000,Completed,2026-05-02,2026-05-04 17:14:00
6037,1166,Suresh Kumar,Webcam,2,5000,Completed,2026-04-09,2026-04-10 00:17:00
6038,596,Ananya Das,Laptop,3,65000,Completed,2026-08-16,2026-08-16 21:15:00
6039,839,Manoj Rao,USB Hub,3,1800,Pending,2026-01-12,2026-01-14 13:32:00
6040,932,Rohit Verma,Laptop Bag,1,3500,Completed,2026-08-04,2026-08-05 20:16:00
6041,1459,Sneha Rao,Headphones,2,4500,Completed,2026-07-03,2026-07-04 23:39:00
6042,1177,Manoj Rao,Power Bank,2,2200,Pending,2026-05-14,2026-05-15 03:48:00
6043,1212,Arjun Kumar,Power Bank,4,2200,Cancelled,2026-05-09,2026-05-10 05:56:00
6044,1050,Manoj Rao,Webcam,3,5000,Completed,2026-07-28,2026-07-29 17:09:00
6045,547,Kiran Patel,Tablet,5,30000,Completed,2026-05-26,2026-05-27 07:15:00
6046,1465,Vikram Singh,Webcam,4,5000,Completed,2026-08-18,2026-08-19 23:01:00
6047,843,Rohit Verma,Tablet,4,30000,Completed,2026-06-19,2026-06-21 23:00:00
6048,1398,Pooja Iyer,Mobile Phone,1,25000,Pending,2026-07-27,2026-07-28 18:54:00
6049,1481,Divya Menon,USB Hub,2,1800,Completed,2026-07-04,2026-07-06 07:30:00
6050,1138,Pooja Iyer,Headphones,2,4500,Completed,2026-08-03,2026-08-04 00:09:00
6051,916,Rohit Verma,USB Hub,5,1800,Completed,2026-07-16,2026-07-16 07:13:00
6052,782,Vikram Singh,Keyboard,4,2500,Completed,2026-08-08,2026-08-10 21:23:00
6053,1097,Suresh Kumar,RAM,3,4000,Completed,2026-01-23,2026-01-25 22:27:00
6054,538,Arjun Kumar,Mobile Phone,4,25000,Completed,2026-03-24,2026-03-24 18:24:00
6055,1244,Sneha Rao,RAM,2,4000,Pending,2026-08-28,2026-08-29 05:11:00
6056,767,Kiran Patel,Headphones,4,4500,Completed,2026-01-27,2026-01-29 10:40:00
6057,1403,Priya Reddy,RAM,1,4000,Completed,2026-01-31,2026-01-31 06:42:00
6058,1335,Meera Nair,Mobile Phone,5,25000,Completed,2026-02-10,2026-02-12 11:13:00
6059,1409,Divya Menon,Power Bank,4,2200,Completed,2026-01-29,2026-01-29 14:12:00
6060,835,Priya Reddy,SSD,3,8000,Pending,2026-03-21,2026-03-23 02:34:00
6061,603,Meera Nair,Monitor,1,15000,Completed,2026-04-09,2026-04-10 00:18:00
6062,1351,Priya Reddy,SSD,4,8000,Completed,2026-08-11,2026-08-12 02:39:00
6063,735,Kiran Patel,Smart Watch,1,7500,Pending,2026-08-18,2026-08-19 10:54:00
6064,843,Suresh Kumar,Laptop,5,65000,Completed,2026-07-26,2026-07-28 19:59:00
6065,1200,Suresh Kumar,Tablet,4,30000,Completed,2026-04-27,2026-04-28 01:59:00
6066,1397,Ananya Das,Smart Watch,2,7500,Completed,2026-08-16,2026-08-18 13:12:00
6067,732,Arjun Kumar,Keyboard,2,2500,Completed,2026-02-15,2026-02-17 17:34:00
6068,913,Neha Singh,Keyboard,3,2500,Completed,2026-07-20,2026-07-22 10:02:00
6069,1368,Kiran Patel,SSD,5,8000,Completed,2026-09-02,2026-09-04 00:01:00
6070,1300,Vikram Singh,Monitor,5,15000,Cancelled,2026-04-21,2026-04-21 12:54:00
6071,780,Ajay Reddy,Tablet,2,30000,Completed,2026-02-07,2026-02-09 03:23:00
6072,1475,Suresh Kumar,Smart Watch,3,7500,Completed,2026-07-08,2026-07-09 08:56:00
6073,1281,Divya Menon,Laptop,2,65000,Completed,2026-05-26,2026-05-26 18:54:00
6074,762,Ajay Reddy,Webcam,5,5000,Completed,2026-05-20,2026-05-22 23:38:00
6075,780,Ananya Das,Monitor,1,15000,Completed,2026-05-31,2026-06-01 12:36:00
6076,1348,Kiran Patel,Smart Watch,5,7500,Cancelled,2026-09-08,2026-09-09 20:34:00
6077,1331,Meera Nair,USB Hub,2,1800,Completed,2026-04-27,2026-04-29 12:46:00
6078,1023,Rahul Sharma,Smart Watch,4,7500,Completed,2026-07-10,2026-07-10 05:33:00
6079,623,Ananya Das,Smart Watch,1,7500,Cancelled,2026-04-05,2026-04-05 10:09:00
6080,1402,Meera Nair,RAM,4,4000,Completed,2026-06-16,2026-06-18 07:35:00
6081,684,Pooja Iyer,Keyboard,4,2500,Pending,2026-04-22,2026-04-23 02:43:00
6082,1216,Ajay Reddy,Monitor,1,15000,Completed,2026-08-03,2026-08-05 09:19:00
6083,900,Ajay Reddy,Headphones,4,4500,Completed,2026-05-03,2026-05-03 09:28:00
6084,1251,Ananya Das,Mouse,3,1200,Completed,2026-03-08,2026-03-09 12:28:00
6085,1409,Rahul Sharma,Printer,3,12000,Completed,2026-05-20,2026-05-20 14:04:00
6086,1005,Kiran Patel,Power Bank,2,2200,Pending,2026-06-21,2026-06-23 23:40:00
6087,1255,Kiran Patel,Monitor,2,15000,Completed,2026-05-11,2026-05-11 03:21:00
6088,560,Ananya Das,Power Bank,2,2200,Completed,2026-01-02,2026-01-04 03:40:00
6089,624,Rahul Sharma,Laptop Bag,3,3500,Pending,2026-06-14,2026-06-15 11:32:00
6090,1376,Divya Menon,Keyboard,3,2500,Completed,2026-06-04,2026-06-04 22:45:00
6091,1470,Meera Nair,Mouse,5,1200,Pending,2026-03-04,2026-03-04 12:35:00
6092,1214,Divya Menon,Tablet,4,30000,Completed,2026-04-15,2026-04-15 20:46:00
6093,1074,Neha Singh,Mobile Phone,3,25000,Completed,2026-05-22,2026-05-23 19:19:00
6094,1327,Divya Menon,Keyboard,2,2500,Completed,2026-07-16,2026-07-17 11:45:00
6095,1117,Rahul Sharma,Power Bank,1,2200,Pending,2026-05-01,2026-05-02 07:28:00
6096,1350,Sneha Rao,Mobile Phone,3,25000,Completed,2026-05-02,2026-05-03 13:22:00
6097,1158,Kiran Patel,Mobile Phone,1,25000,Completed,2026-04-14,2026-04-15 03:00:00
6098,1266,Suresh Kumar,Smart Watch,4,7500,Completed,2026-01-17,2026-01-19 00:17:00
6099,1441,Ajay Reddy,Smart Watch,3,7500,Cancelled,2026-04-12,2026-04-13 03:44:00
6100,1148,Neha Singh,Webcam,2,5000,Completed,2026-08-28,2026-08-30 20:18:00
6101,1332,Sneha Rao,Laptop Bag,4,3500,Completed,2026-04-21,2026-04-23 11:12:00
6102,1375,Rohit Verma,Smart Watch,2,7500,Completed,2026-04-06,2026-04-07 17:38:00
6103,1442,Suresh Kumar,Laptop,3,65000,Completed,2026-02-25,2026-02-26 15:30:00
6104,1011,Manoj Rao,USB Hub,5,1800,Completed,2026-04-03,2026-04-05 22:35:00
6105,840,Vikram Singh,Power Bank,4,2200,Completed,2026-02-06,2026-02-07 13:37:00
6106,1305,Vikram Singh,Laptop,5,65000,Completed,2026-06-26,2026-06-28 04:57:00
6107,913,Pooja Iyer,Smart Watch,4,7500,Pending,2026-03-16,2026-03-16 04:13:00
6108,1217,Rahul Sharma,Laptop,4,65000,Completed,2026-07-19,2026-07-22 00:56:00
6109,754,Meera Nair,Laptop,1,65000,Completed,2026-05-21,2026-05-22 09:59:00
6110,1489,Ajay Reddy,USB Hub,3,1800,Completed,2026-05-05,2026-05-07 00:59:00
6111,1155,Priya Reddy,Printer,4,12000,Completed,2026-01-01,2026-01-03 20:25:00
6112,802,Rohit Verma,Smart Watch,1,7500,Pending,2026-06-08,2026-06-08 10:47:00
6113,1330,Arjun Kumar,Keyboard,1,2500,Cancelled,2026-01-29,2026-01-29 03:33:00
6114,960,Divya Menon,USB Hub,3,1800,Completed,2026-03-14,2026-03-14 10:59:00
6115,1468,Pooja Iyer,USB Hub,1,1800,Completed,2026-04-25,2026-04-25 15:11:00
6116,1251,Vikram Singh,SSD,5,8000,Pending,2026-06-28,2026-06-30 04:37:00
6117,627,Divya Menon,Webcam,1,5000,Pending,2026-07-14,2026-07-16 11:09:00
6118,619,Neha Singh,Mobile Phone,3,25000,Completed,2026-03-27,2026-03-29 23:43:00
6119,919,Pooja Iyer,Keyboard,4,2500,Completed,2026-03-23,2026-03-24 03:27:00
6120,866,Suresh Kumar,USB Hub,4,1800,Completed,2026-01-13,2026-01-15 12:15:00
6121,619,Rohit Verma,Mobile Phone,4,25000,Pending,2026-08-12,2026-08-13 16:34:00
6122,1082,Kiran Patel,Power Bank,2,2200,Completed,2026-02-15,2026-02-15 21:58:00
6123,937,Pooja Iyer,USB Hub,3,1800,Completed,2026-09-06,2026-09-08 18:42:00
6124,1467,Divya Menon,RAM,3,4000,Completed,2026-01-23,2026-01-25 06:05:00
6125,1185,Priya Reddy,Keyboard,2,2500,Pending,2026-08-13,2026-08-13 22:07:00
6126,1498,Arjun Kumar,Mobile Phone,1,25000,Pending,2026-04-11,2026-04-13 02:17:00
6127,989,Manoj Rao,Keyboard,2,2500,Completed,2026-09-02,2026-09-03 22:11:00
6128,1060,Vikram Singh,Webcam,2,5000,Pending,2026-03-01,2026-03-03 09:25:00
6129,977,Divya Menon,Monitor,3,15000,Completed,2026-05-29,2026-05-30 15:29:00
6130,587,Kiran Patel,Smart Watch,5,7500,Completed,2026-03-08,2026-03-09 16:54:00
6131,1286,Suresh Kumar,Headphones,3,4500,Completed,2026-05-26,2026-05-26 02:59:00
6132,614,Suresh Kumar,USB Hub,2,1800,Cancelled,2026-08-31,2026-09-02 01:01:00
6133,1390,Pooja Iyer,Tablet,5,30000,Cancelled,2026-03-06,2026-03-07 17:07:00
6134,1123,Meera Nair,Tablet,4,30000,Completed,2026-08-21,2026-08-23 07:26:00
6135,1379,Rahul Sharma,Laptop,1,65000,Pending,2026-06-03,2026-06-03 19:19:00
6136,969,Pooja Iyer,Smart Watch,2,7500,Cancelled,2026-08-28,2026-08-28 11:20:00
6137,971,Pooja Iyer,Keyboard,1,2500,Completed,2026-07-21,2026-07-23 22:18:00
6138,824,Ajay Reddy,Keyboard,1,2500,Completed,2026-05-02,2026-05-04 20:20:00
6139,1010,Manoj Rao,Monitor,5,15000,Completed,2026-03-10,2026-03-11 04:46:00
6140,1361,Divya Menon,Mouse,3,1200,Completed,2026-02-13,2026-02-15 15:26:00
6141,1058,Ananya Das,USB Hub,2,1800,Completed,2026-05-28,2026-05-28 22:35:00
6142,510,Ananya Das,Monitor,2,15000,Cancelled,2026-07-02,2026-07-03 14:37:00
6143,1226,Vikram Singh,Monitor,5,15000,Pending,2026-06-24,2026-06-25 01:45:00
6144,932,Ananya Das,Mouse,1,1200,Completed,2026-05-11,2026-05-12 14:41:00
6145,829,Sneha Rao,Mobile Phone,1,25000,Pending,2026-07-03,2026-07-05 12:56:00
6146,1207,Kiran Patel,Monitor,3,15000,Cancelled,2026-03-05,2026-03-05 06:50:00
6147,1157,Kiran Patel,Printer,5,12000,Completed,2026-04-09,2026-04-10 08:50:00
6148,760,Neha Singh,Laptop Bag,1,3500,Pending,2026-08-06,2026-08-08 05:22:00
6149,861,Suresh Kumar,Webcam,2,5000,Pending,2026-04-02,2026-04-02 21:59:00
6150,620,Kiran Patel,Headphones,4,4500,Completed,2026-03-12,2026-03-12 23:27:00
6151,1218,Meera Nair,Headphones,1,4500,Pending,2026-04-27,2026-04-28 12:23:00
6152,1151,Neha Singh,Webcam,2,5000,Completed,2026-05-18,2026-05-19 06:36:00
6153,1008,Rahul Sharma,Power Bank,1,2200,Completed,2026-02-09,2026-02-09 08:47:00
6154,1024,Suresh Kumar,Printer,1,12000,Completed,2026-01-16,2026-01-16 17:32:00
6155,935,Divya Menon,Mouse,1,1200,Completed,2026-04-05,2026-04-06 03:12:00
6156,519,Vikram Singh,Keyboard,5,2500,Cancelled,2026-01-19,2026-01-20 08:22:00
6157,1381,Divya Menon,Power Bank,5,2200,Pending,2026-02-22,2026-02-24 14:45:00
6158,979,Arjun Kumar,Mouse,2,1200,Cancelled,2026-08-10,2026-08-12 12:09:00
6159,779,Vikram Singh,Headphones,5,4500,Completed,2026-06-27,2026-06-28 13:01:00
6160,1488,Ajay Reddy,USB Hub,4,1800,Completed,2026-05-21,2026-05-21 05:51:00
6161,1354,Neha Singh,Tablet,3,30000,Pending,2026-03-27,2026-03-29 20:06:00
6162,1124,Suresh Kumar,Mobile Phone,2,25000,Pending,2026-04-14,2026-04-14 21:59:00
6163,1282,Suresh Kumar,Webcam,4,5000,Completed,2026-08-28,2026-08-29 06:55:00
6164,1129,Ananya Das,Webcam,4,5000,Completed,2026-07-10,2026-07-10 18:20:00
6165,833,Neha Singh,Power Bank,1,2200,Completed,2026-04-20,2026-04-21 04:33:00
6166,1185,Neha Singh,Printer,1,12000,Completed,2026-07-04,2026-07-04 22:04:00
6167,877,Pooja Iyer,RAM,4,4000,Completed,2026-08-06,2026-08-07 21:22:00
6168,1278,Arjun Kumar,Laptop,1,65000,Pending,2026-03-18,2026-03-20 13:57:00
6169,983,Pooja Iyer,Power Bank,3,2200,Pending,2026-03-10,2026-03-10 12:21:00
6170,731,Neha Singh,Tablet,4,30000,Completed,2026-05-08,2026-05-11 00:47:00
6171,697,Arjun Kumar,Tablet,5,30000,Completed,2026-01-03,2026-01-04 07:32:00
6172,1009,Kiran Patel,RAM,4,4000,Pending,2026-05-25,2026-05-26 05:36:00
6173,1150,Kiran Patel,Webcam,4,5000,Completed,2026-08-13,2026-08-13 17:00:00
6174,1252,Suresh Kumar,Keyboard,1,2500,Completed,2026-06-02,2026-06-02 07:37:00
6175,570,Rahul Sharma,Mobile Phone,4,25000,Completed,2026-02-24,2026-02-25 01:27:00
6176,540,Kiran Patel,Tablet,3,30000,Completed,2026-01-03,2026-01-04 00:57:00
6177,601,Ananya Das,RAM,2,4000,Completed,2026-08-17,2026-08-19 22:25:00
6178,1011,Suresh Kumar,Webcam,3,5000,Completed,2026-03-08,2026-03-09 14:05:00
6179,649,Ananya Das,USB Hub,5,1800,Cancelled,2026-04-13,2026-04-14 11:00:00
6180,840,Arjun Kumar,Smart Watch,4,7500,Completed,2026-02-09,2026-02-10 20:45:00
6181,1498,Suresh Kumar,Headphones,2,4500,Pending,2026-04-28,2026-04-30 23:38:00
6182,1191,Manoj Rao,SSD,5,8000,Completed,2026-07-13,2026-07-14 01:48:00
6183,997,Arjun Kumar,Mouse,1,1200,Completed,2026-02-14,2026-02-14 22:04:00
6184,951,Suresh Kumar,Mobile Phone,5,25000,Completed,2026-08-12,2026-08-13 19:38:00
6185,1096,Manoj Rao,Keyboard,1,2500,Completed,2026-02-27,2026-03-01 23:59:00
6186,1110,Neha Singh,Mobile Phone,1,25000,Completed,2026-04-28,2026-04-30 02:28:00
6187,1151,Rahul Sharma,USB Hub,2,1800,Pending,2026-06-05,2026-06-07 04:11:00
6188,611,Divya Menon,USB Hub,4,1800,Completed,2026-02-17,2026-02-19 22:43:00
6189,1253,Ajay Reddy,Power Bank,1,2200,Completed,2026-04-17,2026-04-18 22:23:00
6190,774,Priya Reddy,Laptop Bag,4,3500,Completed,2026-04-13,2026-04-14 03:44:00
6191,1475,Neha Singh,Tablet,5,30000,Completed,2026-04-25,2026-04-25 20:11:00
6192,638,Vikram Singh,SSD,3,8000,Completed,2026-07-28,2026-07-29 13:11:00
6193,1124,Ajay Reddy,Laptop Bag,4,3500,Completed,2026-05-10,2026-05-12 20:51:00
6194,1042,Priya Reddy,Mouse,4,1200,Completed,2026-02-08,2026-02-10 00:20:00
6195,1424,Ajay Reddy,Mobile Phone,3,25000,Pending,2026-02-22,2026-02-24 23:42:00
6196,915,Ananya Das,Smart Watch,1,7500,Pending,2026-03-25,2026-03-26 02:21:00
6197,1061,Pooja Iyer,Monitor,1,15000,Completed,2026-07-12,2026-07-13 02:44:00
6198,555,Suresh Kumar,Mobile Phone,5,25000,Completed,2026-08-15,2026-08-15 23:52:00
6199,1436,Neha Singh,Power Bank,5,2200,Completed,2026-02-09,2026-02-10 07:27:00
6200,941,Ananya Das,Webcam,5,5000,Cancelled,2026-03-05,2026-03-05 14:25:00
6201,1349,Ananya Das,Monitor,4,15000,Completed,2026-07-19,2026-07-21 00:53:00
6202,1067,Ananya Das,RAM,3,4000,Completed,2026-01-04,2026-01-06 10:24:00
6203,925,Divya Menon,USB Hub,3,1800,Completed,2026-02-20,2026-02-22 15:01:00
6204,1149,Sneha Rao,USB Hub,3,1800,Completed,2026-02-10,2026-02-12 11:45:00
6205,1078,Kiran Patel,Webcam,2,5000,Completed,2026-02-05,2026-02-05 05:46:00
6206,1284,Priya Reddy,SSD,4,8000,Completed,2026-01-13,2026-01-15 08:42:00
6207,654,Rohit Verma,Monitor,2,15000,Completed,2026-09-08,2026-09-09 18:11:00
6208,969,Suresh Kumar,Webcam,4,5000,Completed,2026-07-23,2026-07-25 09:37:00
6209,1177,Priya Reddy,Keyboard,1,2500,Completed,2026-03-22,2026-03-22 02:10:00
6210,1068,Rohit Verma,Tablet,5,30000,Completed,2026-05-02,2026-05-02 01:43:00
6211,721,Manoj Rao,Laptop Bag,1,3500,Completed,2026-06-05,2026-06-06 05:16:00
6212,1226,Rahul Sharma,Mobile Phone,1,25000,Completed,2026-05-07,2026-05-08 04:48:00
6213,1250,Neha Singh,RAM,1,4000,Completed,2026-08-21,2026-08-22 23:53:00
6214,1348,Ananya Das,Mobile Phone,2,25000,Completed,2026-01-03,2026-01-04 13:34:00
6215,1455,Pooja Iyer,SSD,5,8000,Completed,2026-02-27,2026-03-01 22:10:00
6216,573,Ananya Das,Webcam,3,5000,Completed,2026-07-26,2026-07-27 06:28:00
6217,1342,Meera Nair,Webcam,1,5000,Completed,2026-02-06,2026-02-08 07:24:00
6218,869,Ajay Reddy,USB Hub,5,1800,Completed,2026-06-11,2026-06-12 15:47:00
6219,1217,Suresh Kumar,Monitor,3,15000,Completed,2026-07-11,2026-07-12 18:12:00
6220,1034,Rahul Sharma,Headphones,5,4500,Pending,2026-04-11,2026-04-11 21:15:00
6221,1387,Manoj Rao,Laptop Bag,1,3500,Completed,2026-05-02,2026-05-04 10:09:00
6222,1411,Ananya Das,Tablet,5,30000,Pending,2026-02-10,2026-02-11 14:54:00
6223,737,Divya Menon,Keyboard,3,2500,Completed,2026-04-03,2026-04-03 17:54:00
6224,1157,Pooja Iyer,SSD,3,8000,Completed,2026-08-18,2026-08-19 03:13:00
6225,985,Rahul Sharma,Power Bank,2,2200,Completed,2026-02-18,2026-02-18 08:33:00
6226,1488,Suresh Kumar,Keyboard,5,2500,Pending,2026-03-18,2026-03-19 17:40:00
6227,1275,Meera Nair,Mouse,4,1200,Completed,2026-03-18,2026-03-18 07:52:00
6228,1300,Arjun Kumar,Smart Watch,3,7500,Completed,2026-04-05,2026-04-05 17:54:00
6229,1103,Manoj Rao,Mobile Phone,5,25000,Completed,2026-03-26,2026-03-26 21:40:00
6230,733,Suresh Kumar,Printer,4,12000,Completed,2026-08-17,2026-08-19 12:39:00
6231,1200,Priya Reddy,Tablet,1,30000,Completed,2026-01-08,2026-01-08 03:29:00
6232,1389,Neha Singh,Mobile Phone,4,25000,Cancelled,2026-09-03,2026-09-05 01:08:00
6233,518,Arjun Kumar,RAM,2,4000,Cancelled,2026-06-25,2026-06-25 12:27:00
6234,1300,Priya Reddy,Printer,4,12000,Cancelled,2026-01-02,2026-01-03 04:21:00
6235,1311,Priya Reddy,Laptop Bag,1,3500,Completed,2026-09-08,2026-09-08 15:15:00
6236,1158,Divya Menon,Headphones,4,4500,Cancelled,2026-08-30,2026-08-30 21:06:00
6237,830,Arjun Kumar,SSD,3,8000,Completed,2026-08-14,2026-08-16 18:27:00
6238,929,Kiran Patel,Monitor,2,15000,Pending,2026-02-12,2026-02-13 01:24:00
6239,1498,Ananya Das,SSD,1,8000,Completed,2026-01-05,2026-01-05 18:55:00
6240,1192,Rohit Verma,Mouse,3,1200,Completed,2026-08-23,2026-08-24 13:19:00
6241,1418,Suresh Kumar,Monitor,5,15000,Completed,2026-04-03,2026-04-05 06:21:00
6242,1388,Kiran Patel,Keyboard,3,2500,Completed,2026-07-23,2026-07-25 19:35:00
6243,663,Divya Menon,Keyboard,4,2500,Completed,2026-07-21,2026-07-23 10:42:00
6244,1495,Neha Singh,SSD,2,8000,Completed,2026-05-02,2026-05-03 09:24:00
6245,1118,Pooja Iyer,Monitor,5,15000,Cancelled,2026-04-27,2026-04-28 03:58:00
6246,1479,Rahul Sharma,Laptop,2,65000,Completed,2026-01-25,2026-01-26 14:27:00
6247,1153,Divya Menon,Tablet,1,30000,Completed,2026-08-10,2026-08-11 00:25:00
6248,1066,Meera Nair,Printer,1,12000,Pending,2026-07-14,2026-07-14 17:21:00
6249,915,Ananya Das,Mobile Phone,4,25000,Completed,2026-08-11,2026-08-13 18:03:00
6250,1286,Vikram Singh,Webcam,2,5000,Completed,2026-01-19,2026-01-19 04:27:00
6251,698,Rahul Sharma,Tablet,2,30000,Pending,2026-07-22,2026-07-23 08:43:00
6252,1220,Vikram Singh,USB Hub,4,1800,Completed,2026-05-27,2026-05-29 21:40:00
6253,619,Ananya Das,Headphones,3,4500,Pending,2026-09-05,2026-09-08 00:03:00
6254,802,Pooja Iyer,Tablet,3,30000,Completed,2026-08-20,2026-08-21 15:05:00
6255,1305,Vikram Singh,USB Hub,5,1800,Completed,2026-08-26,2026-08-26 19:48:00
6256,860,Rahul Sharma,Smart Watch,3,7500,Pending,2026-09-05,2026-09-07 07:24:00
6257,1271,Arjun Kumar,Power Bank,5,2200,Cancelled,2026-05-16,2026-05-17 01:00:00
6258,825,Ajay Reddy,Tablet,4,30000,Completed,2026-08-17,2026-08-17 10:09:00
6259,1146,Rahul Sharma,Webcam,4,5000,Completed,2026-06-22,2026-06-22 07:04:00
6260,571,Rohit Verma,Mobile Phone,2,25000,Pending,2026-08-27,2026-08-29 01:07:00
6261,819,Priya Reddy,Keyboard,1,2500,Completed,2026-07-04,2026-07-04 12:11:00
6262,771,Suresh Kumar,Tablet,5,30000,Completed,2026-08-29,2026-08-29 16:42:00
6263,1412,Divya Menon,Printer,2,12000,Completed,2026-01-16,2026-01-16 11:14:00
6264,917,Ananya Das,RAM,3,4000,Completed,2026-01-24,2026-01-24 19:10:00
6265,1128,Neha Singh,Laptop,1,65000,Completed,2026-08-22,2026-08-23 16:10:00
6266,859,Divya Menon,Printer,1,12000,Completed,2026-07-23,2026-07-24 22:15:00
6267,1303,Divya Menon,RAM,1,4000,Completed,2026-08-28,2026-08-30 14:09:00
6268,838,Ananya Das,Printer,2,12000,Completed,2026-06-27,2026-06-27 06:18:00
6269,529,Neha Singh,Power Bank,5,2200,Completed,2026-08-05,2026-08-05 22:29:00
6270,1295,Pooja Iyer,Headphones,3,4500,Cancelled,2026-06-16,2026-06-18 01:48:00
6271,1369,Ajay Reddy,Mouse,2,1200,Completed,2026-06-11,2026-06-13 02:33:00
6272,998,Manoj Rao,Printer,4,12000,Completed,2026-01-28,2026-01-29 11:59:00
6273,1491,Kiran Patel,Headphones,4,4500,Pending,2026-09-03,2026-09-03 02:34:00
6274,958,Rohit Verma,Mobile Phone,4,25000,Completed,2026-07-13,2026-07-13 02:59:00
6275,842,Pooja Iyer,SSD,1,8000,Completed,2026-05-17,2026-05-17 23:26:00
6276,1398,Rohit Verma,Laptop Bag,1,3500,Completed,2026-05-11,2026-05-12 05:59:00
6277,1190,Priya Reddy,Headphones,4,4500,Cancelled,2026-04-12,2026-04-13 11:20:00
6278,1029,Sneha Rao,Headphones,4,4500,Completed,2026-07-24,2026-07-24 09:13:00
6279,821,Neha Singh,Laptop Bag,1,3500,Completed,2026-06-13,2026-06-13 03:29:00
6280,797,Manoj Rao,Tablet,3,30000,Completed,2026-04-10,2026-04-12 05:35:00
6281,1014,Ajay Reddy,RAM,4,4000,Completed,2026-01-04,2026-01-05 10:01:00
6282,1320,Rahul Sharma,Headphones,5,4500,Cancelled,2026-08-12,2026-08-14 14:40:00
6283,527,Ananya Das,SSD,2,8000,Cancelled,2026-05-13,2026-05-15 04:48:00
6284,756,Arjun Kumar,Keyboard,1,2500,Completed,2026-01-16,2026-01-18 06:35:00
6285,875,Rahul Sharma,Smart Watch,3,7500,Completed,2026-02-01,2026-02-01 11:29:00
6286,781,Rahul Sharma,Tablet,3,30000,Completed,2026-03-03,2026-03-05 07:41:00
6287,1222,Suresh Kumar,USB Hub,5,1800,Completed,2026-08-31,2026-09-01 02:41:00
6288,604,Rahul Sharma,Webcam,2,5000,Completed,2026-08-03,2026-08-04 14:35:00
6289,1163,Suresh Kumar,RAM,4,4000,Pending,2026-07-07,2026-07-07 10:12:00
6290,798,Rahul Sharma,Tablet,4,30000,Completed,2026-04-12,2026-04-14 09:33:00
6291,681,Pooja Iyer,Webcam,1,5000,Completed,2026-07-07,2026-07-09 11:41:00
6292,1167,Vikram Singh,USB Hub,1,1800,Completed,2026-08-29,2026-08-29 16:47:00
6293,588,Manoj Rao,SSD,5,8000,Completed,2026-03-19,2026-03-20 05:23:00
6294,522,Kiran Patel,Monitor,4,15000,Completed,2026-06-18,2026-06-18 03:25:00
6295,1212,Ananya Das,Mouse,4,1200,Completed,2026-04-28,2026-04-29 04:30:00
6296,819,Manoj Rao,Webcam,2,5000,Cancelled,2026-01-20,2026-01-20 15:49:00
6297,852,Rahul Sharma,Smart Watch,1,7500,Completed,2026-01-19,2026-01-19 03:25:00
6298,567,Vikram Singh,Printer,2,12000,Completed,2026-07-28,2026-07-30 01:44:00
6299,1136,Ananya Das,Monitor,3,15000,Completed,2026-01-24,2026-01-24 15:27:00
6300,979,Kiran Patel,USB Hub,2,1800,Completed,2026-06-22,2026-06-23 12:32:00
6301,939,Meera Nair,Laptop,4,65000,Completed,2026-07-09,2026-07-10 17:30:00
6302,587,Ananya Das,Tablet,1,30000,Completed,2026-04-10,2026-04-11 10:11:00
6303,592,Sneha Rao,RAM,2,4000,Completed,2026-05-03,2026-05-03 04:34:00
6304,524,Sneha Rao,Smart Watch,5,7500,Completed,2026-08-21,2026-08-22 05:51:00
6305,968,Pooja Iyer,Webcam,2,5000,Pending,2026-02-09,2026-02-11 02:48:00
6306,707,Manoj Rao,Laptop,3,65000,Completed,2026-07-08,2026-07-08 11:16:00
6307,1176,Neha Singh,Laptop Bag,4,3500,Pending,2026-02-18,2026-02-20 14:41:00
6308,1093,Arjun Kumar,Webcam,1,5000,Completed,2026-06-08,2026-06-08 20:21:00
6309,968,Vikram Singh,USB Hub,5,1800,Completed,2026-05-14,2026-05-16 17:37:00
6310,593,Rohit Verma,Printer,5,12000,Completed,2026-08-19,2026-08-20 18:33:00
6311,629,Meera Nair,SSD,5,8000,Completed,2026-05-16,2026-05-18 07:13:00
6312,1034,Vikram Singh,Printer,5,12000,Completed,2026-07-02,2026-07-04 19:34:00
6313,870,Vikram Singh,Webcam,1,5000,Pending,2026-08-07,2026-08-07 08:22:00
6314,1224,Rahul Sharma,USB Hub,1,1800,Completed,2026-02-12,2026-02-13 13:20:00
6315,1263,Pooja Iyer,Keyboard,3,2500,Completed,2026-01-05,2026-01-06 05:51:00
6316,1170,Ajay Reddy,Monitor,4,15000,Completed,2026-04-02,2026-04-04 20:35:00
6317,1471,Kiran Patel,Laptop Bag,2,3500,Completed,2026-03-16,2026-03-18 01:42:00
6318,1305,Manoj Rao,Power Bank,3,2200,Completed,2026-03-19,2026-03-19 02:19:00
6319,1128,Rahul Sharma,Mobile Phone,3,25000,Completed,2026-05-22,2026-05-22 10:18:00
6320,1489,Ananya Das,Mobile Phone,1,25000,Pending,2026-03-30,2026-03-31 23:34:00
6321,836,Priya Reddy,Headphones,3,4500,Cancelled,2026-01-07,2026-01-09 16:33:00
6322,669,Rahul Sharma,Power Bank,5,2200,Completed,2026-06-22,2026-06-23 05:29:00
6323,1313,Ananya Das,SSD,3,8000,Cancelled,2026-06-23,2026-06-25 20:15:00
6324,1229,Suresh Kumar,Keyboard,3,2500,Cancelled,2026-08-30,2026-08-30 06:51:00
6325,1438,Rahul Sharma,Laptop Bag,4,3500,Pending,2026-04-24,2026-04-26 11:55:00
6326,688,Kiran Patel,Mobile Phone,1,25000,Completed,2026-04-19,2026-04-21 15:25:00
6327,864,Vikram Singh,Laptop Bag,5,3500,Completed,2026-06-04,2026-06-04 07:21:00
6328,1140,Meera Nair,USB Hub,1,1800,Cancelled,2026-05-19,2026-05-19 23:18:00
6329,1242,Pooja Iyer,Smart Watch,3,7500,Completed,2026-07-26,2026-07-26 20:51:00
6330,1410,Rohit Verma,Smart Watch,5,7500,Completed,2026-02-11,2026-02-13 22:35:00
6331,880,Rahul Sharma,Keyboard,3,2500,Cancelled,2026-04-15,2026-04-16 00:27:00
6332,1470,Arjun Kumar,SSD,3,8000,Pending,2026-05-24,2026-05-25 03:35:00
6333,916,Kiran Patel,Headphones,5,4500,Completed,2026-08-24,2026-08-24 19:12:00
6334,1197,Arjun Kumar,Mobile Phone,3,25000,Completed,2026-08-20,2026-08-21 08:23:00
6335,880,Ananya Das,Printer,2,12000,Completed,2026-04-18,2026-04-19 09:04:00
6336,1007,Sneha Rao,USB Hub,4,1800,Completed,2026-02-15,2026-02-17 11:11:00
6337,872,Meera Nair,RAM,2,4000,Completed,2026-07-07,2026-07-09 18:19:00
6338,1246,Vikram Singh,Smart Watch,3,7500,Completed,2026-09-01,2026-09-03 11:12:00
6339,1202,Vikram Singh,Mouse,2,1200,Completed,2026-04-08,2026-04-09 14:17:00
6340,505,Arjun Kumar,Printer,1,12000,Completed,2026-07-25,2026-07-26 12:34:00
6341,1217,Sneha Rao,Laptop,3,65000,Completed,2026-07-16,2026-07-18 09:01:00
6342,1245,Manoj Rao,SSD,5,8000,Completed,2026-06-18,2026-06-20 11:03:00
6343,714,Sneha Rao,Mobile Phone,2,25000,Completed,2026-05-08,2026-05-08 11:01:00
6344,797,Manoj Rao,Webcam,1,5000,Completed,2026-08-24,2026-08-24 01:09:00
6345,527,Vikram Singh,Laptop Bag,5,3500,Pending,2026-02-21,2026-02-21 19:11:00
6346,672,Neha Singh,Mouse,2,1200,Completed,2026-08-06,2026-08-06 17:15:00
6347,1227,Divya Menon,Laptop Bag,2,3500,Completed,2026-02-22,2026-02-22 08:40:00
6348,588,Manoj Rao,Headphones,5,4500,Completed,2026-06-04,2026-06-04 23:02:00
6349,728,Pooja Iyer,Tablet,2,30000,Completed,2026-01-30,2026-01-31 12:20:00
6350,1312,Kiran Patel,Mobile Phone,1,25000,Cancelled,2026-01-22,2026-01-24 19:00:00
6351,1389,Neha Singh,Mobile Phone,1,25000,Completed,2026-02-17,2026-02-20 00:20:00
6352,1390,Ajay Reddy,Mobile Phone,5,25000,Completed,2026-07-03,2026-07-05 08:59:00
6353,1256,Vikram Singh,Mouse,4,1200,Completed,2026-01-23,2026-01-23 22:45:00
6354,1144,Meera Nair,RAM,3,4000,Cancelled,2026-05-05,2026-05-06 00:18:00
6355,1008,Divya Menon,Power Bank,2,2200,Completed,2026-02-27,2026-02-28 22:01:00
6356,525,Priya Reddy,Laptop,4,65000,Completed,2026-06-12,2026-06-12 05:27:00
6357,1351,Rohit Verma,Keyboard,1,2500,Completed,2026-05-11,2026-05-12 11:11:00
6358,1453,Neha Singh,Laptop,2,65000,Cancelled,2026-05-06,2026-05-06 06:07:00
6359,1481,Vikram Singh,Laptop Bag,3,3500,Pending,2026-02-09,2026-02-09 20:55:00
6360,1140,Ananya Das,USB Hub,2,1800,Completed,2026-07-23,2026-07-23 04:59:00
6361,795,Divya Menon,Laptop,3,65000,Completed,2026-04-09,2026-04-11 00:09:00
6362,938,Ajay Reddy,RAM,1,4000,Completed,2026-08-13,2026-08-15 00:29:00
6363,1068,Priya Reddy,USB Hub,2,1800,Completed,2026-05-03,2026-05-04 22:02:00
6364,1051,Priya Reddy,Mobile Phone,5,25000,Completed,2026-07-04,2026-07-05 12:35:00
6365,1442,Ananya Das,RAM,3,4000,Completed,2026-03-10,2026-03-12 21:48:00
6366,756,Rohit Verma,Tablet,4,30000,Completed,2026-07-11,2026-07-12 10:16:00
6367,1400,Divya Menon,Webcam,5,5000,Completed,2026-01-25,2026-01-25 11:42:00
6368,887,Ananya Das,Printer,2,12000,Completed,2026-04-09,2026-04-09 08:11:00
6369,869,Priya Reddy,Laptop,1,65000,Completed,2026-01-04,2026-01-05 23:25:00
6370,572,Manoj Rao,Webcam,2,5000,Completed,2026-04-28,2026-04-29 07:49:00
6371,1108,Pooja Iyer,Mobile Phone,1,25000,Completed,2026-04-03,2026-04-03 14:14:00
6372,569,Neha Singh,Monitor,2,15000,Completed,2026-02-14,2026-02-15 06:20:00
6373,1080,Rohit Verma,Mobile Phone,3,25000,Cancelled,2026-03-09,2026-03-09 17:44:00
6374,750,Divya Menon,Smart Watch,5,7500,Pending,2026-02-19,2026-02-21 21:27:00
6375,985,Neha Singh,Mobile Phone,4,25000,Completed,2026-05-07,2026-05-07 17:08:00
6376,1004,Arjun Kumar,USB Hub,3,1800,Completed,2026-08-21,2026-08-21 14:14:00
6377,923,Suresh Kumar,RAM,3,4000,Completed,2026-04-09,2026-04-09 21:44:00
6378,809,Manoj Rao,Printer,3,12000,Completed,2026-03-23,2026-03-24 19:50:00
6379,607,Kiran Patel,Webcam,2,5000,Completed,2026-02-01,2026-02-04 00:47:00
6380,889,Suresh Kumar,Headphones,4,4500,Pending,2026-09-06,2026-09-08 05:04:00
6381,1148,Divya Menon,Printer,3,12000,Pending,2026-06-22,2026-06-24 15:09:00
6382,1060,Ajay Reddy,Keyboard,4,2500,Pending,2026-07-01,2026-07-03 12:35:00
6383,646,Kiran Patel,Laptop Bag,3,3500,Completed,2026-05-16,2026-05-18 17:16:00
6384,740,Priya Reddy,RAM,2,4000,Pending,2026-08-24,2026-08-24 13:57:00
6385,1238,Ananya Das,USB Hub,5,1800,Completed,2026-06-03,2026-06-03 04:44:00
6386,773,Pooja Iyer,RAM,3,4000,Pending,2026-01-31,2026-02-02 23:19:00
6387,1377,Divya Menon,Mouse,2,1200,Completed,2026-01-02,2026-01-04 05:50:00
6388,516,Neha Singh,Laptop Bag,1,3500,Completed,2026-08-21,2026-08-23 03:00:00
6389,1042,Kiran Patel,Tablet,5,30000,Completed,2026-04-08,2026-04-10 21:34:00
6390,1173,Ajay Reddy,SSD,2,8000,Completed,2026-01-01,2026-01-02 12:32:00
6391,1108,Sneha Rao,SSD,5,8000,Completed,2026-05-13,2026-05-15 23:08:00
6392,1125,Arjun Kumar,Tablet,3,30000,Completed,2026-01-21,2026-01-22 11:12:00
6393,974,Suresh Kumar,Printer,2,12000,Pending,2026-05-29,2026-05-31 02:16:00
6394,1347,Neha Singh,Mouse,4,1200,Cancelled,2026-01-30,2026-02-01 11:28:00
6395,1245,Rahul Sharma,Power Bank,1,2200,Completed,2026-01-10,2026-01-12 11:42:00
6396,1133,Divya Menon,Mouse,4,1200,Completed,2026-07-27,2026-07-28 12:48:00
6397,1356,Pooja Iyer,Headphones,3,4500,Completed,2026-08-28,2026-08-29 05:36:00
6398,831,Priya Reddy,Mobile Phone,1,25000,Completed,2026-04-30,2026-05-02 03:06:00
6399,685,Meera Nair,Keyboard,3,2500,Cancelled,2026-08-05,2026-08-05 03:16:00
6400,815,Vikram Singh,SSD,3,8000,Pending,2026-08-13,2026-08-14 04:38:00
6401,1172,Divya Menon,Printer,3,12000,Pending,2026-06-26,2026-06-26 17:47:00
6402,1415,Suresh Kumar,USB Hub,1,1800,Pending,2026-06-27,2026-06-28 01:31:00
6403,825,Neha Singh,RAM,1,4000,Pending,2026-08-13,2026-08-13 23:27:00
6404,1053,Vikram Singh,RAM,3,4000,Completed,2026-07-24,2026-07-26 20:46:00
6405,1181,Rahul Sharma,Laptop,2,65000,Pending,2026-01-03,2026-01-03 14:19:00
6406,1033,Rohit Verma,Tablet,3,30000,Cancelled,2026-06-01,2026-06-03 02:39:00
6407,773,Arjun Kumar,Webcam,5,5000,Pending,2026-02-07,2026-02-09 02:02:00
6408,1495,Rohit Verma,Printer,4,12000,Pending,2026-03-26,2026-03-27 01:06:00
6409,1191,Suresh Kumar,Webcam,1,5000,Pending,2026-04-19,2026-04-20 03:21:00
6410,1139,Kiran Patel,Printer,1,12000,Cancelled,2026-06-17,2026-06-18 07:37:00
6411,1088,Kiran Patel,Printer,4,12000,Completed,2026-08-05,2026-08-07 00:01:00
6412,1332,Divya Menon,Power Bank,1,2200,Cancelled,2026-04-19,2026-04-20 23:51:00
6413,1031,Rohit Verma,Keyboard,1,2500,Completed,2026-09-07,2026-09-09 02:47:00
6414,1214,Suresh Kumar,Mouse,4,1200,Pending,2026-02-13,2026-02-13 15:40:00
6415,682,Divya Menon,Printer,1,12000,Cancelled,2026-04-28,2026-04-29 00:36:00
6416,938,Rohit Verma,Tablet,4,30000,Pending,2026-06-18,2026-06-19 02:59:00
6417,786,Arjun Kumar,RAM,1,4000,Cancelled,2026-04-05,2026-04-05 12:27:00
6418,852,Divya Menon,Monitor,3,15000,Completed,2026-07-25,2026-07-27 16:18:00
6419,1144,Ananya Das,SSD,5,8000,Completed,2026-02-12,2026-02-14 14:31:00
6420,587,Vikram Singh,Mobile Phone,4,25000,Completed,2026-04-09,2026-04-11 09:10:00
6421,1247,Ajay Reddy,USB Hub,3,1800,Completed,2026-05-22,2026-05-24 14:46:00
6422,1358,Rohit Verma,SSD,4,8000,Completed,2026-02-20,2026-02-20 05:36:00
6423,895,Arjun Kumar,Laptop Bag,4,3500,Cancelled,2026-03-09,2026-03-10 23:32:00
6424,668,Rohit Verma,Printer,5,12000,Completed,2026-02-15,2026-02-17 21:23:00
6425,1215,Neha Singh,Laptop,3,65000,Completed,2026-01-11,2026-01-11 02:46:00
6426,737,Rohit Verma,Keyboard,3,2500,Completed,2026-01-08,2026-01-10 17:55:00
6427,1266,Ananya Das,Smart Watch,3,7500,Completed,2026-09-03,2026-09-03 07:28:00
6428,706,Divya Menon,Tablet,4,30000,Completed,2026-01-01,2026-01-02 20:40:00
6429,677,Suresh Kumar,Laptop,2,65000,Completed,2026-03-12,2026-03-13 21:19:00
6430,1409,Sneha Rao,Laptop,1,65000,Completed,2026-01-10,2026-01-10 15:10:00
6431,1235,Kiran Patel,Laptop Bag,1,3500,Completed,2026-01-06,2026-01-06 12:46:00
6432,675,Sneha Rao,Monitor,4,15000,Pending,2026-02-04,2026-02-06 15:04:00
6433,982,Kiran Patel,USB Hub,5,1800,Pending,2026-01-15,2026-01-17 08:03:00
6434,1361,Arjun Kumar,Keyboard,4,2500,Cancelled,2026-01-15,2026-01-17 12:26:00
6435,1133,Rahul Sharma,Laptop,1,65000,Completed,2026-04-13,2026-04-14 12:17:00
6436,787,Priya Reddy,Smart Watch,1,7500,Completed,2026-08-06,2026-08-06 15:39:00
6437,1185,Ajay Reddy,Printer,2,12000,Cancelled,2026-02-20,2026-02-20 05:32:00
6438,1291,Meera Nair,RAM,3,4000,Completed,2026-01-24,2026-01-25 22:04:00
6439,992,Ajay Reddy,Power Bank,3,2200,Completed,2026-06-26,2026-06-27 19:46:00
6440,929,Rohit Verma,Laptop Bag,5,3500,Pending,2026-02-10,2026-02-11 10:07:00
6441,1402,Kiran Patel,RAM,1,4000,Pending,2026-04-21,2026-04-22 12:56:00
6442,1149,Priya Reddy,Mobile Phone,1,25000,Completed,2026-04-19,2026-04-19 11:57:00
6443,994,Ajay Reddy,Mouse,3,1200,Completed,2026-04-19,2026-04-21 06:38:00
6444,676,Suresh Kumar,SSD,2,8000,Completed,2026-04-18,2026-04-19 20:04:00
6445,618,Rahul Sharma,Power Bank,5,2200,Completed,2026-08-21,2026-08-22 07:14:00
6446,648,Ananya Das,Mouse,2,1200,Pending,2026-02-23,2026-02-25 22:53:00
6447,985,Rahul Sharma,Power Bank,1,2200,Pending,2026-08-17,2026-08-18 03:13:00
6448,964,Neha Singh,Webcam,2,5000,Pending,2026-01-24,2026-01-25 10:45:00
6449,502,Neha Singh,Keyboard,1,2500,Cancelled,2026-03-18,2026-03-20 11:22:00
6450,665,Sneha Rao,Mouse,3,1200,Pending,2026-02-07,2026-02-09 00:59:00
6451,1048,Ananya Das,Smart Watch,3,7500,Completed,2026-01-15,2026-01-17 00:22:00
6452,813,Rahul Sharma,SSD,4,8000,Completed,2026-06-01,2026-06-02 07:18:00
6453,529,Rohit Verma,Laptop Bag,5,3500,Completed,2026-03-10,2026-03-12 04:52:00
6454,516,Vikram Singh,SSD,5,8000,Completed,2026-07-07,2026-07-09 06:11:00
6455,565,Suresh Kumar,RAM,1,4000,Completed,2026-06-01,2026-06-03 01:18:00
6456,661,Pooja Iyer,Mouse,2,1200,Pending,2026-08-21,2026-08-22 17:39:00
6457,1160,Kiran Patel,Tablet,2,30000,Completed,2026-07-15,2026-07-15 08:48:00
6458,1136,Vikram Singh,SSD,1,8000,Completed,2026-08-22,2026-08-23 22:58:00
6459,1187,Vikram Singh,Printer,1,12000,Cancelled,2026-01-15,2026-01-17 18:24:00
6460,530,Manoj Rao,Monitor,3,15000,Completed,2026-07-11,2026-07-13 18:06:00
6461,1207,Vikram Singh,Printer,3,12000,Completed,2026-08-04,2026-08-04 16:36:00
6462,1480,Priya Reddy,Mouse,3,1200,Completed,2026-07-09,2026-07-09 20:44:00
6463,1487,Pooja Iyer,Printer,3,12000,Completed,2026-01-04,2026-01-04 12:48:00
6464,558,Sneha Rao,SSD,5,8000,Completed,2026-04-04,2026-04-07 00:40:00
6465,674,Ananya Das,SSD,3,8000,Completed,2026-06-11,2026-06-13 19:34:00
6466,524,Sneha Rao,SSD,1,8000,Completed,2026-04-24,2026-04-27 00:29:00
6467,955,Suresh Kumar,Laptop Bag,1,3500,Completed,2026-06-03,2026-06-05 09:46:00
6468,1039,Rahul Sharma,Mobile Phone,3,25000,Completed,2026-06-26,2026-06-29 00:34:00
6469,832,Rohit Verma,RAM,2,4000,Pending,2026-01-10,2026-01-12 09:31:00
6470,980,Rahul Sharma,Laptop Bag,4,3500,Completed,2026-07-20,2026-07-20 04:07:00
6471,1421,Kiran Patel,Printer,5,12000,Completed,2026-01-15,2026-01-17 22:55:00
6472,716,Vikram Singh,Monitor,4,15000,Cancelled,2026-01-12,2026-01-13 22:53:00
6473,528,Pooja Iyer,Webcam,4,5000,Completed,2026-03-03,2026-03-05 00:46:00
6474,1178,Suresh Kumar,Webcam,2,5000,Pending,2026-02-01,2026-02-02 00:46:00
6475,1135,Sneha Rao,USB Hub,2,1800,Completed,2026-08-07,2026-08-07 16:51:00
6476,1331,Sneha Rao,RAM,5,4000,Cancelled,2026-04-17,2026-04-17 10:41:00
6477,1342,Sneha Rao,USB Hub,1,1800,Completed,2026-06-04,2026-06-06 07:28:00
6478,734,Priya Reddy,RAM,2,4000,Completed,2026-07-07,2026-07-10 00:48:00
6479,689,Meera Nair,Laptop Bag,5,3500,Completed,2026-05-03,2026-05-04 23:43:00
6480,757,Kiran Patel,Monitor,3,15000,Pending,2026-03-02,2026-03-04 13:34:00
6481,942,Ajay Reddy,Mobile Phone,5,25000,Pending,2026-07-14,2026-07-15 23:05:00
6482,639,Ajay Reddy,RAM,4,4000,Completed,2026-03-23,2026-03-24 10:06:00
6483,752,Arjun Kumar,Mouse,5,1200,Completed,2026-02-12,2026-02-12 12:10:00
6484,1151,Priya Reddy,Monitor,1,15000,Completed,2026-03-03,2026-03-04 16:23:00
6485,927,Priya Reddy,Tablet,5,30000,Completed,2026-02-06,2026-02-08 11:15:00
6486,817,Neha Singh,Smart Watch,2,7500,Completed,2026-01-04,2026-01-05 17:25:00
6487,778,Ajay Reddy,Smart Watch,5,7500,Pending,2026-05-30,2026-06-01 15:59:00
6488,1449,Ajay Reddy,Laptop,3,65000,Completed,2026-08-20,2026-08-21 23:52:00
6489,778,Vikram Singh,Laptop,2,65000,Completed,2026-05-26,2026-05-26 23:29:00
6490,887,Ananya Das,RAM,3,4000,Completed,2026-01-06,2026-01-07 23:21:00
6491,656,Ajay Reddy,SSD,5,8000,Completed,2026-05-24,2026-05-25 19:46:00
6492,1098,Vikram Singh,Keyboard,5,2500,Completed,2026-09-04,2026-09-04 07:14:00
6493,992,Kiran Patel,Headphones,3,4500,Pending,2026-02-05,2026-02-07 23:46:00
6494,798,Arjun Kumar,Printer,1,12000,Completed,2026-08-20,2026-08-22 15:16:00
6495,1361,Meera Nair,RAM,1,4000,Completed,2026-08-10,2026-08-11 17:45:00
6496,1443,Arjun Kumar,Printer,5,12000,Completed,2026-01-28,2026-01-30 01:31:00
6497,680,Ajay Reddy,Laptop Bag,4,3500,Pending,2026-03-25,2026-03-25 03:36:00
6498,760,Priya Reddy,Printer,5,12000,Completed,2026-02-07,2026-02-08 19:18:00
6499,1328,Kiran Patel,Mobile Phone,5,25000,Completed,2026-07-28,2026-07-30 04:24:00
6500,1316,Vikram Singh,Monitor,4,15000,Completed,2026-04-08,2026-04-08 01:49:00
6501,609,Ananya Das,Tablet,3,30000,Completed,2026-07-06,2026-07-08 03:32:00
6502,767,Suresh Kumar,Webcam,5,5000,Completed,2026-01-18,2026-01-18 18:44:00
6503,703,Divya Menon,RAM,4,4000,Completed,2026-02-11,2026-02-13 17:27:00
6504,510,Divya Menon,Mobile Phone,1,25000,Cancelled,2026-03-01,2026-03-04 00:39:00
6505,1449,Meera Nair,Webcam,4,5000,Pending,2026-01-03,2026-01-05 06:28:00
6506,614,Rahul Sharma,Keyboard,4,2500,Completed,2026-05-10,2026-05-10 23:25:00
6507,1344,Manoj Rao,Smart Watch,5,7500,Completed,2026-03-17,2026-03-18 11:02:00
6508,988,Neha Singh,Webcam,5,5000,Completed,2026-07-28,2026-07-29 06:39:00
6509,1374,Sneha Rao,USB Hub,4,1800,Pending,2026-07-16,2026-07-17 05:46:00
6510,640,Priya Reddy,SSD,3,8000,Completed,2026-07-13,2026-07-13 02:03:00
6511,750,Divya Menon,Webcam,5,5000,Pending,2026-05-12,2026-05-12 08:34:00
6512,704,Arjun Kumar,Webcam,3,5000,Completed,2026-08-10,2026-08-11 21:56:00
6513,1193,Pooja Iyer,SSD,1,8000,Completed,2026-04-26,2026-04-26 12:51:00
6514,710,Ananya Das,Headphones,3,4500,Completed,2026-02-12,2026-02-14 15:57:00
6515,718,Pooja Iyer,Mobile Phone,1,25000,Completed,2026-08-08,2026-08-08 03:22:00
6516,539,Suresh Kumar,Webcam,4,5000,Cancelled,2026-08-13,2026-08-14 03:04:00
6517,1092,Arjun Kumar,SSD,2,8000,Pending,2026-01-02,2026-01-04 07:17:00
6518,967,Rohit Verma,Smart Watch,1,7500,Completed,2026-05-11,2026-05-12 22:02:00
6519,1303,Pooja Iyer,Webcam,2,5000,Completed,2026-06-04,2026-06-04 15:17:00
6520,713,Suresh Kumar,Tablet,5,30000,Completed,2026-08-04,2026-08-05 20:58:00
6521,837,Rahul Sharma,Mobile Phone,4,25000,Completed,2026-08-15,2026-08-15 09:10:00
6522,1441,Manoj Rao,SSD,3,8000,Pending,2026-07-19,2026-07-19 02:01:00
6523,807,Ananya Das,Monitor,5,15000,Pending,2026-04-11,2026-04-12 17:30:00
6524,682,Manoj Rao,Monitor,2,15000,Completed,2026-03-07,2026-03-08 12:01:00
6525,946,Kiran Patel,Headphones,3,4500,Cancelled,2026-07-14,2026-07-14 14:57:00
6526,1454,Meera Nair,Webcam,1,5000,Completed,2026-04-16,2026-04-18 03:48:00
6527,1453,Divya Menon,Keyboard,2,2500,Completed,2026-08-14,2026-08-14 12:45:00
6528,1378,Rahul Sharma,Mobile Phone,5,25000,Completed,2026-01-15,2026-01-17 01:38:00
6529,1493,Neha Singh,Printer,3,12000,Cancelled,2026-04-03,2026-04-05 05:35:00
6530,720,Arjun Kumar,RAM,1,4000,Completed,2026-08-21,2026-08-22 08:50:00
6531,1335,Rahul Sharma,Headphones,2,4500,Completed,2026-06-23,2026-06-25 06:38:00
6532,673,Manoj Rao,USB Hub,5,1800,Cancelled,2026-07-02,2026-07-04 06:28:00
6533,790,Priya Reddy,Mobile Phone,2,25000,Completed,2026-04-26,2026-04-28 06:40:00
6534,666,Rahul Sharma,SSD,2,8000,Completed,2026-05-11,2026-05-12 23:13:00
6535,1458,Manoj Rao,Keyboard,4,2500,Completed,2026-02-18,2026-02-19 06:14:00
6536,613,Suresh Kumar,Webcam,4,5000,Completed,2026-06-19,2026-06-21 02:08:00
6537,666,Vikram Singh,Headphones,1,4500,Completed,2026-03-04,2026-03-06 06:43:00
6538,1305,Kiran Patel,RAM,3,4000,Completed,2026-03-13,2026-03-13 17:05:00
6539,843,Ananya Das,Webcam,4,5000,Completed,2026-07-10,2026-07-12 16:45:00
6540,1451,Arjun Kumar,Headphones,2,4500,Completed,2026-09-08,2026-09-09 20:09:00
6541,1135,Arjun Kumar,Laptop,2,65000,Completed,2026-08-29,2026-08-31 07:17:00
6542,1337,Neha Singh,Printer,2,12000,Completed,2026-03-24,2026-03-24 14:53:00
6543,1392,Manoj Rao,Laptop,4,65000,Completed,2026-05-28,2026-05-29 18:42:00
6544,893,Rahul Sharma,Webcam,3,5000,Completed,2026-08-22,2026-08-25 00:45:00
6545,1368,Meera Nair,Laptop Bag,5,3500,Pending,2026-04-17,2026-04-19 14:46:00
6546,832,Pooja Iyer,Headphones,1,4500,Completed,2026-07-11,2026-07-12 20:46:00
6547,573,Sneha Rao,Printer,2,12000,Completed,2026-03-15,2026-03-15 04:04:00
6548,1249,Meera Nair,Smart Watch,3,7500,Completed,2026-01-24,2026-01-24 11:47:00
6549,1463,Arjun Kumar,Printer,3,12000,Cancelled,2026-02-24,2026-02-26 21:06:00
6550,589,Suresh Kumar,Keyboard,5,2500,Completed,2026-02-09,2026-02-11 19:27:00
6551,857,Kiran Patel,Laptop,2,65000,Completed,2026-06-24,2026-06-25 03:31:00
6552,1022,Vikram Singh,Printer,2,12000,Pending,2026-02-24,2026-02-25 11:23:00
6553,963,Vikram Singh,Laptop Bag,1,3500,Completed,2026-01-20,2026-01-22 19:58:00
6554,955,Neha Singh,Mouse,5,1200,Completed,2026-08-29,2026-08-31 19:51:00
6555,1383,Sneha Rao,Monitor,1,15000,Completed,2026-07-21,2026-07-23 18:46:00
6556,1264,Vikram Singh,Printer,5,12000,Completed,2026-01-21,2026-01-22 17:51:00
6557,1126,Divya Menon,SSD,2,8000,Completed,2026-04-16,2026-04-18 10:42:00
6558,807,Rohit Verma,Webcam,5,5000,Completed,2026-03-12,2026-03-14 06:23:00
6559,938,Divya Menon,USB Hub,2,1800,Completed,2026-06-21,2026-06-23 22:29:00
6560,1015,Meera Nair,Laptop Bag,3,3500,Completed,2026-08-03,2026-08-04 16:51:00
6561,638,Sneha Rao,RAM,3,4000,Completed,2026-04-15,2026-04-16 19:04:00
6562,865,Priya Reddy,Monitor,2,15000,Completed,2026-05-15,2026-05-17 14:01:00
6563,609,Sneha Rao,Headphones,2,4500,Completed,2026-06-21,2026-06-21 05:50:00
6564,1460,Priya Reddy,Laptop Bag,1,3500,Completed,2026-04-14,2026-04-14 13:39:00
6565,1318,Rohit Verma,Monitor,5,15000,Pending,2026-03-24,2026-03-24 20:57:00
6566,1448,Sneha Rao,USB Hub,5,1800,Pending,2026-05-11,2026-05-12 22:50:00
6567,1234,Ajay Reddy,Monitor,1,15000,Completed,2026-04-15,2026-04-17 00:07:00
6568,783,Meera Nair,Webcam,2,5000,Completed,2026-07-05,2026-07-07 07:08:00
6569,1285,Pooja Iyer,Headphones,4,4500,Pending,2026-06-23,2026-06-25 07:23:00
6570,1295,Sneha Rao,Monitor,2,15000,Completed,2026-04-09,2026-04-09 09:53:00
6571,1416,Pooja Iyer,Power Bank,3,2200,Completed,2026-08-13,2026-08-15 21:42:00
6572,846,Rohit Verma,Headphones,5,4500,Completed,2026-05-01,2026-05-02 03:07:00
6573,618,Kiran Patel,Mobile Phone,5,25000,Completed,2026-08-27,2026-08-29 09:23:00
6574,1278,Meera Nair,Smart Watch,3,7500,Completed,2026-07-25,2026-07-28 00:18:00
6575,1197,Suresh Kumar,SSD,1,8000,Completed,2026-05-23,2026-05-24 07:20:00
6576,1449,Rohit Verma,USB Hub,4,1800,Completed,2026-08-23,2026-08-25 00:33:00
6577,702,Pooja Iyer,Headphones,3,4500,Completed,2026-03-19,2026-03-20 10:38:00
6578,1432,Meera Nair,USB Hub,5,1800,Pending,2026-06-24,2026-06-24 12:23:00
6579,969,Ananya Das,SSD,5,8000,Completed,2026-01-15,2026-01-15 15:56:00
6580,628,Kiran Patel,Mouse,5,1200,Completed,2026-03-14,2026-03-16 12:00:00
6581,1310,Ananya Das,SSD,2,8000,Pending,2026-08-04,2026-08-05 22:15:00
6582,1491,Priya Reddy,RAM,1,4000,Completed,2026-01-26,2026-01-27 09:01:00
6583,544,Arjun Kumar,Keyboard,5,2500,Completed,2026-04-30,2026-05-02 20:05:00
6584,747,Divya Menon,Mouse,5,1200,Pending,2026-03-17,2026-03-17 15:07:00
6585,1455,Rahul Sharma,USB Hub,4,1800,Completed,2026-04-05,2026-04-07 01:01:00
6586,802,Suresh Kumar,Webcam,3,5000,Completed,2026-04-07,2026-04-07 18:38:00
6587,626,Ajay Reddy,Webcam,5,5000,Completed,2026-02-03,2026-02-05 17:22:00
6588,654,Pooja Iyer,Smart Watch,3,7500,Pending,2026-01-24,2026-01-26 13:06:00
6589,1047,Vikram Singh,Headphones,3,4500,Pending,2026-07-10,2026-07-11 11:11:00
6590,1239,Suresh Kumar,SSD,4,8000,Completed,2026-07-19,2026-07-19 05:57:00
6591,945,Neha Singh,Tablet,4,30000,Completed,2026-08-04,2026-08-06 19:07:00
6592,542,Priya Reddy,SSD,1,8000,Completed,2026-08-20,2026-08-21 11:08:00
6593,803,Divya Menon,SSD,4,8000,Completed,2026-01-15,2026-01-16 06:25:00
6594,1455,Ajay Reddy,Keyboard,2,2500,Completed,2026-04-12,2026-04-12 16:51:00
6595,525,Manoj Rao,Keyboard,2,2500,Completed,2026-01-30,2026-01-31 08:27:00
6596,864,Ajay Reddy,Printer,3,12000,Completed,2026-07-27,2026-07-29 19:01:00
6597,850,Kiran Patel,Mobile Phone,4,25000,Completed,2026-03-06,2026-03-07 01:33:00
6598,1313,Ananya Das,Smart Watch,5,7500,Completed,2026-01-29,2026-01-30 00:58:00
6599,1386,Ananya Das,Keyboard,3,2500,Completed,2026-03-27,2026-03-28 14:58:00
6600,525,Rohit Verma,Laptop Bag,5,3500,Cancelled,2026-05-13,2026-05-15 21:40:00
6601,588,Rahul Sharma,USB Hub,4,1800,Pending,2026-02-15,2026-02-15 07:52:00
6602,657,Sneha Rao,Laptop,4,65000,Pending,2026-08-31,2026-08-31 21:47:00
6603,1113,Ananya Das,Laptop Bag,4,3500,Completed,2026-07-02,2026-07-03 10:08:00
6604,649,Rahul Sharma,Power Bank,4,2200,Completed,2026-07-02,2026-07-04 21:05:00
6605,1141,Rohit Verma,Keyboard,1,2500,Completed,2026-04-26,2026-04-26 08:57:00
6606,933,Manoj Rao,Monitor,5,15000,Completed,2026-03-02,2026-03-03 12:51:00
6607,1294,Manoj Rao,Smart Watch,2,7500,Completed,2026-06-20,2026-06-21 22:14:00
6608,736,Arjun Kumar,Power Bank,3,2200,Completed,2026-02-23,2026-02-25 23:42:00
6609,1194,Priya Reddy,Mouse,4,1200,Completed,2026-02-18,2026-02-20 11:56:00
6610,1008,Suresh Kumar,Laptop,4,65000,Completed,2026-06-20,2026-06-21 04:08:00
6611,676,Pooja Iyer,SSD,2,8000,Completed,2026-05-28,2026-05-29 14:52:00
6612,524,Manoj Rao,Webcam,3,5000,Completed,2026-03-16,2026-03-16 08:12:00
6613,1184,Neha Singh,SSD,4,8000,Pending,2026-03-16,2026-03-17 12:56:00
6614,1292,Neha Singh,Webcam,4,5000,Completed,2026-08-16,2026-08-16 01:39:00
6615,1137,Neha Singh,Power Bank,5,2200,Pending,2026-03-14,2026-03-14 03:34:00
6616,1360,Suresh Kumar,Webcam,5,5000,Pending,2026-07-10,2026-07-11 02:23:00
6617,575,Manoj Rao,SSD,1,8000,Completed,2026-05-08,2026-05-10 13:21:00
6618,909,Pooja Iyer,SSD,1,8000,Completed,2026-03-22,2026-03-24 00:35:00
6619,1441,Vikram Singh,USB Hub,1,1800,Completed,2026-03-31,2026-04-01 14:07:00
6620,1256,Kiran Patel,Mobile Phone,3,25000,Pending,2026-03-26,2026-03-28 16:12:00
6621,1213,Sneha Rao,Webcam,3,5000,Completed,2026-07-04,2026-07-05 13:11:00
6622,1469,Priya Reddy,Power Bank,4,2200,Completed,2026-01-24,2026-01-26 04:36:00
6623,1196,Rohit Verma,SSD,5,8000,Pending,2026-04-02,2026-04-03 09:36:00
6624,1109,Ajay Reddy,Printer,5,12000,Completed,2026-03-17,2026-03-19 00:14:00
6625,638,Priya Reddy,Power Bank,3,2200,Pending,2026-05-01,2026-05-03 13:33:00
6626,1024,Arjun Kumar,Printer,4,12000,Pending,2026-06-24,2026-06-26 16:01:00
6627,662,Priya Reddy,Laptop Bag,2,3500,Completed,2026-05-30,2026-05-31 22:42:00
6628,1051,Kiran Patel,SSD,2,8000,Cancelled,2026-05-27,2026-05-28 17:14:00
6629,567,Manoj Rao,Mouse,1,1200,Pending,2026-05-21,2026-05-23 16:43:00
6630,766,Vikram Singh,Mouse,2,1200,Cancelled,2026-07-28,2026-07-30 06:31:00
6631,1310,Sneha Rao,Smart Watch,2,7500,Completed,2026-03-23,2026-03-24 16:06:00
6632,764,Pooja Iyer,Mobile Phone,1,25000,Completed,2026-08-18,2026-08-18 23:09:00
6633,718,Rahul Sharma,Tablet,3,30000,Pending,2026-03-24,2026-03-25 13:31:00
6634,1095,Rohit Verma,Headphones,5,4500,Pending,2026-06-22,2026-06-24 08:02:00
6635,552,Pooja Iyer,Tablet,2,30000,Pending,2026-05-20,2026-05-20 05:40:00
6636,960,Pooja Iyer,RAM,2,4000,Cancelled,2026-08-02,2026-08-03 12:31:00
6637,1454,Meera Nair,Monitor,4,15000,Pending,2026-06-28,2026-06-30 10:43:00
6638,893,Ananya Das,SSD,2,8000,Pending,2026-05-26,2026-05-28 18:51:00
6639,1043,Meera Nair,Laptop,3,65000,Completed,2026-04-08,2026-04-09 22:34:00
6640,600,Priya Reddy,Smart Watch,3,7500,Completed,2026-01-15,2026-01-16 09:53:00
6641,1044,Ajay Reddy,Mouse,5,1200,Completed,2026-06-08,2026-06-09 19:29:00
6642,980,Pooja Iyer,Tablet,4,30000,Completed,2026-03-17,2026-03-17 11:35:00
6643,1444,Priya Reddy,Laptop,3,65000,Cancelled,2026-07-28,2026-07-29 01:36:00
6644,1427,Rohit Verma,Mouse,4,1200,Completed,2026-07-08,2026-07-10 03:24:00
6645,537,Neha Singh,Monitor,3,15000,Completed,2026-01-07,2026-01-08 08:28:00
6646,811,Ananya Das,Laptop Bag,1,3500,Cancelled,2026-03-01,2026-03-02 07:58:00
6647,610,Ajay Reddy,Monitor,2,15000,Completed,2026-03-22,2026-03-22 15:06:00
6648,891,Suresh Kumar,Tablet,1,30000,Completed,2026-07-01,2026-07-01 21:48:00
6649,1312,Manoj Rao,Webcam,4,5000,Completed,2026-06-13,2026-06-14 02:43:00
6650,893,Divya Menon,Headphones,1,4500,Completed,2026-05-16,2026-05-17 05:40:00
6651,1368,Arjun Kumar,USB Hub,1,1800,Completed,2026-05-29,2026-05-29 18:31:00
6652,574,Pooja Iyer,Monitor,4,15000,Completed,2026-02-19,2026-02-21 01:01:00
6653,1378,Meera Nair,RAM,3,4000,Cancelled,2026-02-13,2026-02-13 04:11:00
6654,1321,Arjun Kumar,Headphones,5,4500,Cancelled,2026-07-07,2026-07-08 01:30:00
6655,849,Meera Nair,Monitor,1,15000,Completed,2026-02-17,2026-02-18 14:05:00
6656,521,Priya Reddy,Laptop,3,65000,Completed,2026-05-27,2026-05-28 20:44:00
6657,1359,Suresh Kumar,SSD,2,8000,Pending,2026-01-25,2026-01-25 16:20:00
6658,1073,Sneha Rao,Mobile Phone,1,25000,Pending,2026-07-31,2026-08-01 17:36:00
6659,803,Suresh Kumar,Keyboard,2,2500,Completed,2026-02-18,2026-02-18 13:27:00
6660,1408,Neha Singh,Monitor,3,15000,Pending,2026-07-25,2026-07-27 05:20:00
6661,1472,Pooja Iyer,Headphones,1,4500,Completed,2026-07-02,2026-07-04 16:49:00
6662,1462,Divya Menon,Mobile Phone,4,25000,Pending,2026-07-05,2026-07-07 05:32:00
6663,1028,Pooja Iyer,Keyboard,1,2500,Completed,2026-01-31,2026-01-31 06:43:00
6664,641,Rahul Sharma,Power Bank,4,2200,Completed,2026-08-22,2026-08-22 20:05:00
6665,850,Suresh Kumar,Keyboard,3,2500,Completed,2026-04-20,2026-04-21 16:49:00
6666,891,Pooja Iyer,SSD,5,8000,Completed,2026-01-23,2026-01-23 02:07:00
6667,1378,Ajay Reddy,USB Hub,1,1800,Completed,2026-08-28,2026-08-28 13:35:00
6668,1498,Sneha Rao,SSD,1,8000,Pending,2026-03-16,2026-03-16 09:01:00
6669,596,Vikram Singh,Monitor,1,15000,Completed,2026-04-02,2026-04-03 16:06:00
6670,502,Sneha Rao,Keyboard,4,2500,Completed,2026-08-02,2026-08-03 00:30:00
6671,541,Vikram Singh,Monitor,5,15000,Completed,2026-04-08,2026-04-09 23:35:00
6672,729,Divya Menon,RAM,1,4000,Completed,2026-06-24,2026-06-24 01:31:00
6673,1111,Rahul Sharma,Laptop,5,65000,Pending,2026-05-22,2026-05-22 17:02:00
6674,1256,Vikram Singh,Power Bank,2,2200,Completed,2026-08-21,2026-08-21 23:40:00
6675,1462,Divya Menon,Laptop,1,65000,Completed,2026-02-12,2026-02-12 22:30:00
6676,1060,Vikram Singh,Webcam,4,5000,Pending,2026-01-19,2026-01-19 05:10:00
6677,1108,Pooja Iyer,Webcam,2,5000,Pending,2026-04-22,2026-04-23 16:05:00
6678,1086,Pooja Iyer,Tablet,5,30000,Completed,2026-06-28,2026-06-30 06:54:00
6679,732,Pooja Iyer,Laptop,4,65000,Pending,2026-06-16,2026-06-18 23:38:00
6680,1090,Ajay Reddy,Mouse,3,1200,Completed,2026-08-20,2026-08-21 11:15:00
6681,1123,Manoj Rao,Monitor,5,15000,Completed,2026-04-17,2026-04-18 15:01:00
6682,1383,Kiran Patel,Headphones,3,4500,Completed,2026-04-17,2026-04-18 13:00:00
6683,510,Pooja Iyer,Mobile Phone,5,25000,Cancelled,2026-08-17,2026-08-17 18:20:00
6684,1185,Divya Menon,Mouse,1,1200,Completed,2026-02-06,2026-02-07 16:58:00
6685,1136,Pooja Iyer,Power Bank,1,2200,Cancelled,2026-07-31,2026-08-02 07:07:00
6686,857,Priya Reddy,Power Bank,4,2200,Completed,2026-06-10,2026-06-10 04:50:00
6687,524,Rohit Verma,Laptop Bag,5,3500,Completed,2026-07-30,2026-07-31 13:42:00
6688,510,Vikram Singh,RAM,4,4000,Completed,2026-02-09,2026-02-11 18:46:00
6689,835,Pooja Iyer,SSD,4,8000,Completed,2026-02-22,2026-02-24 08:12:00
6690,923,Manoj Rao,Monitor,4,15000,Pending,2026-01-06,2026-01-08 14:33:00
6691,1497,Divya Menon,Smart Watch,5,7500,Completed,2026-06-16,2026-06-17 10:23:00
6692,763,Ajay Reddy,Monitor,1,15000,Completed,2026-01-15,2026-01-16 16:59:00
6693,1109,Rohit Verma,Printer,3,12000,Pending,2026-04-17,2026-04-19 22:15:00
6694,714,Ajay Reddy,Mouse,5,1200,Completed,2026-08-28,2026-08-30 20:18:00
6695,667,Rohit Verma,Laptop,4,65000,Completed,2026-09-05,2026-09-05 19:19:00
6696,933,Vikram Singh,SSD,2,8000,Completed,2026-08-05,2026-08-05 08:48:00
6697,723,Divya Menon,Webcam,3,5000,Completed,2026-05-31,2026-06-02 07:01:00
6698,1062,Divya Menon,Laptop,1,65000,Completed,2026-07-14,2026-07-14 16:47:00
6699,735,Ananya Das,Printer,1,12000,Cancelled,2026-06-08,2026-06-10 16:20:00
6700,1295,Manoj Rao,Mobile Phone,4,25000,Completed,2026-06-22,2026-06-24 14:13:00
6701,1114,Vikram Singh,Headphones,2,4500,Completed,2026-06-15,2026-06-15 03:43:00
6702,865,Kiran Patel,Smart Watch,5,7500,Completed,2026-07-04,2026-07-06 08:34:00
6703,960,Ajay Reddy,RAM,2,4000,Pending,2026-02-27,2026-03-01 19:10:00
6704,1212,Kiran Patel,Smart Watch,5,7500,Cancelled,2026-01-17,2026-01-17 05:14:00
6705,1199,Pooja Iyer,RAM,4,4000,Pending,2026-02-26,2026-02-28 12:08:00
6706,1477,Arjun Kumar,Printer,4,12000,Completed,2026-01-29,2026-01-31 14:46:00
6707,1167,Priya Reddy,Headphones,5,4500,Completed,2026-08-07,2026-08-08 22:02:00
6708,1137,Priya Reddy,Mouse,5,1200,Completed,2026-04-24,2026-04-26 00:23:00
6709,1428,Neha Singh,SSD,4,8000,Completed,2026-07-25,2026-07-25 10:14:00
6710,1178,Rohit Verma,Keyboard,5,2500,Cancelled,2026-05-02,2026-05-04 06:37:00
6711,622,Kiran Patel,Headphones,4,4500,Completed,2026-08-31,2026-09-02 05:42:00
6712,980,Priya Reddy,Printer,3,12000,Completed,2026-08-17,2026-08-17 17:57:00
6713,504,Divya Menon,RAM,4,4000,Completed,2026-06-08,2026-06-09 14:26:00
6714,889,Divya Menon,Tablet,2,30000,Pending,2026-01-29,2026-02-01 00:56:00
6715,1457,Divya Menon,Keyboard,2,2500,Completed,2026-04-13,2026-04-15 03:33:00
6716,1168,Sneha Rao,Monitor,4,15000,Completed,2026-04-25,2026-04-26 02:16:00
6717,975,Priya Reddy,Power Bank,1,2200,Completed,2026-03-02,2026-03-04 03:03:00
6718,1291,Arjun Kumar,Webcam,1,5000,Completed,2026-02-07,2026-02-09 10:20:00
6719,966,Sneha Rao,USB Hub,4,1800,Pending,2026-01-26,2026-01-27 14:40:00
6720,792,Suresh Kumar,Keyboard,5,2500,Pending,2026-06-21,2026-06-24 00:24:00
6721,1142,Pooja Iyer,Mobile Phone,2,25000,Completed,2026-03-13,2026-03-13 13:46:00
6722,961,Meera Nair,USB Hub,4,1800,Pending,2026-02-05,2026-02-05 17:27:00
6723,1496,Ananya Das,SSD,5,8000,Completed,2026-07-10,2026-07-12 22:40:00
6724,1136,Kiran Patel,Smart Watch,1,7500,Completed,2026-01-02,2026-01-03 23:43:00
6725,1352,Divya Menon,Keyboard,3,2500,Cancelled,2026-04-25,2026-04-27 05:10:00
6726,1173,Pooja Iyer,Keyboard,1,2500,Completed,2026-07-18,2026-07-19 18:44:00
6727,1273,Sneha Rao,Webcam,3,5000,Completed,2026-01-13,2026-01-14 20:16:00
6728,1267,Pooja Iyer,Monitor,1,15000,Completed,2026-03-23,2026-03-24 05:40:00
6729,1333,Divya Menon,RAM,5,4000,Pending,2026-07-20,2026-07-20 23:21:00
6730,1160,Ananya Das,SSD,2,8000,Completed,2026-04-12,2026-04-14 11:48:00
6731,1365,Sneha Rao,Laptop Bag,3,3500,Completed,2026-05-25,2026-05-26 00:55:00
6732,813,Ajay Reddy,RAM,3,4000,Pending,2026-05-06,2026-05-08 04:52:00
6733,1094,Manoj Rao,Laptop,2,65000,Completed,2026-02-06,2026-02-08 04:33:00
6734,755,Kiran Patel,Mobile Phone,1,25000,Completed,2026-06-25,2026-06-27 01:57:00
6735,1460,Divya Menon,USB Hub,2,1800,Pending,2026-06-20,2026-06-21 16:35:00
6736,794,Rohit Verma,Webcam,4,5000,Completed,2026-05-22,2026-05-25 00:34:00
6737,892,Kiran Patel,Laptop Bag,4,3500,Cancelled,2026-06-20,2026-06-22 00:02:00
6738,866,Suresh Kumar,Keyboard,3,2500,Cancelled,2026-08-02,2026-08-04 00:19:00
6739,703,Priya Reddy,Printer,3,12000,Pending,2026-02-20,2026-02-21 03:38:00
6740,1160,Vikram Singh,RAM,1,4000,Completed,2026-07-16,2026-07-18 02:26:00
6741,1423,Suresh Kumar,Smart Watch,1,7500,Completed,2026-07-24,2026-07-26 09:34:00
6742,533,Pooja Iyer,Tablet,3,30000,Completed,2026-03-29,2026-03-30 01:22:00
6743,931,Neha Singh,SSD,3,8000,Completed,2026-08-17,2026-08-19 02:49:00
6744,804,Sneha Rao,USB Hub,1,1800,Completed,2026-05-08,2026-05-08 10:22:00
6745,630,Arjun Kumar,Mobile Phone,3,25000,Completed,2026-07-31,2026-08-01 21:34:00
6746,644,Rohit Verma,Headphones,3,4500,Completed,2026-08-24,2026-08-25 21:56:00
6747,950,Ananya Das,USB Hub,3,1800,Completed,2026-03-10,2026-03-11 17:13:00
6748,1000,Ajay Reddy,Smart Watch,4,7500,Completed,2026-08-21,2026-08-22 00:29:00
6749,559,Ajay Reddy,Mouse,5,1200,Completed,2026-09-01,2026-09-03 11:28:00
6750,760,Manoj Rao,Tablet,5,30000,Completed,2026-03-17,2026-03-19 07:52:00
6751,665,Sneha Rao,Printer,1,12000,Completed,2026-09-08,2026-09-09 14:45:00
6752,1114,Rohit Verma,Headphones,3,4500,Completed,2026-06-30,2026-07-01 00:03:00
6753,646,Vikram Singh,Tablet,4,30000,Completed,2026-02-11,2026-02-12 12:27:00
6754,1376,Ananya Das,Laptop Bag,2,3500,Completed,2026-01-16,2026-01-18 07:44:00
6755,1417,Arjun Kumar,Keyboard,2,2500,Pending,2026-07-07,2026-07-08 14:00:00
6756,1123,Ajay Reddy,Smart Watch,2,7500,Cancelled,2026-08-17,2026-08-19 09:23:00
6757,1455,Sneha Rao,Laptop,2,65000,Completed,2026-02-22,2026-02-24 13:33:00
6758,1083,Neha Singh,Smart Watch,4,7500,Pending,2026-03-06,2026-03-08 23:05:00
6759,1450,Ananya Das,Smart Watch,5,7500,Pending,2026-03-07,2026-03-07 07:43:00
6760,552,Arjun Kumar,Laptop,3,65000,Completed,2026-04-22,2026-04-22 11:21:00
6761,1326,Rahul Sharma,Mouse,2,1200,Completed,2026-05-26,2026-05-26 22:41:00
6762,981,Ananya Das,Laptop,3,65000,Completed,2026-09-07,2026-09-09 13:23:00
6763,587,Ajay Reddy,Laptop Bag,5,3500,Pending,2026-03-03,2026-03-03 18:26:00
6764,1012,Rahul Sharma,Power Bank,3,2200,Pending,2026-01-16,2026-01-16 11:19:00
6765,1008,Neha Singh,SSD,2,8000,Pending,2026-06-19,2026-06-22 00:46:00
6766,688,Meera Nair,Mouse,5,1200,Completed,2026-06-08,2026-06-09 06:20:00
6767,696,Rahul Sharma,SSD,1,8000,Cancelled,2026-05-11,2026-05-12 20:09:00
6768,1095,Pooja Iyer,Laptop Bag,3,3500,Pending,2026-08-29,2026-08-31 18:22:00
6769,616,Arjun Kumar,RAM,4,4000,Completed,2026-05-23,2026-05-24 21:12:00
6770,902,Priya Reddy,Mobile Phone,5,25000,Cancelled,2026-08-23,2026-08-24 21:57:00
6771,859,Vikram Singh,Laptop,1,65000,Completed,2026-03-17,2026-03-17 23:19:00
6772,727,Arjun Kumar,Mouse,1,1200,Completed,2026-01-11,2026-01-11 15:28:00
6773,1478,Priya Reddy,Smart Watch,1,7500,Completed,2026-01-29,2026-01-30 09:51:00
6774,979,Sneha Rao,Laptop Bag,5,3500,Completed,2026-07-17,2026-07-19 09:27:00
6775,1192,Neha Singh,USB Hub,5,1800,Completed,2026-04-21,2026-04-23 03:32:00
6776,1432,Rohit Verma,RAM,2,4000,Completed,2026-08-10,2026-08-12 04:22:00
6777,1494,Rahul Sharma,Laptop Bag,3,3500,Completed,2026-03-10,2026-03-11 17:20:00
6778,1170,Ananya Das,Printer,5,12000,Completed,2026-09-05,2026-09-06 10:55:00
6779,1113,Ananya Das,RAM,2,4000,Pending,2026-02-23,2026-02-23 17:50:00
6780,535,Rohit Verma,Mobile Phone,2,25000,Cancelled,2026-05-22,2026-05-23 01:30:00
6781,1225,Arjun Kumar,USB Hub,2,1800,Pending,2026-07-30,2026-08-01 12:03:00
6782,691,Rahul Sharma,Mobile Phone,1,25000,Completed,2026-04-12,2026-04-12 07:34:00
6783,1077,Suresh Kumar,Monitor,3,15000,Pending,2026-05-17,2026-05-17 02:08:00
6784,1357,Rohit Verma,Laptop Bag,1,3500,Completed,2026-05-06,2026-05-07 23:59:00
6785,1138,Ananya Das,Keyboard,3,2500,Completed,2026-03-19,2026-03-21 06:14:00
6786,1431,Divya Menon,Tablet,5,30000,Cancelled,2026-03-20,2026-03-20 21:07:00
6787,1493,Divya Menon,Tablet,4,30000,Cancelled,2026-06-26,2026-06-27 13:39:00
6788,1046,Vikram Singh,SSD,4,8000,Completed,2026-07-13,2026-07-13 23:46:00
6789,627,Rahul Sharma,Printer,4,12000,Completed,2026-08-07,2026-08-07 08:25:00
6790,854,Arjun Kumar,Monitor,4,15000,Completed,2026-04-26,2026-04-27 05:29:00
6791,1194,Neha Singh,USB Hub,2,1800,Completed,2026-06-28,2026-06-28 19:34:00
6792,622,Arjun Kumar,Printer,5,12000,Completed,2026-06-28,2026-06-29 12:54:00
6793,653,Meera Nair,Monitor,2,15000,Completed,2026-05-08,2026-05-10 08:51:00
6794,809,Meera Nair,Printer,1,12000,Completed,2026-01-04,2026-01-05 20:07:00
6795,1098,Ananya Das,Mobile Phone,5,25000,Pending,2026-08-13,2026-08-13 10:13:00
6796,946,Manoj Rao,Laptop Bag,3,3500,Completed,2026-03-08,2026-03-09 03:52:00
6797,966,Kiran Patel,Power Bank,5,2200,Completed,2026-08-03,2026-08-05 17:31:00
6798,917,Suresh Kumar,USB Hub,3,1800,Pending,2026-03-23,2026-03-24 15:57:00
6799,535,Arjun Kumar,Laptop,5,65000,Completed,2026-06-28,2026-06-29 16:17:00
6800,1123,Suresh Kumar,SSD,5,8000,Completed,2026-06-11,2026-06-13 21:58:00
6801,785,Pooja Iyer,Smart Watch,2,7500,Completed,2026-01-11,2026-01-13 11:40:00
6802,759,Ananya Das,Smart Watch,3,7500,Pending,2026-05-21,2026-05-22 03:24:00
6803,1210,Kiran Patel,SSD,4,8000,Completed,2026-04-01,2026-04-01 18:29:00
6804,1245,Pooja Iyer,Laptop Bag,1,3500,Completed,2026-07-02,2026-07-04 11:17:00
6805,1144,Arjun Kumar,Printer,4,12000,Completed,2026-05-17,2026-05-18 18:11:00
6806,900,Ananya Das,Mobile Phone,3,25000,Completed,2026-04-08,2026-04-10 02:22:00
6807,800,Vikram Singh,Power Bank,2,2200,Completed,2026-02-12,2026-02-13 20:42:00
6808,863,Sneha Rao,Mobile Phone,1,25000,Completed,2026-07-29,2026-07-30 01:43:00
6809,1450,Rahul Sharma,Printer,1,12000,Completed,2026-03-08,2026-03-08 02:02:00
6810,630,Sneha Rao,Tablet,5,30000,Pending,2026-07-03,2026-07-03 16:29:00
6811,1100,Kiran Patel,Mouse,3,1200,Completed,2026-05-27,2026-05-29 12:17:00
6812,1028,Sneha Rao,Webcam,2,5000,Completed,2026-06-25,2026-06-26 14:35:00
6813,1060,Ananya Das,Webcam,5,5000,Pending,2026-08-22,2026-08-22 09:21:00
6814,587,Priya Reddy,Tablet,5,30000,Completed,2026-08-11,2026-08-11 08:28:00
6815,1123,Meera Nair,Mobile Phone,1,25000,Completed,2026-04-15,2026-04-15 21:44:00
6816,1405,Rohit Verma,Mouse,3,1200,Completed,2026-02-05,2026-02-05 04:05:00
6817,513,Rahul Sharma,Laptop,4,65000,Completed,2026-04-17,2026-04-19 22:26:00
6818,545,Sneha Rao,RAM,5,4000,Completed,2026-07-29,2026-07-31 11:17:00
6819,867,Manoj Rao,Laptop,1,65000,Pending,2026-06-22,2026-06-23 22:00:00
6820,1047,Manoj Rao,Mobile Phone,2,25000,Completed,2026-07-30,2026-07-31 18:57:00
6821,1390,Manoj Rao,Tablet,5,30000,Cancelled,2026-08-26,2026-08-27 01:25:00
6822,568,Divya Menon,Headphones,4,4500,Completed,2026-01-29,2026-01-29 16:28:00
6823,564,Pooja Iyer,Webcam,4,5000,Completed,2026-05-30,2026-05-30 20:59:00
6824,663,Pooja Iyer,Keyboard,1,2500,Completed,2026-02-01,2026-02-03 09:10:00
6825,538,Rahul Sharma,Mouse,5,1200,Completed,2026-09-04,2026-09-05 06:00:00
6826,1131,Ajay Reddy,Monitor,2,15000,Pending,2026-02-26,2026-02-28 17:28:00
6827,1496,Kiran Patel,USB Hub,2,1800,Completed,2026-06-29,2026-07-01 06:38:00
6828,1027,Vikram Singh,Power Bank,1,2200,Pending,2026-06-13,2026-06-13 10:18:00
6829,1433,Divya Menon,Laptop Bag,4,3500,Completed,2026-07-24,2026-07-26 07:44:00
6830,1448,Ajay Reddy,Smart Watch,1,7500,Completed,2026-06-08,2026-06-08 15:12:00
6831,1481,Rohit Verma,Printer,3,12000,Completed,2026-05-08,2026-05-08 18:06:00
6832,1428,Sneha Rao,Tablet,2,30000,Cancelled,2026-07-04,2026-07-05 03:32:00
6833,751,Ajay Reddy,RAM,4,4000,Pending,2026-01-03,2026-01-03 05:25:00
6834,686,Pooja Iyer,Monitor,5,15000,Pending,2026-01-17,2026-01-17 03:34:00
6835,1027,Divya Menon,Tablet,4,30000,Cancelled,2026-01-09,2026-01-09 23:59:00
6836,1454,Rahul Sharma,Webcam,1,5000,Cancelled,2026-08-06,2026-08-08 20:13:00
6837,1058,Ananya Das,Laptop Bag,5,3500,Completed,2026-06-04,2026-06-06 02:05:00
6838,1460,Divya Menon,Printer,4,12000,Pending,2026-05-22,2026-05-22 01:50:00
6839,1360,Meera Nair,Smart Watch,3,7500,Completed,2026-06-06,2026-06-08 08:43:00
6840,1356,Meera Nair,Printer,2,12000,Completed,2026-07-18,2026-07-19 00:11:00
6841,600,Divya Menon,Printer,3,12000,Completed,2026-04-06,2026-04-08 06:08:00
6842,820,Pooja Iyer,SSD,3,8000,Cancelled,2026-06-11,2026-06-11 12:10:00
6843,890,Divya Menon,Printer,2,12000,Completed,2026-06-14,2026-06-15 06:43:00
6844,749,Pooja Iyer,USB Hub,4,1800,Completed,2026-04-24,2026-04-24 19:10:00
6845,1343,Rahul Sharma,Laptop,5,65000,Completed,2026-02-08,2026-02-09 15:37:00
6846,1437,Rahul Sharma,Mouse,3,1200,Completed,2026-02-25,2026-02-27 22:47:00
6847,812,Arjun Kumar,Laptop,1,65000,Completed,2026-03-22,2026-03-24 20:45:00
6848,1038,Vikram Singh,SSD,4,8000,Completed,2026-04-15,2026-04-16 13:20:00
6849,1385,Sneha Rao,USB Hub,1,1800,Completed,2026-03-24,2026-03-25 19:28:00
6850,900,Pooja Iyer,Keyboard,1,2500,Completed,2026-02-14,2026-02-14 10:03:00
6851,1270,Arjun Kumar,Mobile Phone,2,25000,Pending,2026-09-08,2026-09-08 20:18:00
6852,1182,Pooja Iyer,Mouse,3,1200,Cancelled,2026-05-01,2026-05-01 07:56:00
6853,752,Divya Menon,Laptop Bag,2,3500,Completed,2026-02-21,2026-02-23 10:01:00
6854,1243,Manoj Rao,Power Bank,3,2200,Pending,2026-06-17,2026-06-19 22:39:00
6855,1365,Rahul Sharma,Headphones,4,4500,Completed,2026-07-19,2026-07-20 04:48:00
6856,1469,Rohit Verma,Monitor,4,15000,Completed,2026-04-27,2026-04-27 19:43:00
6857,875,Ajay Reddy,SSD,4,8000,Cancelled,2026-05-22,2026-05-22 01:19:00
6858,919,Rohit Verma,RAM,2,4000,Completed,2026-02-18,2026-02-18 05:02:00
6859,1198,Sneha Rao,Laptop,5,65000,Completed,2026-07-08,2026-07-08 17:33:00
6860,1286,Sneha Rao,RAM,2,4000,Completed,2026-02-20,2026-02-21 22:04:00
6861,740,Suresh Kumar,Keyboard,3,2500,Pending,2026-07-04,2026-07-05 08:13:00
6862,728,Suresh Kumar,Mouse,4,1200,Completed,2026-07-28,2026-07-28 14:01:00
6863,1467,Meera Nair,Keyboard,4,2500,Pending,2026-07-28,2026-07-29 03:11:00
6864,995,Suresh Kumar,Mobile Phone,3,25000,Pending,2026-06-22,2026-06-24 04:07:00
6865,880,Manoj Rao,SSD,1,8000,Completed,2026-05-23,2026-05-25 00:28:00
6866,1219,Suresh Kumar,Laptop,1,65000,Completed,2026-08-19,2026-08-21 19:50:00
6867,621,Rahul Sharma,Tablet,5,30000,Completed,2026-03-25,2026-03-25 02:31:00
6868,936,Manoj Rao,Mobile Phone,2,25000,Completed,2026-07-18,2026-07-18 20:41:00
6869,1445,Ajay Reddy,Headphones,2,4500,Completed,2026-04-01,2026-04-01 02:36:00
6870,1304,Priya Reddy,USB Hub,1,1800,Completed,2026-02-13,2026-02-14 07:32:00
6871,679,Meera Nair,Webcam,4,5000,Completed,2026-01-30,2026-01-30 02:13:00
6872,1118,Meera Nair,RAM,3,4000,Completed,2026-05-13,2026-05-13 18:48:00
6873,686,Rahul Sharma,Smart Watch,1,7500,Completed,2026-06-23,2026-06-25 14:56:00
6874,880,Ananya Das,Headphones,5,4500,Pending,2026-08-17,2026-08-19 14:47:00
6875,956,Ananya Das,Smart Watch,3,7500,Completed,2026-07-25,2026-07-27 02:50:00
6876,530,Manoj Rao,Webcam,1,5000,Completed,2026-01-10,2026-01-10 09:53:00
6877,803,Ananya Das,USB Hub,3,1800,Cancelled,2026-05-31,2026-06-01 04:30:00
6878,1068,Manoj Rao,USB Hub,1,1800,Cancelled,2026-03-06,2026-03-07 06:35:00
6879,1092,Ananya Das,SSD,5,8000,Pending,2026-08-07,2026-08-07 02:36:00
6880,895,Priya Reddy,Webcam,3,5000,Completed,2026-06-21,2026-06-23 05:53:00
6881,787,Vikram Singh,Webcam,5,5000,Completed,2026-03-16,2026-03-16 05:48:00
6882,716,Neha Singh,Printer,1,12000,Completed,2026-01-17,2026-01-19 22:17:00
6883,606,Ananya Das,Smart Watch,3,7500,Pending,2026-06-26,2026-06-28 20:18:00
6884,1386,Vikram Singh,Laptop,4,65000,Completed,2026-05-07,2026-05-08 13:57:00
6885,672,Meera Nair,Laptop Bag,4,3500,Completed,2026-07-21,2026-07-22 08:56:00
6886,1010,Manoj Rao,USB Hub,5,1800,Completed,2026-05-06,2026-05-07 18:15:00
6887,848,Vikram Singh,Keyboard,3,2500,Completed,2026-05-08,2026-05-09 14:50:00
6888,825,Priya Reddy,Headphones,1,4500,Cancelled,2026-01-13,2026-01-14 23:41:00
6889,772,Sneha Rao,Smart Watch,2,7500,Completed,2026-02-19,2026-02-20 16:34:00
6890,1288,Ajay Reddy,SSD,5,8000,Completed,2026-02-05,2026-02-05 04:01:00
6891,1442,Suresh Kumar,Monitor,1,15000,Completed,2026-03-08,2026-03-10 04:19:00
6892,811,Neha Singh,Laptop,3,65000,Completed,2026-03-18,2026-03-18 07:36:00
6893,717,Arjun Kumar,Printer,2,12000,Pending,2026-06-13,2026-06-13 14:48:00
6894,1146,Rahul Sharma,Monitor,4,15000,Completed,2026-05-12,2026-05-12 20:47:00
6895,816,Vikram Singh,Laptop Bag,2,3500,Cancelled,2026-02-14,2026-02-14 20:38:00
6896,1338,Kiran Patel,Keyboard,5,2500,Completed,2026-02-22,2026-02-24 18:55:00
6897,554,Meera Nair,USB Hub,5,1800,Completed,2026-01-18,2026-01-18 05:43:00
6898,729,Ajay Reddy,RAM,2,4000,Completed,2026-01-08,2026-01-10 08:56:00
6899,1142,Meera Nair,Headphones,2,4500,Completed,2026-06-09,2026-06-10 23:34:00
6900,1348,Ananya Das,Laptop,4,65000,Completed,2026-06-25,2026-06-27 11:24:00
6901,1072,Neha Singh,USB Hub,4,1800,Pending,2026-02-15,2026-02-17 05:45:00
6902,842,Pooja Iyer,Laptop,4,65000,Completed,2026-05-13,2026-05-15 11:35:00
6903,1041,Ananya Das,Headphones,2,4500,Pending,2026-07-18,2026-07-19 20:07:00
6904,1098,Pooja Iyer,Mobile Phone,3,25000,Completed,2026-03-14,2026-03-16 13:48:00
6905,1269,Meera Nair,Webcam,3,5000,Completed,2026-03-22,2026-03-22 05:21:00
6906,1036,Suresh Kumar,Smart Watch,4,7500,Completed,2026-06-05,2026-06-07 10:10:00
6907,1470,Arjun Kumar,Monitor,3,15000,Completed,2026-07-28,2026-07-30 01:17:00
6908,553,Manoj Rao,SSD,2,8000,Completed,2026-08-10,2026-08-10 09:45:00
6909,849,Ajay Reddy,Mobile Phone,5,25000,Completed,2026-02-01,2026-02-02 17:54:00
6910,695,Manoj Rao,Mouse,3,1200,Completed,2026-04-07,2026-04-09 03:00:00
6911,1283,Priya Reddy,RAM,2,4000,Pending,2026-08-21,2026-08-23 12:37:00
6912,1136,Suresh Kumar,Keyboard,1,2500,Completed,2026-04-08,2026-04-10 12:05:00
6913,867,Sneha Rao,Mouse,2,1200,Completed,2026-04-07,2026-04-08 02:38:00
6914,1271,Meera Nair,Headphones,4,4500,Completed,2026-03-10,2026-03-12 07:47:00
6915,1038,Sneha Rao,Power Bank,5,2200,Pending,2026-06-25,2026-06-26 03:47:00
6916,1194,Ajay Reddy,Webcam,5,5000,Completed,2026-08-13,2026-08-13 10:30:00
6917,1221,Priya Reddy,Tablet,2,30000,Completed,2026-07-09,2026-07-10 02:56:00
6918,1099,Ajay Reddy,Headphones,4,4500,Pending,2026-01-27,2026-01-28 12:48:00
6919,1481,Ajay Reddy,Headphones,5,4500,Completed,2026-01-03,2026-01-04 22:14:00
6920,572,Suresh Kumar,Tablet,1,30000,Completed,2026-02-24,2026-02-24 04:00:00
6921,804,Kiran Patel,Smart Watch,4,7500,Completed,2026-09-05,2026-09-06 19:09:00
6922,793,Manoj Rao,Webcam,4,5000,Cancelled,2026-01-24,2026-01-24 19:39:00
6923,576,Rahul Sharma,USB Hub,3,1800,Completed,2026-05-23,2026-05-23 07:41:00
6924,1290,Arjun Kumar,Mobile Phone,4,25000,Completed,2026-02-24,2026-02-25 16:12:00
6925,1175,Arjun Kumar,SSD,5,8000,Completed,2026-06-17,2026-06-17 12:46:00
6926,1041,Vikram Singh,Tablet,1,30000,Completed,2026-06-07,2026-06-09 14:27:00
6927,725,Sneha Rao,Keyboard,5,2500,Completed,2026-04-29,2026-04-29 08:31:00
6928,564,Divya Menon,Headphones,1,4500,Completed,2026-04-18,2026-04-20 12:09:00
6929,837,Arjun Kumar,Monitor,3,15000,Completed,2026-01-01,2026-01-02 10:08:00
6930,978,Sneha Rao,Laptop,3,65000,Completed,2026-09-08,2026-09-08 07:23:00
6931,926,Pooja Iyer,SSD,5,8000,Completed,2026-06-23,2026-06-23 12:04:00
6932,1442,Ajay Reddy,USB Hub,5,1800,Completed,2026-03-31,2026-04-02 21:14:00
6933,1229,Vikram Singh,Tablet,1,30000,Completed,2026-03-08,2026-03-09 03:52:00
6934,1060,Rahul Sharma,Printer,4,12000,Completed,2026-01-04,2026-01-05 12:35:00
6935,1481,Sneha Rao,Mouse,4,1200,Completed,2026-07-18,2026-07-19 10:47:00
6936,1160,Ananya Das,Monitor,4,15000,Completed,2026-07-26,2026-07-28 02:18:00
6937,884,Kiran Patel,Keyboard,5,2500,Pending,2026-06-19,2026-06-19 07:21:00
6938,703,Manoj Rao,Laptop Bag,1,3500,Pending,2026-07-05,2026-07-05 01:50:00
6939,975,Vikram Singh,RAM,1,4000,Completed,2026-06-28,2026-06-28 02:26:00
6940,1118,Rohit Verma,RAM,3,4000,Completed,2026-04-28,2026-04-30 21:13:00
6941,1066,Meera Nair,Mobile Phone,4,25000,Completed,2026-06-23,2026-06-23 22:22:00
6942,956,Divya Menon,RAM,2,4000,Pending,2026-01-13,2026-01-15 09:30:00
6943,940,Neha Singh,SSD,2,8000,Completed,2026-05-20,2026-05-21 01:23:00
6944,590,Rahul Sharma,Printer,1,12000,Completed,2026-06-09,2026-06-11 07:06:00
6945,641,Meera Nair,USB Hub,2,1800,Pending,2026-01-18,2026-01-18 06:49:00
6946,678,Kiran Patel,Laptop Bag,3,3500,Cancelled,2026-08-24,2026-08-25 09:29:00
6947,1271,Ananya Das,SSD,5,8000,Completed,2026-08-02,2026-08-03 16:56:00
6948,559,Manoj Rao,Power Bank,4,2200,Completed,2026-05-24,2026-05-25 21:17:00
6949,550,Arjun Kumar,Mouse,2,1200,Completed,2026-07-26,2026-07-28 00:22:00
6950,1111,Divya Menon,Laptop,3,65000,Completed,2026-01-02,2026-01-03 16:12:00
6951,655,Neha Singh,Laptop,1,65000,Completed,2026-04-17,2026-04-18 02:36:00
6952,1409,Meera Nair,Smart Watch,3,7500,Completed,2026-08-28,2026-08-30 07:04:00
6953,1229,Suresh Kumar,Smart Watch,2,7500,Pending,2026-08-19,2026-08-19 19:25:00
6954,1373,Suresh Kumar,RAM,4,4000,Completed,2026-03-10,2026-03-10 07:39:00
6955,1030,Rahul Sharma,Tablet,3,30000,Cancelled,2026-07-17,2026-07-19 12:25:00
6956,844,Priya Reddy,Webcam,2,5000,Completed,2026-04-24,2026-04-24 04:16:00
6957,1186,Divya Menon,Printer,1,12000,Cancelled,2026-05-21,2026-05-22 03:30:00
6958,824,Meera Nair,Keyboard,4,2500,Completed,2026-04-19,2026-04-21 23:50:00
6959,1384,Pooja Iyer,Monitor,2,15000,Pending,2026-03-23,2026-03-24 05:54:00
6960,1354,Vikram Singh,Keyboard,1,2500,Completed,2026-01-01,2026-01-02 13:21:00
6961,912,Rahul Sharma,Mouse,3,1200,Pending,2026-02-23,2026-02-24 15:05:00
6962,1245,Pooja Iyer,Monitor,3,15000,Completed,2026-02-18,2026-02-18 18:53:00
6963,752,Ajay Reddy,Tablet,2,30000,Completed,2026-01-26,2026-01-26 14:09:00
6964,858,Pooja Iyer,Laptop,1,65000,Completed,2026-06-10,2026-06-12 03:40:00
6965,881,Vikram Singh,RAM,1,4000,Completed,2026-08-16,2026-08-16 09:04:00
6966,827,Divya Menon,SSD,2,8000,Completed,2026-05-13,2026-05-14 20:11:00
6967,818,Ananya Das,USB Hub,2,1800,Completed,2026-05-30,2026-06-01 15:55:00
6968,705,Rohit Verma,Power Bank,3,2200,Cancelled,2026-07-31,2026-08-02 17:52:00
6969,839,Ajay Reddy,Mobile Phone,5,25000,Cancelled,2026-02-11,2026-02-12 02:33:00
6970,553,Vikram Singh,Monitor,5,15000,Pending,2026-02-08,2026-02-09 12:09:00
6971,1446,Arjun Kumar,Laptop Bag,4,3500,Completed,2026-07-16,2026-07-16 12:13:00
6972,1106,Divya Menon,Smart Watch,5,7500,Cancelled,2026-06-05,2026-06-05 04:41:00
6973,1433,Ananya Das,Webcam,2,5000,Completed,2026-06-23,2026-06-25 18:17:00
6974,1169,Arjun Kumar,Printer,1,12000,Completed,2026-06-12,2026-06-13 18:28:00
6975,1040,Ajay Reddy,Printer,2,12000,Pending,2026-05-24,2026-05-25 16:52:00
6976,1472,Priya Reddy,SSD,2,8000,Pending,2026-05-19,2026-05-20 16:18:00
6977,1131,Sneha Rao,Keyboard,4,2500,Pending,2026-03-22,2026-03-23 13:11:00
6978,1380,Ajay Reddy,Laptop,5,65000,Pending,2026-01-05,2026-01-06 03:24:00
6979,898,Pooja Iyer,Laptop Bag,3,3500,Pending,2026-07-22,2026-07-24 12:21:00
6980,935,Ajay Reddy,Keyboard,5,2500,Pending,2026-05-11,2026-05-11 04:26:00
6981,658,Arjun Kumar,SSD,5,8000,Pending,2026-05-29,2026-05-30 01:36:00
6982,1336,Vikram Singh,Mobile Phone,5,25000,Completed,2026-05-11,2026-05-13 23:54:00
6983,1193,Neha Singh,Power Bank,5,2200,Completed,2026-05-10,2026-05-11 21:42:00
6984,515,Ananya Das,Tablet,3,30000,Cancelled,2026-01-07,2026-01-08 18:51:00
6985,1433,Rahul Sharma,Keyboard,2,2500,Completed,2026-01-02,2026-01-04 02:57:00
6986,1396,Rahul Sharma,Laptop,4,65000,Completed,2026-07-05,2026-07-05 07:44:00
6987,593,Ananya Das,RAM,4,4000,Pending,2026-05-01,2026-05-02 07:25:00
6988,1391,Suresh Kumar,Laptop Bag,5,3500,Pending,2026-06-13,2026-06-13 04:51:00
6989,592,Rahul Sharma,Mouse,2,1200,Completed,2026-08-04,2026-08-04 03:28:00
6990,945,Arjun Kumar,Monitor,5,15000,Cancelled,2026-05-08,2026-05-09 12:31:00
6991,1365,Kiran Patel,Printer,1,12000,Completed,2026-05-21,2026-05-21 09:49:00
6992,764,Kiran Patel,Monitor,4,15000,Cancelled,2026-01-28,2026-01-30 12:23:00
6993,658,Ajay Reddy,SSD,4,8000,Cancelled,2026-03-06,2026-03-08 17:52:00
6994,1028,Meera Nair,Webcam,3,5000,Completed,2026-08-31,2026-09-02 22:10:00
6995,1147,Suresh Kumar,Keyboard,5,2500,Pending,2026-05-24,2026-05-26 13:08:00
6996,649,Ananya Das,Laptop Bag,1,3500,Completed,2026-02-10,2026-02-10 15:45:00
6997,1117,Divya Menon,Smart Watch,5,7500,Cancelled,2026-08-04,2026-08-04 02:20:00
6998,828,Pooja Iyer,Mouse,4,1200,Completed,2026-03-13,2026-03-15 20:31:00
6999,951,Priya Reddy,Headphones,2,4500,Completed,2026-05-21,2026-05-23 02:22:00
7000,993,Kiran Patel,RAM,4,4000,Completed,2026-04-16,2026-04-16 01:20:00
7001,1443,Ajay Reddy,Tablet,4,30000,Cancelled,2026-03-25,2026-03-27 09:40:00
7002,1077,Ajay Reddy,Mouse,1,1200,Completed,2026-02-21,2026-02-22 22:10:00
7003,1053,Suresh Kumar,RAM,4,4000,Completed,2026-02-12,2026-02-14 09:10:00
7004,843,Meera Nair,Smart Watch,3,7500,Pending,2026-08-03,2026-08-04 12:42:00
7005,1194,Suresh Kumar,Keyboard,1,2500,Pending,2026-06-13,2026-06-13 18:21:00
7006,642,Rohit Verma,Mouse,1,1200,Cancelled,2026-09-04,2026-09-06 13:44:00
7007,1083,Arjun Kumar,Mouse,3,1200,Pending,2026-02-07,2026-02-07 21:37:00
7008,565,Vikram Singh,RAM,3,4000,Completed,2026-03-19,2026-03-19 03:31:00
7009,742,Arjun Kumar,Monitor,3,15000,Pending,2026-08-23,2026-08-25 18:36:00
7010,510,Ajay Reddy,Mobile Phone,4,25000,Completed,2026-01-26,2026-01-27 22:48:00
7011,1388,Suresh Kumar,Keyboard,1,2500,Cancelled,2026-08-14,2026-08-16 14:28:00
7012,1275,Priya Reddy,Mouse,5,1200,Completed,2026-02-06,2026-02-08 16:44:00
7013,798,Suresh Kumar,Smart Watch,1,7500,Completed,2026-02-16,2026-02-16 13:12:00
7014,1482,Arjun Kumar,Monitor,5,15000,Cancelled,2026-03-23,2026-03-24 08:59:00
7015,737,Ajay Reddy,Headphones,1,4500,Completed,2026-08-24,2026-08-24 06:41:00
7016,1437,Meera Nair,Mouse,2,1200,Completed,2026-05-05,2026-05-07 00:47:00
7017,727,Priya Reddy,Laptop Bag,4,3500,Completed,2026-08-26,2026-08-27 11:37:00
7018,1239,Rahul Sharma,Webcam,1,5000,Completed,2026-06-18,2026-06-18 19:16:00
7019,545,Ananya Das,Laptop Bag,4,3500,Completed,2026-05-02,2026-05-03 13:14:00
7020,969,Manoj Rao,USB Hub,2,1800,Completed,2026-03-27,2026-03-27 19:04:00
7021,995,Rahul Sharma,Laptop Bag,5,3500,Completed,2026-05-18,2026-05-20 06:05:00
7022,917,Neha Singh,Printer,1,12000,Completed,2026-02-26,2026-02-28 21:34:00
7023,817,Ajay Reddy,Monitor,4,15000,Completed,2026-03-22,2026-03-23 15:54:00
7024,603,Rohit Verma,Mouse,2,1200,Completed,2026-09-07,2026-09-08 08:36:00
7025,1035,Pooja Iyer,Laptop Bag,5,3500,Completed,2026-08-13,2026-08-15 14:56:00
7026,1216,Divya Menon,Power Bank,3,2200,Completed,2026-08-08,2026-08-10 15:19:00
7027,1098,Priya Reddy,Webcam,5,5000,Completed,2026-07-19,2026-07-19 07:51:00
7028,1107,Rahul Sharma,Keyboard,4,2500,Completed,2026-03-07,2026-03-07 11:52:00
7029,1372,Priya Reddy,Mobile Phone,2,25000,Pending,2026-08-04,2026-08-04 15:11:00
7030,597,Suresh Kumar,Power Bank,2,2200,Completed,2026-06-06,2026-06-06 05:14:00
7031,1156,Pooja Iyer,Monitor,3,15000,Completed,2026-06-21,2026-06-23 08:11:00
7032,1342,Meera Nair,Tablet,2,30000,Pending,2026-07-04,2026-07-06 16:51:00
7033,840,Ananya Das,SSD,5,8000,Pending,2026-07-18,2026-07-19 05:38:00
7034,584,Neha Singh,Mouse,1,1200,Pending,2026-01-04,2026-01-06 18:24:00
7035,1011,Neha Singh,Smart Watch,2,7500,Cancelled,2026-08-06,2026-08-07 13:04:00
7036,1371,Divya Menon,Mouse,2,1200,Cancelled,2026-08-08,2026-08-08 04:59:00
7037,943,Pooja Iyer,USB Hub,1,1800,Completed,2026-05-25,2026-05-26 21:12:00
7038,1440,Pooja Iyer,Tablet,4,30000,Cancelled,2026-04-19,2026-04-20 14:01:00
7039,1384,Rahul Sharma,Keyboard,4,2500,Completed,2026-06-05,2026-06-07 22:54:00
7040,1099,Ajay Reddy,Printer,2,12000,Pending,2026-03-23,2026-03-25 23:19:00
7041,962,Pooja Iyer,Keyboard,1,2500,Cancelled,2026-04-13,2026-04-13 06:16:00
7042,868,Suresh Kumar,SSD,2,8000,Cancelled,2026-01-11,2026-01-13 04:36:00
7043,586,Ananya Das,SSD,2,8000,Completed,2026-05-13,2026-05-14 20:53:00
7044,634,Suresh Kumar,Webcam,1,5000,Completed,2026-03-30,2026-04-01 08:04:00
7045,530,Sneha Rao,USB Hub,2,1800,Completed,2026-09-01,2026-09-01 03:26:00
7046,1169,Vikram Singh,Power Bank,2,2200,Pending,2026-07-02,2026-07-03 05:48:00
7047,1387,Sneha Rao,Power Bank,2,2200,Pending,2026-04-10,2026-04-11 18:10:00
7048,1415,Vikram Singh,RAM,4,4000,Completed,2026-05-22,2026-05-22 18:20:00
7049,1419,Vikram Singh,Headphones,3,4500,Completed,2026-03-08,2026-03-08 07:44:00
7050,909,Rahul Sharma,Laptop,3,65000,Completed,2026-05-09,2026-05-09 13:36:00
7051,1278,Pooja Iyer,Printer,5,12000,Completed,2026-05-20,2026-05-20 14:40:00
7052,734,Sneha Rao,Mobile Phone,4,25000,Cancelled,2026-06-17,2026-06-18 12:48:00
7053,524,Vikram Singh,Monitor,4,15000,Completed,2026-09-05,2026-09-05 22:30:00
7054,1221,Neha Singh,RAM,2,4000,Cancelled,2026-07-20,2026-07-22 23:09:00
7055,732,Ajay Reddy,Webcam,2,5000,Completed,2026-02-06,2026-02-07 09:18:00
7056,1074,Ajay Reddy,USB Hub,1,1800,Completed,2026-04-09,2026-04-10 13:52:00
7057,865,Meera Nair,Tablet,4,30000,Pending,2026-06-12,2026-06-13 07:14:00
7058,1195,Neha Singh,Mobile Phone,2,25000,Completed,2026-08-29,2026-08-30 17:20:00
7059,1376,Rahul Sharma,Webcam,5,5000,Cancelled,2026-02-05,2026-02-07 20:36:00
7060,870,Suresh Kumar,Headphones,1,4500,Pending,2026-04-13,2026-04-13 15:26:00
7061,754,Rohit Verma,USB Hub,2,1800,Cancelled,2026-08-15,2026-08-17 21:06:00
7062,866,Kiran Patel,Headphones,1,4500,Completed,2026-05-21,2026-05-23 04:01:00
7063,671,Ajay Reddy,Laptop Bag,1,3500,Completed,2026-04-18,2026-04-18 13:08:00
7064,657,Vikram Singh,Webcam,3,5000,Pending,2026-05-19,2026-05-19 03:12:00
7065,955,Rohit Verma,RAM,5,4000,Cancelled,2026-05-03,2026-05-04 16:13:00
7066,504,Suresh Kumar,SSD,1,8000,Completed,2026-07-28,2026-07-30 11:56:00
7067,602,Suresh Kumar,Tablet,5,30000,Completed,2026-04-05,2026-04-05 20:11:00
7068,548,Divya Menon,Keyboard,5,2500,Completed,2026-06-08,2026-06-10 03:10:00
7069,953,Neha Singh,Printer,3,12000,Completed,2026-02-13,2026-02-14 18:59:00
7070,1054,Arjun Kumar,RAM,1,4000,Cancelled,2026-01-09,2026-01-10 07:33:00
7071,1132,Priya Reddy,Smart Watch,2,7500,Cancelled,2026-04-20,2026-04-21 06:14:00
7072,1029,Ajay Reddy,Mouse,5,1200,Completed,2026-04-04,2026-04-05 04:00:00
7073,1065,Rahul Sharma,USB Hub,1,1800,Cancelled,2026-03-25,2026-03-25 20:02:00
7074,813,Priya Reddy,Smart Watch,1,7500,Completed,2026-03-07,2026-03-08 14:05:00
7075,862,Rohit Verma,Headphones,2,4500,Pending,2026-03-04,2026-03-05 23:07:00
7076,831,Divya Menon,Mobile Phone,3,25000,Completed,2026-05-04,2026-05-05 03:20:00
7077,708,Vikram Singh,Keyboard,5,2500,Completed,2026-06-04,2026-06-05 16:16:00
7078,872,Rohit Verma,Webcam,1,5000,Completed,2026-05-12,2026-05-14 01:56:00
7079,1189,Meera Nair,RAM,1,4000,Completed,2026-02-07,2026-02-09 18:21:00
7080,1119,Vikram Singh,Keyboard,2,2500,Cancelled,2026-08-17,2026-08-19 11:14:00
7081,782,Ajay Reddy,Power Bank,5,2200,Completed,2026-08-15,2026-08-17 02:12:00
7082,1179,Suresh Kumar,Webcam,2,5000,Completed,2026-02-10,2026-02-12 04:05:00
7083,728,Sneha Rao,Laptop Bag,2,3500,Completed,2026-06-14,2026-06-14 21:12:00
7084,810,Priya Reddy,SSD,2,8000,Completed,2026-08-07,2026-08-09 18:28:00
7085,1188,Ajay Reddy,USB Hub,5,1800,Completed,2026-08-03,2026-08-04 10:10:00
7086,1056,Ajay Reddy,Keyboard,5,2500,Pending,2026-03-29,2026-03-30 10:41:00
7087,702,Priya Reddy,Smart Watch,4,7500,Pending,2026-08-31,2026-08-31 16:22:00
7088,1042,Kiran Patel,SSD,5,8000,Completed,2026-06-07,2026-06-09 19:25:00
7089,1369,Pooja Iyer,Laptop,1,65000,Cancelled,2026-02-05,2026-02-05 12:27:00
7090,520,Suresh Kumar,Power Bank,1,2200,Completed,2026-01-26,2026-01-27 23:03:00
7091,822,Rohit Verma,RAM,1,4000,Cancelled,2026-06-29,2026-06-29 15:05:00
7092,749,Sneha Rao,Laptop,2,65000,Completed,2026-08-01,2026-08-03 20:55:00
7093,904,Ajay Reddy,Webcam,3,5000,Completed,2026-05-27,2026-05-27 23:05:00
7094,1212,Rahul Sharma,Mouse,4,1200,Completed,2026-01-01,2026-01-02 00:51:00
7095,529,Divya Menon,Laptop,4,65000,Completed,2026-03-20,2026-03-21 21:49:00
7096,658,Ajay Reddy,Mobile Phone,4,25000,Completed,2026-04-27,2026-04-28 04:58:00
7097,1238,Rahul Sharma,Mobile Phone,3,25000,Completed,2026-02-05,2026-02-07 09:22:00
7098,857,Arjun Kumar,RAM,5,4000,Pending,2026-08-01,2026-08-03 21:53:00
7099,1151,Priya Reddy,Webcam,2,5000,Completed,2026-03-16,2026-03-17 00:44:00
7100,1462,Vikram Singh,SSD,1,8000,Cancelled,2026-04-19,2026-04-21 12:05:00
7101,859,Kiran Patel,Keyboard,4,2500,Completed,2026-02-25,2026-02-25 02:01:00
7102,660,Pooja Iyer,Printer,5,12000,Completed,2026-01-02,2026-01-02 18:00:00
7103,1443,Vikram Singh,Laptop,4,65000,Completed,2026-04-03,2026-04-04 10:15:00
7104,832,Arjun Kumar,Headphones,3,4500,Completed,2026-06-23,2026-06-23 14:33:00
7105,877,Meera Nair,Printer,1,12000,Completed,2026-09-03,2026-09-05 01:18:00
7106,1045,Suresh Kumar,Monitor,4,15000,Completed,2026-04-09,2026-04-09 09:43:00
7107,1185,Kiran Patel,Laptop,3,65000,Pending,2026-01-11,2026-01-12 16:40:00
7108,785,Vikram Singh,SSD,5,8000,Completed,2026-04-01,2026-04-03 02:31:00
7109,913,Neha Singh,SSD,3,8000,Completed,2026-01-23,2026-01-25 07:07:00
7110,893,Vikram Singh,USB Hub,2,1800,Completed,2026-01-31,2026-02-02 09:57:00
7111,705,Rahul Sharma,Headphones,5,4500,Pending,2026-01-22,2026-01-22 21:30:00
7112,666,Pooja Iyer,SSD,2,8000,Cancelled,2026-05-19,2026-05-20 20:10:00
7113,1032,Vikram Singh,Monitor,4,15000,Completed,2026-06-27,2026-06-29 15:21:00
7114,942,Ananya Das,SSD,5,8000,Completed,2026-06-18,2026-06-19 10:55:00
7115,714,Divya Menon,Headphones,3,4500,Pending,2026-02-16,2026-02-18 14:06:00
7116,705,Pooja Iyer,Laptop Bag,5,3500,Completed,2026-02-01,2026-02-03 19:40:00
7117,1154,Meera Nair,Power Bank,3,2200,Completed,2026-02-06,2026-02-08 09:32:00
7118,1149,Suresh Kumar,Laptop Bag,1,3500,Completed,2026-02-02,2026-02-04 15:46:00
7119,723,Manoj Rao,SSD,5,8000,Completed,2026-07-07,2026-07-07 07:54:00
7120,551,Vikram Singh,Printer,3,12000,Pending,2026-08-24,2026-08-26 11:12:00
7121,1477,Arjun Kumar,Laptop Bag,2,3500,Completed,2026-05-09,2026-05-11 14:26:00
7122,1396,Sneha Rao,Headphones,2,4500,Completed,2026-06-20,2026-06-21 07:20:00
7123,1118,Manoj Rao,Mobile Phone,1,25000,Completed,2026-04-02,2026-04-04 16:30:00
7124,509,Priya Reddy,Power Bank,5,2200,Completed,2026-01-05,2026-01-06 17:59:00
7125,822,Rohit Verma,Laptop,4,65000,Cancelled,2026-02-11,2026-02-12 07:19:00
7126,1130,Ananya Das,Printer,2,12000,Pending,2026-06-01,2026-06-02 20:57:00
7127,507,Rohit Verma,Monitor,5,15000,Completed,2026-04-14,2026-04-16 01:17:00
7128,1271,Rohit Verma,Power Bank,4,2200,Completed,2026-05-13,2026-05-13 23:17:00
7129,1448,Priya Reddy,Headphones,2,4500,Pending,2026-01-16,2026-01-17 14:22:00
7130,819,Neha Singh,Laptop,4,65000,Completed,2026-04-02,2026-04-03 23:44:00
7131,711,Divya Menon,Monitor,1,15000,Completed,2026-04-07,2026-04-08 08:21:00
7132,946,Rohit Verma,Smart Watch,4,7500,Pending,2026-09-03,2026-09-03 11:01:00
7133,554,Priya Reddy,Laptop,4,65000,Completed,2026-04-13,2026-04-13 01:16:00
7134,743,Kiran Patel,USB Hub,3,1800,Completed,2026-03-06,2026-03-06 02:35:00
7135,1363,Suresh Kumar,SSD,2,8000,Completed,2026-06-14,2026-06-15 06:26:00
7136,575,Manoj Rao,Monitor,5,15000,Pending,2026-02-22,2026-02-22 20:45:00
7137,1087,Pooja Iyer,Headphones,1,4500,Completed,2026-06-17,2026-06-18 08:46:00
7138,1303,Arjun Kumar,Laptop,5,65000,Cancelled,2026-02-14,2026-02-15 07:30:00
7139,1122,Vikram Singh,Headphones,5,4500,Completed,2026-06-23,2026-06-25 18:07:00
7140,1454,Pooja Iyer,RAM,4,4000,Pending,2026-05-18,2026-05-19 14:49:00
7141,1259,Neha Singh,USB Hub,5,1800,Completed,2026-06-22,2026-06-22 18:44:00
7142,1008,Kiran Patel,Mobile Phone,2,25000,Pending,2026-04-30,2026-05-01 06:59:00
7143,669,Pooja Iyer,Laptop Bag,5,3500,Completed,2026-05-29,2026-05-30 23:32:00
7144,1498,Neha Singh,Laptop Bag,5,3500,Completed,2026-02-03,2026-02-03 14:18:00
7145,1344,Neha Singh,Mouse,2,1200,Completed,2026-07-18,2026-07-19 19:09:00
7146,1193,Ananya Das,Tablet,4,30000,Completed,2026-08-24,2026-08-26 05:23:00
7147,558,Pooja Iyer,Headphones,5,4500,Pending,2026-04-17,2026-04-18 06:27:00
7148,613,Pooja Iyer,Tablet,5,30000,Completed,2026-07-16,2026-07-16 09:47:00
7149,945,Kiran Patel,Mobile Phone,1,25000,Pending,2026-02-14,2026-02-14 18:00:00
7150,564,Meera Nair,SSD,3,8000,Completed,2026-02-20,2026-02-22 19:04:00
7151,1288,Vikram Singh,Mouse,2,1200,Completed,2026-01-10,2026-01-12 21:40:00
7152,1024,Rahul Sharma,Laptop Bag,4,3500,Completed,2026-08-30,2026-08-30 09:54:00
7153,676,Sneha Rao,Mouse,3,1200,Completed,2026-07-24,2026-07-25 16:04:00
7154,970,Rohit Verma,RAM,4,4000,Completed,2026-03-11,2026-03-13 06:29:00
7155,1049,Ajay Reddy,Laptop Bag,5,3500,Completed,2026-02-16,2026-02-16 23:33:00
7156,628,Arjun Kumar,Power Bank,5,2200,Completed,2026-05-29,2026-05-31 01:40:00
7157,705,Arjun Kumar,Mobile Phone,1,25000,Completed,2026-02-15,2026-02-18 00:43:00
7158,1100,Ananya Das,Laptop,3,65000,Completed,2026-05-23,2026-05-24 08:46:00
7159,725,Ananya Das,RAM,2,4000,Completed,2026-03-09,2026-03-09 06:22:00
7160,812,Kiran Patel,Keyboard,2,2500,Completed,2026-02-22,2026-02-23 08:24:00
7161,615,Vikram Singh,Keyboard,4,2500,Completed,2026-05-07,2026-05-07 09:35:00
7162,672,Rohit Verma,Tablet,3,30000,Pending,2026-08-20,2026-08-21 11:22:00
7163,632,Priya Reddy,Power Bank,2,2200,Pending,2026-07-29,2026-07-29 01:20:00
7164,1274,Manoj Rao,Tablet,2,30000,Completed,2026-02-17,2026-02-18 06:04:00
7165,580,Ajay Reddy,Mobile Phone,3,25000,Completed,2026-04-20,2026-04-20 21:30:00
7166,1237,Divya Menon,Monitor,3,15000,Pending,2026-05-09,2026-05-11 05:46:00
7167,944,Arjun Kumar,Webcam,1,5000,Completed,2026-02-04,2026-02-05 16:03:00
7168,706,Arjun Kumar,Laptop Bag,2,3500,Completed,2026-02-22,2026-02-23 02:14:00
7169,575,Manoj Rao,Laptop,1,65000,Completed,2026-07-11,2026-07-13 16:03:00
7170,829,Kiran Patel,Headphones,4,4500,Completed,2026-07-29,2026-07-29 15:20:00
7171,813,Vikram Singh,Laptop,1,65000,Completed,2026-08-19,2026-08-19 19:04:00
7172,773,Divya Menon,Tablet,3,30000,Pending,2026-08-10,2026-08-11 00:28:00
7173,1447,Ananya Das,Webcam,4,5000,Cancelled,2026-08-18,2026-08-19 05:20:00
7174,605,Rahul Sharma,Printer,4,12000,Completed,2026-03-11,2026-03-11 10:02:00
7175,1263,Ananya Das,RAM,2,4000,Completed,2026-01-06,2026-01-08 14:42:00
7176,1088,Arjun Kumar,Tablet,1,30000,Pending,2026-01-16,2026-01-18 04:51:00
7177,842,Divya Menon,SSD,4,8000,Completed,2026-08-24,2026-08-26 14:11:00
7178,959,Suresh Kumar,Laptop,2,65000,Completed,2026-03-14,2026-03-16 07:30:00
7179,1408,Meera Nair,Webcam,1,5000,Completed,2026-08-19,2026-08-21 16:44:00
7180,1147,Arjun Kumar,Smart Watch,3,7500,Completed,2026-08-24,2026-08-26 22:34:00
7181,1387,Rohit Verma,Printer,4,12000,Completed,2026-09-07,2026-09-08 22:14:00
7182,1084,Vikram Singh,Headphones,4,4500,Cancelled,2026-04-19,2026-04-20 14:37:00
7183,1462,Pooja Iyer,SSD,3,8000,Completed,2026-05-27,2026-05-29 05:52:00
7184,920,Pooja Iyer,Laptop,4,65000,Completed,2026-03-30,2026-04-01 13:05:00
7185,1394,Pooja Iyer,Mobile Phone,2,25000,Completed,2026-01-28,2026-01-28 09:17:00
7186,526,Suresh Kumar,SSD,3,8000,Pending,2026-01-06,2026-01-06 06:36:00
7187,778,Ajay Reddy,Laptop Bag,3,3500,Completed,2026-06-17,2026-06-19 07:12:00
7188,1066,Priya Reddy,Laptop Bag,3,3500,Completed,2026-06-07,2026-06-08 12:20:00
7189,1244,Arjun Kumar,RAM,1,4000,Completed,2026-07-26,2026-07-26 08:28:00
7190,1455,Neha Singh,Webcam,1,5000,Completed,2026-02-09,2026-02-10 04:50:00
7191,796,Ajay Reddy,Laptop,3,65000,Cancelled,2026-08-14,2026-08-15 19:01:00
7192,644,Kiran Patel,Monitor,5,15000,Completed,2026-03-28,2026-03-29 22:13:00
7193,517,Rohit Verma,USB Hub,1,1800,Pending,2026-06-09,2026-06-11 06:12:00
7194,1449,Sneha Rao,Tablet,5,30000,Completed,2026-09-02,2026-09-03 15:57:00
7195,1329,Ananya Das,Mobile Phone,1,25000,Cancelled,2026-07-14,2026-07-14 03:47:00
7196,890,Sneha Rao,Laptop,4,65000,Completed,2026-08-06,2026-08-08 05:49:00
7197,1007,Rohit Verma,Printer,4,12000,Completed,2026-07-24,2026-07-26 12:46:00
7198,786,Meera Nair,Laptop,3,65000,Completed,2026-02-07,2026-02-09 04:28:00
7199,513,Manoj Rao,Keyboard,2,2500,Completed,2026-09-06,2026-09-06 04:37:00
7200,927,Neha Singh,USB Hub,3,1800,Completed,2026-07-18,2026-07-19 15:58:00
7201,549,Vikram Singh,Mobile Phone,2,25000,Cancelled,2026-02-05,2026-02-05 08:16:00
7202,762,Manoj Rao,Monitor,2,15000,Cancelled,2026-03-01,2026-03-03 09:40:00
7203,667,Manoj Rao,Tablet,1,30000,Completed,2026-02-02,2026-02-04 13:18:00
7204,616,Manoj Rao,Power Bank,2,2200,Completed,2026-04-27,2026-04-27 07:43:00
7205,1295,Arjun Kumar,RAM,1,4000,Completed,2026-04-26,2026-04-26 23:55:00
7206,961,Sneha Rao,Laptop Bag,5,3500,Completed,2026-04-14,2026-04-16 12:19:00
7207,1367,Meera Nair,Printer,3,12000,Pending,2026-01-03,2026-01-03 17:42:00
7208,1115,Meera Nair,Mouse,4,1200,Pending,2026-08-24,2026-08-25 16:18:00
7209,641,Pooja Iyer,SSD,1,8000,Completed,2026-06-06,2026-06-07 07:13:00
7210,508,Suresh Kumar,RAM,4,4000,Completed,2026-01-08,2026-01-10 12:31:00
7211,1454,Arjun Kumar,Printer,2,12000,Completed,2026-06-21,2026-06-23 20:41:00
7212,750,Meera Nair,Laptop,4,65000,Cancelled,2026-06-25,2026-06-27 03:07:00
7213,617,Ananya Das,Keyboard,2,2500,Cancelled,2026-01-03,2026-01-04 14:30:00
7214,1005,Kiran Patel,Headphones,1,4500,Completed,2026-03-31,2026-04-01 19:49:00
7215,1097,Divya Menon,Keyboard,4,2500,Completed,2026-08-21,2026-08-22 08:03:00
7216,600,Sneha Rao,Keyboard,4,2500,Completed,2026-09-04,2026-09-05 23:11:00
7217,1035,Rahul Sharma,Mobile Phone,2,25000,Completed,2026-01-29,2026-01-30 04:46:00
7218,1107,Pooja Iyer,RAM,3,4000,Completed,2026-01-04,2026-01-06 05:20:00
7219,931,Meera Nair,Mobile Phone,5,25000,Completed,2026-08-05,2026-08-07 22:41:00
7220,1271,Rahul Sharma,Smart Watch,4,7500,Completed,2026-04-27,2026-04-27 11:49:00
7221,1447,Ananya Das,Laptop,3,65000,Pending,2026-08-31,2026-09-01 15:06:00
7222,826,Kiran Patel,Power Bank,5,2200,Cancelled,2026-01-17,2026-01-18 00:55:00
7223,853,Rohit Verma,Keyboard,2,2500,Pending,2026-05-19,2026-05-19 13:10:00
7224,1441,Neha Singh,Webcam,3,5000,Pending,2026-06-21,2026-06-23 14:58:00
7225,1348,Rohit Verma,RAM,5,4000,Completed,2026-09-07,2026-09-07 07:07:00
7226,1319,Rahul Sharma,Tablet,5,30000,Pending,2026-07-22,2026-07-22 11:10:00
7227,1141,Vikram Singh,Monitor,1,15000,Cancelled,2026-05-21,2026-05-23 16:01:00
7228,1207,Rahul Sharma,Mouse,2,1200,Completed,2026-05-26,2026-05-27 06:34:00
7229,575,Divya Menon,Mouse,1,1200,Pending,2026-06-17,2026-06-17 14:09:00
7230,1145,Pooja Iyer,Tablet,2,30000,Pending,2026-02-22,2026-02-22 20:32:00
7231,1096,Manoj Rao,Webcam,4,5000,Cancelled,2026-03-14,2026-03-14 15:40:00
7232,666,Sneha Rao,Monitor,1,15000,Completed,2026-01-26,2026-01-27 06:56:00
7233,800,Sneha Rao,Mobile Phone,4,25000,Completed,2026-06-16,2026-06-18 01:01:00
7234,798,Pooja Iyer,Headphones,5,4500,Completed,2026-07-07,2026-07-09 10:24:00
7235,1472,Pooja Iyer,Smart Watch,2,7500,Completed,2026-04-10,2026-04-11 21:43:00
7236,723,Kiran Patel,Printer,3,12000,Completed,2026-08-08,2026-08-08 15:57:00
7237,550,Ajay Reddy,Mobile Phone,2,25000,Completed,2026-05-13,2026-05-14 10:17:00
7238,515,Sneha Rao,Laptop Bag,1,3500,Completed,2026-06-07,2026-06-09 23:50:00
7239,1214,Suresh Kumar,Headphones,2,4500,Pending,2026-08-16,2026-08-18 17:50:00
7240,595,Rohit Verma,Smart Watch,5,7500,Pending,2026-07-25,2026-07-27 07:05:00
7241,503,Priya Reddy,Mouse,4,1200,Completed,2026-06-28,2026-06-30 04:09:00
7242,1124,Rahul Sharma,Laptop Bag,1,3500,Completed,2026-01-20,2026-01-20 14:50:00
7243,1457,Sneha Rao,Power Bank,2,2200,Pending,2026-07-19,2026-07-20 06:45:00
7244,1059,Neha Singh,Printer,2,12000,Completed,2026-05-15,2026-05-16 11:01:00
7245,643,Ajay Reddy,RAM,5,4000,Pending,2026-06-16,2026-06-16 22:11:00
7246,1455,Rohit Verma,USB Hub,1,1800,Completed,2026-06-15,2026-06-15 04:40:00
7247,873,Neha Singh,Webcam,5,5000,Completed,2026-03-31,2026-03-31 15:27:00
7248,1483,Rohit Verma,Monitor,1,15000,Pending,2026-05-25,2026-05-26 00:51:00
7249,1045,Rahul Sharma,Power Bank,5,2200,Completed,2026-06-22,2026-06-22 03:34:00
7250,1229,Sneha Rao,USB Hub,3,1800,Completed,2026-02-27,2026-03-01 08:53:00
7251,741,Manoj Rao,Monitor,3,15000,Completed,2026-04-18,2026-04-18 16:16:00
7252,831,Manoj Rao,USB Hub,4,1800,Completed,2026-03-16,2026-03-16 01:58:00
7253,902,Sneha Rao,Laptop,5,65000,Pending,2026-01-12,2026-01-12 21:15:00
7254,502,Divya Menon,Mobile Phone,3,25000,Pending,2026-08-12,2026-08-12 16:05:00
7255,1294,Ajay Reddy,Mobile Phone,3,25000,Cancelled,2026-03-31,2026-03-31 12:02:00
7256,946,Arjun Kumar,Laptop,4,65000,Completed,2026-03-17,2026-03-17 20:09:00
7257,525,Arjun Kumar,Mouse,5,1200,Cancelled,2026-08-20,2026-08-21 20:04:00
7258,543,Rahul Sharma,Keyboard,3,2500,Completed,2026-02-01,2026-02-01 11:32:00
7259,1093,Suresh Kumar,Webcam,1,5000,Completed,2026-03-04,2026-03-04 16:59:00
7260,1170,Meera Nair,Keyboard,3,2500,Completed,2026-04-20,2026-04-22 18:00:00
7261,1452,Sneha Rao,Power Bank,4,2200,Cancelled,2026-02-23,2026-02-24 23:32:00
7262,991,Manoj Rao,Power Bank,5,2200,Completed,2026-06-15,2026-06-17 12:36:00
7263,1450,Vikram Singh,Monitor,5,15000,Completed,2026-04-08,2026-04-09 18:25:00
7264,542,Arjun Kumar,USB Hub,3,1800,Completed,2026-02-02,2026-02-03 01:00:00
7265,1334,Suresh Kumar,Laptop Bag,3,3500,Completed,2026-01-17,2026-01-18 12:34:00
7266,959,Kiran Patel,Mouse,1,1200,Completed,2026-08-03,2026-08-05 21:03:00
7267,992,Ananya Das,Printer,5,12000,Completed,2026-09-05,2026-09-05 11:11:00
7268,883,Manoj Rao,Tablet,2,30000,Cancelled,2026-05-15,2026-05-17 00:08:00
7269,1158,Manoj Rao,RAM,4,4000,Pending,2026-06-05,2026-06-06 13:10:00
7270,1084,Divya Menon,SSD,2,8000,Completed,2026-03-30,2026-03-30 03:21:00
7271,869,Divya Menon,Mouse,1,1200,Completed,2026-06-25,2026-06-25 08:09:00
7272,1258,Kiran Patel,Webcam,3,5000,Pending,2026-01-15,2026-01-17 18:08:00
7273,593,Suresh Kumar,Laptop,3,65000,Completed,2026-05-19,2026-05-20 16:47:00
7274,722,Ajay Reddy,Power Bank,3,2200,Completed,2026-08-15,2026-08-17 22:35:00
7275,780,Suresh Kumar,RAM,3,4000,Completed,2026-06-27,2026-06-28 00:57:00
7276,950,Manoj Rao,Tablet,3,30000,Cancelled,2026-02-04,2026-02-04 16:48:00
7277,1025,Priya Reddy,USB Hub,2,1800,Completed,2026-06-09,2026-06-11 23:09:00
7278,787,Meera Nair,Headphones,1,4500,Completed,2026-05-27,2026-05-27 14:12:00
7279,1426,Neha Singh,SSD,5,8000,Completed,2026-04-01,2026-04-01 10:53:00
7280,1290,Ajay Reddy,Power Bank,5,2200,Completed,2026-06-08,2026-06-08 06:02:00
7281,632,Rahul Sharma,Laptop,3,65000,Cancelled,2026-03-24,2026-03-25 08:11:00
7282,844,Suresh Kumar,Mobile Phone,2,25000,Completed,2026-03-10,2026-03-12 03:28:00
7283,1408,Priya Reddy,Laptop,1,65000,Pending,2026-02-10,2026-02-11 10:48:00
7284,1202,Meera Nair,Smart Watch,2,7500,Completed,2026-02-10,2026-02-10 17:11:00
7285,615,Rahul Sharma,Tablet,3,30000,Completed,2026-03-29,2026-03-31 08:49:00
7286,856,Divya Menon,Keyboard,2,2500,Completed,2026-07-16,2026-07-16 02:55:00
7287,1252,Priya Reddy,Laptop Bag,4,3500,Completed,2026-07-19,2026-07-20 21:51:00
7288,1000,Pooja Iyer,Webcam,4,5000,Pending,2026-08-10,2026-08-12 23:08:00
7289,778,Meera Nair,Mobile Phone,4,25000,Completed,2026-02-06,2026-02-06 07:22:00
7290,551,Divya Menon,Webcam,5,5000,Pending,2026-08-02,2026-08-02 07:54:00
7291,685,Rohit Verma,Mouse,2,1200,Completed,2026-06-02,2026-06-02 22:52:00
7292,1422,Rohit Verma,Laptop Bag,1,3500,Completed,2026-04-14,2026-04-14 21:16:00
7293,1455,Suresh Kumar,Printer,2,12000,Pending,2026-08-20,2026-08-22 14:55:00
7294,725,Rohit Verma,Webcam,4,5000,Pending,2026-02-09,2026-02-11 02:20:00
7295,765,Arjun Kumar,SSD,4,8000,Completed,2026-01-15,2026-01-15 05:20:00
7296,863,Divya Menon,Laptop,1,65000,Pending,2026-04-22,2026-04-24 14:47:00
7297,755,Suresh Kumar,Webcam,2,5000,Completed,2026-05-03,2026-05-03 10:13:00
7298,1346,Divya Menon,Printer,5,12000,Completed,2026-06-09,2026-06-10 05:49:00
7299,1053,Rohit Verma,Power Bank,4,2200,Completed,2026-03-04,2026-03-06 09:37:00
7300,1049,Priya Reddy,Monitor,5,15000,Completed,2026-06-11,2026-06-12 22:05:00
7301,978,Pooja Iyer,Webcam,4,5000,Completed,2026-06-29,2026-06-29 07:59:00
7302,683,Priya Reddy,Headphones,2,4500,Completed,2026-05-30,2026-05-31 12:32:00
7303,596,Manoj Rao,SSD,3,8000,Completed,2026-02-12,2026-02-14 06:19:00
7304,1231,Sneha Rao,Mobile Phone,2,25000,Completed,2026-07-25,2026-07-25 15:47:00
7305,849,Priya Reddy,RAM,1,4000,Completed,2026-06-17,2026-06-17 13:35:00
7306,1136,Kiran Patel,Headphones,4,4500,Pending,2026-07-14,2026-07-14 12:51:00
7307,727,Rahul Sharma,USB Hub,4,1800,Completed,2026-04-16,2026-04-19 00:29:00
7308,662,Priya Reddy,Mouse,4,1200,Completed,2026-03-06,2026-03-07 05:59:00
7309,1330,Meera Nair,USB Hub,3,1800,Completed,2026-07-09,2026-07-10 19:51:00
7310,1046,Pooja Iyer,Power Bank,2,2200,Pending,2026-08-05,2026-08-07 00:42:00
7311,1434,Divya Menon,Mobile Phone,3,25000,Completed,2026-03-21,2026-03-22 00:25:00
7312,841,Manoj Rao,USB Hub,2,1800,Completed,2026-03-09,2026-03-11 15:07:00
7313,596,Sneha Rao,SSD,5,8000,Pending,2026-04-05,2026-04-07 15:05:00
7314,1491,Kiran Patel,Laptop,4,65000,Completed,2026-06-03,2026-06-05 13:15:00
7315,1189,Vikram Singh,USB Hub,5,1800,Completed,2026-04-22,2026-04-24 04:15:00
7316,1469,Priya Reddy,Webcam,1,5000,Completed,2026-07-01,2026-07-02 21:50:00
7317,1132,Divya Menon,RAM,2,4000,Cancelled,2026-03-31,2026-04-01 01:09:00
7318,518,Rohit Verma,SSD,4,8000,Pending,2026-01-19,2026-01-21 11:39:00
7319,694,Suresh Kumar,Power Bank,3,2200,Cancelled,2026-06-11,2026-06-13 13:59:00
7320,976,Ananya Das,Laptop,2,65000,Completed,2026-06-16,2026-06-16 07:01:00
7321,1370,Arjun Kumar,Tablet,4,30000,Completed,2026-05-11,2026-05-11 07:43:00
7322,1119,Meera Nair,Laptop,1,65000,Completed,2026-05-22,2026-05-23 21:16:00
7323,1226,Rahul Sharma,RAM,3,4000,Completed,2026-04-17,2026-04-17 18:01:00
7324,1157,Arjun Kumar,Keyboard,4,2500,Completed,2026-04-28,2026-04-29 08:37:00
7325,502,Kiran Patel,Keyboard,4,2500,Completed,2026-07-19,2026-07-19 13:00:00
7326,1249,Arjun Kumar,Power Bank,5,2200,Completed,2026-08-17,2026-08-19 08:51:00
7327,1290,Sneha Rao,Mobile Phone,5,25000,Completed,2026-05-28,2026-05-29 15:46:00
7328,1217,Meera Nair,Power Bank,4,2200,Completed,2026-03-08,2026-03-08 04:53:00
7329,1035,Rahul Sharma,Mobile Phone,5,25000,Cancelled,2026-06-24,2026-06-24 16:00:00
7330,782,Divya Menon,USB Hub,2,1800,Pending,2026-07-04,2026-07-05 16:32:00
7331,1196,Kiran Patel,Laptop,5,65000,Completed,2026-01-24,2026-01-25 11:38:00
7332,1089,Rohit Verma,Printer,5,12000,Completed,2026-03-04,2026-03-05 19:26:00
7333,1144,Neha Singh,Tablet,3,30000,Completed,2026-06-05,2026-06-06 05:11:00
7334,1049,Priya Reddy,Tablet,5,30000,Completed,2026-07-19,2026-07-21 11:55:00
7335,965,Priya Reddy,Smart Watch,2,7500,Pending,2026-02-03,2026-02-03 01:00:00
7336,809,Arjun Kumar,Headphones,5,4500,Pending,2026-04-15,2026-04-15 01:57:00
7337,1393,Ajay Reddy,Laptop Bag,3,3500,Completed,2026-03-18,2026-03-18 11:16:00
7338,1247,Divya Menon,Monitor,1,15000,Completed,2026-09-08,2026-09-09 05:36:00
7339,808,Sneha Rao,Webcam,5,5000,Completed,2026-02-05,2026-02-05 15:49:00
7340,862,Ananya Das,Tablet,5,30000,Completed,2026-05-31,2026-06-02 22:00:00
7341,1048,Rahul Sharma,Smart Watch,1,7500,Completed,2026-05-28,2026-05-28 08:53:00
7342,1212,Meera Nair,Laptop Bag,3,3500,Cancelled,2026-08-09,2026-08-09 14:08:00
7343,1321,Sneha Rao,Laptop Bag,1,3500,Completed,2026-08-11,2026-08-11 15:55:00
7344,1216,Ananya Das,Printer,3,12000,Completed,2026-07-06,2026-07-08 02:49:00
7345,700,Meera Nair,Laptop Bag,5,3500,Completed,2026-02-12,2026-02-14 04:09:00
7346,1046,Rohit Verma,USB Hub,4,1800,Cancelled,2026-07-01,2026-07-01 23:36:00
7347,633,Vikram Singh,Webcam,2,5000,Pending,2026-05-25,2026-05-27 22:16:00
7348,643,Suresh Kumar,Power Bank,1,2200,Completed,2026-01-02,2026-01-03 00:06:00
7349,989,Kiran Patel,SSD,1,8000,Completed,2026-09-03,2026-09-04 10:13:00
7350,769,Divya Menon,Mouse,2,1200,Completed,2026-01-22,2026-01-22 08:53:00
7351,527,Pooja Iyer,Laptop Bag,2,3500,Completed,2026-06-15,2026-06-16 15:01:00
7352,1070,Arjun Kumar,Printer,4,12000,Pending,2026-08-17,2026-08-18 12:53:00
7353,1480,Kiran Patel,Monitor,2,15000,Completed,2026-06-05,2026-06-06 03:41:00
7354,1448,Vikram Singh,Headphones,4,4500,Pending,2026-07-25,2026-07-27 08:32:00
7355,1343,Ananya Das,Mouse,1,1200,Completed,2026-08-31,2026-09-01 20:35:00
7356,1477,Arjun Kumar,Mouse,2,1200,Completed,2026-02-22,2026-02-24 00:41:00
7357,807,Rahul Sharma,Mobile Phone,4,25000,Completed,2026-09-03,2026-09-03 10:48:00
7358,1464,Ajay Reddy,Printer,1,12000,Pending,2026-02-20,2026-02-21 15:00:00
7359,1029,Priya Reddy,SSD,5,8000,Pending,2026-06-14,2026-06-14 06:56:00
7360,988,Priya Reddy,Mobile Phone,3,25000,Completed,2026-06-27,2026-06-28 12:53:00
7361,1388,Pooja Iyer,USB Hub,1,1800,Completed,2026-08-22,2026-08-24 07:39:00
7362,1301,Pooja Iyer,RAM,1,4000,Pending,2026-07-14,2026-07-14 14:32:00
7363,1228,Pooja Iyer,Mouse,1,1200,Pending,2026-04-04,2026-04-04 12:11:00
7364,753,Arjun Kumar,Laptop Bag,3,3500,Completed,2026-03-27,2026-03-28 22:31:00
7365,623,Manoj Rao,Mobile Phone,2,25000,Completed,2026-05-20,2026-05-20 17:45:00
7366,1246,Divya Menon,Tablet,4,30000,Cancelled,2026-04-17,2026-04-19 00:24:00
7367,1467,Neha Singh,USB Hub,1,1800,Completed,2026-08-07,2026-08-07 11:15:00
7368,661,Sneha Rao,Laptop Bag,4,3500,Pending,2026-04-05,2026-04-05 15:12:00
7369,571,Kiran Patel,Headphones,2,4500,Completed,2026-02-26,2026-02-28 04:54:00
7370,1433,Neha Singh,Webcam,4,5000,Completed,2026-07-28,2026-07-28 11:05:00
7371,1133,Ajay Reddy,Smart Watch,3,7500,Completed,2026-04-10,2026-04-12 21:43:00
7372,941,Rahul Sharma,Headphones,5,4500,Completed,2026-01-23,2026-01-23 14:48:00
7373,964,Divya Menon,Keyboard,1,2500,Completed,2026-01-11,2026-01-13 06:43:00
7374,781,Neha Singh,Headphones,3,4500,Completed,2026-08-19,2026-08-20 15:28:00
7375,1438,Sneha Rao,Laptop,1,65000,Completed,2026-02-24,2026-02-25 12:53:00
7376,709,Ananya Das,Monitor,5,15000,Completed,2026-06-16,2026-06-17 19:46:00
7377,1446,Rohit Verma,Headphones,2,4500,Completed,2026-04-04,2026-04-04 06:26:00
7378,1491,Ananya Das,Tablet,5,30000,Completed,2026-05-24,2026-05-24 18:10:00
7379,828,Kiran Patel,Laptop,5,65000,Completed,2026-08-08,2026-08-10 06:35:00
7380,817,Ananya Das,Printer,5,12000,Pending,2026-01-08,2026-01-10 19:30:00
7381,1350,Manoj Rao,Laptop Bag,2,3500,Pending,2026-07-23,2026-07-25 11:50:00
7382,1263,Priya Reddy,Power Bank,3,2200,Pending,2026-04-22,2026-04-24 01:30:00
7383,1134,Sneha Rao,Webcam,4,5000,Completed,2026-02-27,2026-03-01 06:27:00
7384,1064,Sneha Rao,Laptop Bag,4,3500,Pending,2026-06-25,2026-06-25 17:12:00
7385,909,Pooja Iyer,Smart Watch,1,7500,Completed,2026-03-21,2026-03-22 16:17:00
7386,746,Rohit Verma,Tablet,5,30000,Pending,2026-03-21,2026-03-23 17:27:00
7387,1118,Vikram Singh,Tablet,2,30000,Cancelled,2026-03-14,2026-03-15 01:38:00
7388,992,Meera Nair,Tablet,3,30000,Completed,2026-05-06,2026-05-07 11:55:00
7389,543,Ananya Das,Monitor,2,15000,Cancelled,2026-06-12,2026-06-13 08:19:00
7390,1098,Ajay Reddy,USB Hub,1,1800,Pending,2026-07-07,2026-07-07 08:16:00
7391,1000,Priya Reddy,Printer,4,12000,Completed,2026-08-27,2026-08-28 16:09:00
7392,547,Meera Nair,RAM,3,4000,Completed,2026-03-02,2026-03-05 00:08:00
7393,1024,Ajay Reddy,USB Hub,1,1800,Completed,2026-04-20,2026-04-20 15:53:00
7394,585,Arjun Kumar,Webcam,2,5000,Completed,2026-01-28,2026-01-29 20:46:00
7395,943,Sneha Rao,Tablet,1,30000,Completed,2026-03-28,2026-03-28 21:46:00
7396,943,Pooja Iyer,Tablet,3,30000,Completed,2026-01-31,2026-01-31 17:58:00
7397,680,Suresh Kumar,Keyboard,3,2500,Cancelled,2026-03-23,2026-03-23 10:31:00
7398,1010,Ajay Reddy,Laptop,3,65000,Pending,2026-06-16,2026-06-18 11:22:00
7399,688,Sneha Rao,Mobile Phone,1,25000,Completed,2026-08-13,2026-08-13 17:13:00
7400,1181,Vikram Singh,Mouse,4,1200,Pending,2026-07-13,2026-07-14 19:04:00
7401,1287,Ananya Das,Smart Watch,1,7500,Completed,2026-03-04,2026-03-06 14:57:00
7402,999,Neha Singh,Mobile Phone,5,25000,Completed,2026-05-27,2026-05-28 18:54:00
7403,1406,Divya Menon,Keyboard,5,2500,Completed,2026-09-07,2026-09-08 07:10:00
7404,1266,Meera Nair,Printer,2,12000,Pending,2026-07-26,2026-07-26 06:52:00
7405,1450,Arjun Kumar,Mobile Phone,2,25000,Completed,2026-03-01,2026-03-01 14:46:00
7406,879,Vikram Singh,Power Bank,2,2200,Completed,2026-02-14,2026-02-14 12:12:00
7407,812,Suresh Kumar,Smart Watch,2,7500,Completed,2026-01-17,2026-01-18 05:33:00
7408,763,Vikram Singh,Headphones,2,4500,Pending,2026-02-22,2026-02-24 10:39:00
7409,1196,Vikram Singh,Monitor,5,15000,Completed,2026-04-10,2026-04-10 15:12:00
7410,695,Meera Nair,Laptop Bag,5,3500,Cancelled,2026-01-05,2026-01-06 12:28:00
7411,1270,Meera Nair,USB Hub,4,1800,Completed,2026-03-14,2026-03-15 19:31:00
7412,798,Rahul Sharma,Tablet,1,30000,Completed,2026-03-21,2026-03-22 00:32:00
7413,1227,Priya Reddy,SSD,1,8000,Completed,2026-09-03,2026-09-05 10:44:00
7414,625,Sneha Rao,Keyboard,4,2500,Completed,2026-07-17,2026-07-17 18:50:00
7415,977,Pooja Iyer,SSD,3,8000,Completed,2026-08-03,2026-08-05 10:05:00
7416,1391,Vikram Singh,Keyboard,3,2500,Completed,2026-09-01,2026-09-03 08:15:00
7417,1285,Arjun Kumar,SSD,5,8000,Completed,2026-01-20,2026-01-22 06:17:00
7418,1452,Arjun Kumar,Power Bank,5,2200,Cancelled,2026-06-26,2026-06-26 20:33:00
7419,1285,Arjun Kumar,USB Hub,2,1800,Pending,2026-05-11,2026-05-13 09:48:00
7420,927,Divya Menon,Headphones,3,4500,Pending,2026-08-04,2026-08-06 19:15:00
7421,1131,Arjun Kumar,Mobile Phone,1,25000,Completed,2026-05-08,2026-05-08 07:44:00
7422,854,Rahul Sharma,Power Bank,5,2200,Completed,2026-04-30,2026-05-02 22:47:00
7423,925,Suresh Kumar,Power Bank,4,2200,Completed,2026-04-27,2026-04-29 15:56:00
7424,1346,Suresh Kumar,Printer,4,12000,Completed,2026-02-23,2026-02-24 22:18:00
7425,1437,Pooja Iyer,USB Hub,1,1800,Completed,2026-03-12,2026-03-14 11:52:00
7426,1324,Manoj Rao,Monitor,4,15000,Completed,2026-08-26,2026-08-26 22:01:00
7427,948,Pooja Iyer,Tablet,5,30000,Completed,2026-04-18,2026-04-19 01:04:00
7428,1449,Arjun Kumar,Tablet,5,30000,Completed,2026-05-19,2026-05-19 07:10:00
7429,801,Manoj Rao,Keyboard,4,2500,Completed,2026-03-20,2026-03-21 13:25:00
7430,1362,Rahul Sharma,Tablet,4,30000,Completed,2026-06-15,2026-06-15 18:02:00
7431,1194,Rahul Sharma,SSD,4,8000,Completed,2026-07-30,2026-07-30 01:05:00
7432,977,Kiran Patel,SSD,2,8000,Completed,2026-03-08,2026-03-09 02:55:00
7433,852,Sneha Rao,Tablet,3,30000,Pending,2026-02-27,2026-02-28 04:38:00
7434,1443,Manoj Rao,Printer,3,12000,Completed,2026-04-30,2026-04-30 07:39:00
7435,947,Vikram Singh,Power Bank,2,2200,Completed,2026-02-02,2026-02-02 04:13:00
7436,1014,Ajay Reddy,Smart Watch,5,7500,Pending,2026-01-09,2026-01-11 05:39:00
7437,622,Ananya Das,SSD,3,8000,Completed,2026-03-04,2026-03-04 09:29:00
7438,1300,Divya Menon,Printer,1,12000,Pending,2026-04-19,2026-04-20 02:13:00
7439,1106,Neha Singh,SSD,2,8000,Completed,2026-05-05,2026-05-07 13:09:00
7440,1415,Meera Nair,Monitor,1,15000,Pending,2026-03-26,2026-03-26 10:06:00
7441,1331,Priya Reddy,SSD,5,8000,Completed,2026-03-04,2026-03-04 21:26:00
7442,887,Ajay Reddy,USB Hub,3,1800,Pending,2026-08-20,2026-08-21 01:46:00
7443,708,Sneha Rao,USB Hub,1,1800,Completed,2026-05-18,2026-05-20 06:07:00
7444,652,Kiran Patel,Monitor,4,15000,Pending,2026-05-10,2026-05-11 04:21:00
7445,1042,Manoj Rao,Mouse,5,1200,Pending,2026-03-17,2026-03-19 08:34:00
7446,1349,Manoj Rao,SSD,1,8000,Completed,2026-05-07,2026-05-07 08:41:00
7447,1278,Ajay Reddy,Printer,5,12000,Completed,2026-05-17,2026-05-19 09:19:00
7448,923,Neha Singh,Smart Watch,2,7500,Cancelled,2026-04-29,2026-04-30 15:56:00
7449,1300,Neha Singh,Mouse,5,1200,Completed,2026-08-22,2026-08-23 18:48:00
7450,1406,Rohit Verma,USB Hub,3,1800,Pending,2026-05-03,2026-05-03 11:31:00
7451,742,Ananya Das,Monitor,2,15000,Completed,2026-02-16,2026-02-18 21:51:00
7452,1237,Ananya Das,Mobile Phone,4,25000,Pending,2026-03-09,2026-03-10 17:02:00
7453,895,Manoj Rao,Mouse,4,1200,Completed,2026-01-07,2026-01-09 15:04:00
7454,834,Ananya Das,Printer,1,12000,Pending,2026-05-05,2026-05-07 11:43:00
7455,701,Ananya Das,USB Hub,5,1800,Completed,2026-09-02,2026-09-03 08:00:00
7456,1050,Pooja Iyer,SSD,2,8000,Cancelled,2026-01-13,2026-01-14 17:53:00
7457,1308,Neha Singh,Webcam,4,5000,Completed,2026-07-14,2026-07-14 17:49:00
7458,781,Arjun Kumar,Laptop,1,65000,Pending,2026-02-02,2026-02-03 19:15:00
7459,1176,Priya Reddy,Monitor,5,15000,Completed,2026-02-15,2026-02-17 15:36:00
7460,539,Rahul Sharma,Mouse,5,1200,Pending,2026-01-20,2026-01-20 11:47:00
7461,617,Kiran Patel,Laptop Bag,2,3500,Completed,2026-04-07,2026-04-07 18:52:00
7462,841,Pooja Iyer,Keyboard,5,2500,Completed,2026-09-04,2026-09-05 09:00:00
7463,561,Divya Menon,Monitor,2,15000,Completed,2026-06-12,2026-06-14 20:20:00
7464,1173,Manoj Rao,Power Bank,3,2200,Completed,2026-03-25,2026-03-27 17:12:00
7465,1277,Manoj Rao,SSD,4,8000,Pending,2026-09-06,2026-09-06 02:28:00
7466,1042,Rahul Sharma,USB Hub,5,1800,Completed,2026-02-06,2026-02-06 16:16:00
7467,715,Vikram Singh,Tablet,1,30000,Cancelled,2026-03-31,2026-04-01 14:50:00
7468,968,Sneha Rao,Power Bank,4,2200,Completed,2026-06-24,2026-06-26 16:41:00
7469,995,Neha Singh,Mobile Phone,1,25000,Completed,2026-04-30,2026-04-30 21:36:00
7470,1046,Vikram Singh,Mobile Phone,3,25000,Completed,2026-06-07,2026-06-08 15:09:00
7471,883,Priya Reddy,Mobile Phone,4,25000,Completed,2026-02-22,2026-02-24 13:38:00
7472,992,Kiran Patel,Laptop,3,65000,Completed,2026-03-07,2026-03-09 03:29:00
7473,755,Pooja Iyer,Webcam,2,5000,Cancelled,2026-05-22,2026-05-23 01:51:00
7474,523,Vikram Singh,Monitor,3,15000,Completed,2026-04-12,2026-04-14 04:29:00
7475,837,Sneha Rao,Smart Watch,5,7500,Pending,2026-01-20,2026-01-22 02:13:00
7476,1370,Kiran Patel,Power Bank,2,2200,Completed,2026-02-18,2026-02-19 09:28:00
7477,1490,Manoj Rao,Laptop,5,65000,Completed,2026-09-05,2026-09-07 07:29:00
7478,1304,Pooja Iyer,Monitor,3,15000,Completed,2026-07-28,2026-07-30 05:27:00
7479,859,Suresh Kumar,Webcam,2,5000,Completed,2026-08-14,2026-08-16 20:17:00
7480,814,Sneha Rao,Smart Watch,3,7500,Completed,2026-06-20,2026-06-21 09:19:00
7481,1427,Priya Reddy,USB Hub,3,1800,Completed,2026-06-21,2026-06-23 11:20:00
7482,1292,Rahul Sharma,RAM,3,4000,Completed,2026-05-31,2026-06-02 06:01:00
7483,1174,Ajay Reddy,Webcam,5,5000,Completed,2026-06-20,2026-06-21 13:31:00
7484,795,Rohit Verma,Keyboard,2,2500,Completed,2026-07-15,2026-07-16 06:06:00
7485,933,Rahul Sharma,Headphones,3,4500,Cancelled,2026-03-22,2026-03-23 18:10:00
7486,1076,Neha Singh,USB Hub,5,1800,Completed,2026-02-16,2026-02-18 08:24:00
7487,562,Divya Menon,RAM,1,4000,Completed,2026-06-25,2026-06-26 06:23:00
7488,999,Suresh Kumar,Monitor,1,15000,Completed,2026-05-18,2026-05-20 19:06:00
7489,1342,Priya Reddy,USB Hub,5,1800,Completed,2026-03-31,2026-03-31 02:54:00
7490,1196,Sneha Rao,Mobile Phone,1,25000,Cancelled,2026-08-20,2026-08-22 09:00:00
7491,1447,Arjun Kumar,SSD,1,8000,Completed,2026-05-10,2026-05-12 22:29:00
7492,1165,Rohit Verma,Monitor,2,15000,Completed,2026-02-14,2026-02-16 09:00:00
7493,842,Meera Nair,Keyboard,4,2500,Completed,2026-04-15,2026-04-17 20:40:00
7494,1227,Ananya Das,Power Bank,4,2200,Completed,2026-01-21,2026-01-21 07:08:00
7495,561,Divya Menon,Laptop,1,65000,Completed,2026-07-08,2026-07-10 20:40:00
7496,1027,Rahul Sharma,Laptop,2,65000,Completed,2026-01-28,2026-01-30 14:52:00
7497,1002,Rohit Verma,Power Bank,2,2200,Completed,2026-04-17,2026-04-19 14:33:00
7498,1154,Meera Nair,Laptop,5,65000,Completed,2026-06-12,2026-06-14 14:36:00
7499,835,Pooja Iyer,Printer,4,12000,Completed,2026-03-17,2026-03-17 16:03:00
7500,986,Neha Singh,Laptop,2,65000,Pending,2026-01-13,2026-01-13 22:35:00
7501,505,Pooja Iyer,Power Bank,5,2200,Completed,2026-04-09,2026-04-09 18:22:00
7502,1247,Pooja Iyer,Tablet,2,30000,Completed,2026-02-15,2026-02-15 20:16:00
7503,1131,Suresh Kumar,Headphones,5,4500,Completed,2026-08-11,2026-08-13 05:56:00
7504,1399,Pooja Iyer,Printer,5,12000,Completed,2026-06-20,2026-06-20 07:58:00
7505,1344,Kiran Patel,Mouse,4,1200,Completed,2026-04-17,2026-04-18 00:16:00
7506,1419,Sneha Rao,RAM,1,4000,Completed,2026-04-04,2026-04-06 22:07:00
7507,1422,Divya Menon,Power Bank,1,2200,Pending,2026-02-06,2026-02-08 22:25:00
7508,1381,Pooja Iyer,Monitor,4,15000,Completed,2026-07-15,2026-07-16 00:28:00
7509,1164,Sneha Rao,Tablet,1,30000,Completed,2026-04-30,2026-04-30 13:23:00
7510,695,Rahul Sharma,Keyboard,3,2500,Completed,2026-01-08,2026-01-10 13:37:00
7511,1430,Manoj Rao,RAM,3,4000,Completed,2026-08-01,2026-08-03 18:03:00
7512,983,Sneha Rao,Power Bank,1,2200,Completed,2026-08-21,2026-08-22 22:23:00
7513,591,Kiran Patel,SSD,4,8000,Cancelled,2026-07-26,2026-07-26 07:00:00
7514,993,Suresh Kumar,USB Hub,1,1800,Completed,2026-03-03,2026-03-04 19:29:00
7515,827,Priya Reddy,Tablet,1,30000,Cancelled,2026-02-04,2026-02-06 04:17:00
7516,552,Divya Menon,RAM,1,4000,Completed,2026-05-08,2026-05-09 15:54:00
7517,806,Vikram Singh,Mouse,2,1200,Pending,2026-02-04,2026-02-06 06:31:00
7518,1431,Ananya Das,Keyboard,3,2500,Completed,2026-04-01,2026-04-02 03:26:00
7519,1124,Neha Singh,Laptop Bag,1,3500,Completed,2026-06-09,2026-06-10 18:36:00
7520,836,Pooja Iyer,Mobile Phone,5,25000,Completed,2026-04-17,2026-04-19 19:50:00
7521,884,Rohit Verma,Headphones,5,4500,Completed,2026-01-02,2026-01-02 20:53:00
7522,1080,Arjun Kumar,USB Hub,1,1800,Completed,2026-01-29,2026-01-30 05:00:00
7523,884,Arjun Kumar,Printer,5,12000,Completed,2026-05-16,2026-05-16 19:41:00
7524,1253,Suresh Kumar,Smart Watch,2,7500,Completed,2026-07-03,2026-07-04 23:18:00
7525,525,Vikram Singh,Printer,4,12000,Completed,2026-09-02,2026-09-05 00:44:00
7526,766,Vikram Singh,Headphones,1,4500,Completed,2026-01-16,2026-01-17 10:21:00
7527,1404,Meera Nair,Laptop,1,65000,Pending,2026-07-21,2026-07-23 19:16:00
7528,970,Pooja Iyer,Webcam,3,5000,Completed,2026-08-12,2026-08-12 09:12:00
7529,941,Manoj Rao,Keyboard,1,2500,Completed,2026-01-15,2026-01-16 18:39:00
7530,1112,Kiran Patel,SSD,2,8000,Completed,2026-07-21,2026-07-21 05:03:00
7531,1244,Suresh Kumar,Headphones,5,4500,Completed,2026-05-31,2026-06-02 07:31:00
7532,1109,Sneha Rao,SSD,5,8000,Completed,2026-06-07,2026-06-07 01:20:00
7533,730,Manoj Rao,Mouse,4,1200,Cancelled,2026-08-08,2026-08-08 17:52:00
7534,828,Divya Menon,Headphones,4,4500,Completed,2026-01-21,2026-01-21 05:48:00
7535,544,Neha Singh,Webcam,1,5000,Pending,2026-08-04,2026-08-04 17:18:00
7536,669,Rohit Verma,Headphones,5,4500,Pending,2026-06-20,2026-06-21 18:56:00
7537,927,Priya Reddy,Laptop,1,65000,Cancelled,2026-03-29,2026-03-31 02:31:00
7538,508,Sneha Rao,SSD,4,8000,Completed,2026-05-21,2026-05-21 07:08:00
7539,811,Vikram Singh,Printer,5,12000,Pending,2026-05-02,2026-05-05 00:47:00
7540,749,Rahul Sharma,Mouse,2,1200,Completed,2026-05-09,2026-05-11 13:46:00
7541,842,Ananya Das,Power Bank,2,2200,Completed,2026-07-27,2026-07-28 00:53:00
7542,1061,Vikram Singh,Laptop Bag,3,3500,Completed,2026-08-04,2026-08-06 20:20:00
7543,916,Meera Nair,Keyboard,1,2500,Completed,2026-03-04,2026-03-04 16:12:00
7544,1452,Divya Menon,Smart Watch,3,7500,Completed,2026-07-20,2026-07-21 22:36:00
7545,1299,Sneha Rao,RAM,2,4000,Completed,2026-05-02,2026-05-05 00:59:00
7546,1096,Divya Menon,Printer,5,12000,Completed,2026-02-14,2026-02-17 00:22:00
7547,925,Ajay Reddy,Printer,4,12000,Completed,2026-05-01,2026-05-02 05:17:00
7548,583,Priya Reddy,Tablet,5,30000,Completed,2026-01-28,2026-01-28 04:45:00
7549,1315,Manoj Rao,Power Bank,5,2200,Completed,2026-08-01,2026-08-02 20:34:00
7550,918,Ajay Reddy,Smart Watch,1,7500,Pending,2026-02-25,2026-02-25 19:56:00
7551,865,Suresh Kumar,Power Bank,4,2200,Completed,2026-04-25,2026-04-27 10:56:00
7552,1378,Priya Reddy,Laptop Bag,4,3500,Pending,2026-08-09,2026-08-11 11:37:00
7553,1177,Ananya Das,Monitor,1,15000,Completed,2026-03-01,2026-03-02 23:18:00
7554,1110,Suresh Kumar,Power Bank,5,2200,Pending,2026-05-02,2026-05-02 07:10:00
7555,1311,Arjun Kumar,USB Hub,5,1800,Completed,2026-04-18,2026-04-20 12:33:00
7556,1103,Ananya Das,SSD,4,8000,Completed,2026-07-03,2026-07-03 10:28:00
7557,1304,Pooja Iyer,Monitor,5,15000,Completed,2026-05-05,2026-05-05 09:55:00
7558,595,Kiran Patel,USB Hub,5,1800,Completed,2026-03-19,2026-03-21 02:59:00
7559,580,Arjun Kumar,SSD,2,8000,Completed,2026-08-27,2026-08-28 09:41:00
7560,1250,Suresh Kumar,Keyboard,4,2500,Pending,2026-02-05,2026-02-07 06:36:00
7561,1449,Suresh Kumar,Monitor,5,15000,Pending,2026-03-23,2026-03-23 23:30:00
7562,1248,Rohit Verma,Printer,4,12000,Cancelled,2026-04-15,2026-04-17 22:28:00
7563,1274,Sneha Rao,Keyboard,2,2500,Cancelled,2026-02-15,2026-02-17 13:49:00
7564,960,Sneha Rao,Monitor,2,15000,Cancelled,2026-05-02,2026-05-04 17:27:00
7565,1239,Meera Nair,Mouse,1,1200,Completed,2026-05-07,2026-05-09 08:33:00
7566,777,Ananya Das,Webcam,4,5000,Completed,2026-09-03,2026-09-04 05:43:00
7567,829,Suresh Kumar,Mobile Phone,2,25000,Pending,2026-02-05,2026-02-07 06:30:00
7568,942,Rahul Sharma,Smart Watch,2,7500,Completed,2026-08-22,2026-08-22 10:20:00
7569,1475,Kiran Patel,USB Hub,5,1800,Completed,2026-05-30,2026-05-31 18:15:00
7570,853,Meera Nair,Webcam,2,5000,Completed,2026-07-10,2026-07-12 03:04:00
7571,1138,Kiran Patel,Laptop,3,65000,Completed,2026-05-11,2026-05-11 09:59:00
7572,941,Meera Nair,SSD,3,8000,Pending,2026-03-12,2026-03-14 23:52:00
7573,714,Neha Singh,Printer,5,12000,Completed,2026-06-12,2026-06-14 06:31:00
7574,772,Vikram Singh,Smart Watch,5,7500,Cancelled,2026-01-15,2026-01-15 02:48:00
7575,1166,Neha Singh,SSD,3,8000,Completed,2026-09-08,2026-09-10 18:39:00
7576,1051,Kiran Patel,Mobile Phone,3,25000,Completed,2026-06-13,2026-06-15 19:26:00
7577,850,Meera Nair,USB Hub,2,1800,Cancelled,2026-08-30,2026-08-30 21:12:00
7578,700,Rohit Verma,RAM,4,4000,Completed,2026-01-05,2026-01-07 01:07:00
7579,948,Pooja Iyer,Tablet,4,30000,Completed,2026-04-29,2026-04-30 21:25:00
7580,837,Manoj Rao,RAM,1,4000,Pending,2026-04-19,2026-04-20 16:03:00
7581,914,Ananya Das,Monitor,1,15000,Completed,2026-01-17,2026-01-19 04:23:00
7582,1355,Ajay Reddy,Mouse,2,1200,Completed,2026-05-15,2026-05-17 02:25:00
7583,632,Kiran Patel,Mobile Phone,4,25000,Completed,2026-05-02,2026-05-02 23:17:00
7584,950,Suresh Kumar,Mobile Phone,1,25000,Cancelled,2026-04-24,2026-04-24 18:28:00
7585,1087,Kiran Patel,Keyboard,2,2500,Pending,2026-08-28,2026-08-30 22:25:00
7586,504,Arjun Kumar,SSD,1,8000,Completed,2026-03-27,2026-03-29 13:12:00
7587,1155,Meera Nair,Webcam,4,5000,Completed,2026-07-14,2026-07-14 07:16:00
7588,615,Rohit Verma,Keyboard,2,2500,Completed,2026-04-07,2026-04-08 11:30:00
7589,1243,Vikram Singh,Keyboard,3,2500,Completed,2026-04-26,2026-04-26 02:44:00
7590,1436,Sneha Rao,SSD,1,8000,Completed,2026-07-05,2026-07-05 18:08:00
7591,1475,Rahul Sharma,Smart Watch,2,7500,Completed,2026-08-17,2026-08-18 10:20:00
7592,1057,Rahul Sharma,Laptop Bag,5,3500,Pending,2026-08-18,2026-08-18 09:25:00
7593,1173,Meera Nair,Webcam,5,5000,Pending,2026-03-25,2026-03-26 13:43:00
7594,1100,Divya Menon,USB Hub,5,1800,Cancelled,2026-08-18,2026-08-21 00:28:00
7595,1137,Priya Reddy,Mouse,5,1200,Completed,2026-07-03,2026-07-05 13:47:00
7596,1023,Arjun Kumar,Tablet,3,30000,Completed,2026-03-28,2026-03-29 10:15:00
7597,795,Meera Nair,Mobile Phone,1,25000,Pending,2026-05-20,2026-05-21 07:47:00
7598,1058,Ajay Reddy,SSD,2,8000,Completed,2026-01-07,2026-01-09 17:29:00
7599,1414,Priya Reddy,Tablet,4,30000,Pending,2026-02-04,2026-02-04 04:34:00
7600,834,Rohit Verma,Webcam,2,5000,Completed,2026-01-28,2026-01-29 23:02:00
7601,1014,Rahul Sharma,Monitor,1,15000,Completed,2026-05-17,2026-05-19 19:54:00
7602,611,Rohit Verma,Tablet,4,30000,Completed,2026-04-13,2026-04-13 01:03:00
7603,542,Meera Nair,Webcam,5,5000,Pending,2026-05-16,2026-05-18 08:45:00
7604,762,Rahul Sharma,Printer,3,12000,Cancelled,2026-05-05,2026-05-06 14:26:00
7605,1396,Manoj Rao,Keyboard,1,2500,Completed,2026-06-23,2026-06-24 19:50:00
7606,816,Divya Menon,Power Bank,3,2200,Completed,2026-01-05,2026-01-07 17:22:00
7607,617,Rahul Sharma,Mouse,2,1200,Completed,2026-02-24,2026-02-26 21:46:00
7608,921,Vikram Singh,Power Bank,2,2200,Pending,2026-01-03,2026-01-03 08:36:00
7609,698,Rohit Verma,USB Hub,4,1800,Cancelled,2026-04-15,2026-04-17 23:27:00
7610,1217,Rahul Sharma,Webcam,2,5000,Completed,2026-06-11,2026-06-13 16:03:00
7611,691,Kiran Patel,USB Hub,4,1800,Completed,2026-01-16,2026-01-16 18:14:00
7612,1193,Rohit Verma,Monitor,5,15000,Pending,2026-05-09,2026-05-09 09:14:00
7613,843,Meera Nair,Laptop,4,65000,Completed,2026-04-18,2026-04-18 10:29:00
7614,1270,Priya Reddy,Power Bank,3,2200,Completed,2026-03-15,2026-03-17 17:23:00
7615,698,Vikram Singh,Mobile Phone,2,25000,Pending,2026-02-12,2026-02-14 16:40:00
7616,1140,Ajay Reddy,Mobile Phone,5,25000,Pending,2026-07-10,2026-07-10 23:37:00
7617,886,Manoj Rao,Laptop,3,65000,Cancelled,2026-07-30,2026-07-31 03:00:00
7618,825,Arjun Kumar,Power Bank,2,2200,Completed,2026-06-17,2026-06-17 22:01:00
7619,1484,Arjun Kumar,Laptop Bag,1,3500,Completed,2026-07-17,2026-07-19 00:56:00
7620,680,Neha Singh,Laptop,1,65000,Completed,2026-05-16,2026-05-17 10:00:00
7621,1193,Neha Singh,Headphones,4,4500,Completed,2026-04-11,2026-04-11 19:32:00
7622,548,Priya Reddy,USB Hub,3,1800,Cancelled,2026-07-09,2026-07-10 11:14:00
7623,918,Meera Nair,Power Bank,1,2200,Pending,2026-02-22,2026-02-23 15:30:00
7624,1428,Ananya Das,Smart Watch,2,7500,Pending,2026-01-22,2026-01-23 05:21:00
7625,903,Neha Singh,Tablet,1,30000,Pending,2026-06-23,2026-06-23 02:44:00
7626,770,Sneha Rao,Mobile Phone,1,25000,Pending,2026-01-12,2026-01-13 13:05:00
7627,503,Ananya Das,Headphones,5,4500,Pending,2026-01-29,2026-01-31 03:00:00
7628,573,Suresh Kumar,Power Bank,2,2200,Completed,2026-01-12,2026-01-13 06:22:00
7629,812,Sneha Rao,Laptop,2,65000,Cancelled,2026-08-17,2026-08-19 09:23:00
7630,540,Meera Nair,RAM,1,4000,Completed,2026-05-23,2026-05-24 10:13:00
7631,924,Ajay Reddy,Power Bank,2,2200,Completed,2026-03-20,2026-03-20 21:36:00
7632,785,Arjun Kumar,Headphones,5,4500,Completed,2026-02-04,2026-02-06 01:08:00
7633,1027,Suresh Kumar,USB Hub,5,1800,Pending,2026-02-08,2026-02-10 15:08:00
7634,1464,Manoj Rao,Mouse,5,1200,Completed,2026-07-19,2026-07-20 01:35:00
7635,1260,Manoj Rao,Webcam,3,5000,Completed,2026-05-19,2026-05-20 19:49:00
7636,1487,Pooja Iyer,Keyboard,5,2500,Completed,2026-08-22,2026-08-22 14:24:00
7637,1185,Rahul Sharma,Mobile Phone,1,25000,Pending,2026-03-30,2026-03-30 01:22:00
7638,530,Sneha Rao,Monitor,2,15000,Completed,2026-05-11,2026-05-13 10:25:00
7639,1183,Kiran Patel,Monitor,4,15000,Completed,2026-02-07,2026-02-07 09:51:00
7640,670,Rahul Sharma,Laptop Bag,2,3500,Completed,2026-01-11,2026-01-11 14:18:00
7641,1138,Arjun Kumar,Power Bank,4,2200,Completed,2026-04-19,2026-04-20 15:34:00
7642,557,Manoj Rao,Mobile Phone,4,25000,Completed,2026-08-03,2026-08-05 15:58:00
7643,691,Ananya Das,Keyboard,3,2500,Completed,2026-07-25,2026-07-28 00:40:00
7644,861,Manoj Rao,Laptop Bag,5,3500,Completed,2026-01-23,2026-01-23 03:39:00
7645,861,Rohit Verma,Mouse,5,1200,Completed,2026-07-16,2026-07-18 18:15:00
7646,777,Meera Nair,Headphones,4,4500,Completed,2026-07-16,2026-07-17 00:09:00
7647,1283,Rohit Verma,USB Hub,1,1800,Pending,2026-07-19,2026-07-19 22:29:00
7648,1111,Kiran Patel,RAM,2,4000,Completed,2026-02-04,2026-02-04 10:45:00
7649,1419,Kiran Patel,USB Hub,1,1800,Cancelled,2026-05-23,2026-05-25 21:52:00
7650,1230,Sneha Rao,Smart Watch,5,7500,Cancelled,2026-02-19,2026-02-19 08:15:00
7651,1492,Pooja Iyer,SSD,5,8000,Completed,2026-01-10,2026-01-11 10:17:00
7652,1370,Neha Singh,RAM,2,4000,Completed,2026-02-20,2026-02-20 13:04:00
7653,1228,Ajay Reddy,Headphones,2,4500,Cancelled,2026-08-03,2026-08-05 07:55:00
7654,912,Divya Menon,Monitor,3,15000,Cancelled,2026-01-02,2026-01-03 03:36:00
7655,922,Ajay Reddy,Tablet,4,30000,Completed,2026-02-02,2026-02-04 18:08:00
7656,1049,Divya Menon,Monitor,2,15000,Completed,2026-03-26,2026-03-26 09:57:00
7657,883,Pooja Iyer,Mobile Phone,3,25000,Completed,2026-05-03,2026-05-05 13:21:00
7658,1075,Meera Nair,Laptop Bag,5,3500,Pending,2026-05-21,2026-05-22 07:43:00
7659,853,Ajay Reddy,RAM,1,4000,Completed,2026-03-21,2026-03-21 21:16:00
7660,1032,Meera Nair,Laptop Bag,4,3500,Pending,2026-06-24,2026-06-26 12:01:00
7661,944,Manoj Rao,Power Bank,2,2200,Cancelled,2026-07-12,2026-07-13 03:38:00
7662,533,Sneha Rao,RAM,4,4000,Completed,2026-09-07,2026-09-08 11:56:00
7663,1447,Ajay Reddy,Mobile Phone,1,25000,Completed,2026-01-18,2026-01-20 18:12:00
7664,1022,Priya Reddy,SSD,2,8000,Pending,2026-02-02,2026-02-02 10:14:00
7665,1466,Suresh Kumar,Laptop Bag,2,3500,Completed,2026-01-27,2026-01-29 13:27:00
7666,875,Pooja Iyer,RAM,1,4000,Pending,2026-08-18,2026-08-20 07:27:00
7667,1111,Arjun Kumar,Headphones,1,4500,Completed,2026-07-17,2026-07-18 10:39:00
7668,913,Neha Singh,Monitor,4,15000,Completed,2026-03-27,2026-03-27 10:33:00
7669,530,Arjun Kumar,Printer,1,12000,Completed,2026-02-01,2026-02-01 03:48:00
7670,738,Rohit Verma,Monitor,5,15000,Cancelled,2026-06-01,2026-06-02 10:52:00
7671,1186,Pooja Iyer,Monitor,3,15000,Completed,2026-07-01,2026-07-02 15:49:00
7672,1417,Divya Menon,SSD,3,8000,Cancelled,2026-07-05,2026-07-07 23:14:00
7673,844,Arjun Kumar,Laptop,2,65000,Completed,2026-04-02,2026-04-04 17:17:00
7674,1070,Ajay Reddy,Laptop Bag,4,3500,Completed,2026-02-08,2026-02-09 09:10:00
7675,874,Rahul Sharma,Mouse,3,1200,Cancelled,2026-03-06,2026-03-08 06:02:00
7676,820,Neha Singh,Headphones,4,4500,Pending,2026-03-02,2026-03-02 09:16:00
7677,1277,Pooja Iyer,Smart Watch,2,7500,Completed,2026-05-14,2026-05-16 10:23:00
7678,1167,Suresh Kumar,Monitor,4,15000,Completed,2026-04-23,2026-04-25 00:33:00
7679,1101,Neha Singh,Smart Watch,3,7500,Completed,2026-06-07,2026-06-08 13:05:00
7680,993,Pooja Iyer,USB Hub,2,1800,Completed,2026-07-24,2026-07-26 08:09:00
7681,1349,Meera Nair,Keyboard,3,2500,Completed,2026-02-07,2026-02-07 01:43:00
7682,903,Kiran Patel,Laptop Bag,3,3500,Completed,2026-02-20,2026-02-22 12:15:00
7683,678,Rohit Verma,Laptop,4,65000,Completed,2026-06-01,2026-06-01 23:46:00
7684,852,Manoj Rao,Printer,3,12000,Pending,2026-03-01,2026-03-03 11:15:00
7685,632,Vikram Singh,USB Hub,1,1800,Pending,2026-03-17,2026-03-19 12:13:00
7686,1191,Sneha Rao,Mouse,5,1200,Completed,2026-08-25,2026-08-27 23:02:00
7687,1108,Arjun Kumar,Printer,2,12000,Pending,2026-03-30,2026-03-30 03:49:00
7688,1155,Rohit Verma,Printer,2,12000,Completed,2026-06-15,2026-06-17 04:35:00
7689,1037,Kiran Patel,Keyboard,3,2500,Completed,2026-08-16,2026-08-16 05:38:00
7690,1332,Ajay Reddy,SSD,3,8000,Completed,2026-05-15,2026-05-17 18:56:00
7691,1158,Ananya Das,Mouse,2,1200,Completed,2026-04-25,2026-04-27 14:16:00
7692,1265,Sneha Rao,USB Hub,3,1800,Completed,2026-05-01,2026-05-01 10:29:00
7693,1240,Arjun Kumar,Power Bank,5,2200,Pending,2026-04-28,2026-04-30 16:11:00
7694,554,Rohit Verma,Headphones,4,4500,Completed,2026-03-05,2026-03-07 13:06:00
7695,859,Sneha Rao,Headphones,4,4500,Completed,2026-04-06,2026-04-06 11:40:00
7696,1489,Divya Menon,Mouse,4,1200,Completed,2026-01-05,2026-01-07 12:12:00
7697,798,Pooja Iyer,Printer,5,12000,Completed,2026-02-10,2026-02-11 10:57:00
7698,924,Pooja Iyer,USB Hub,1,1800,Completed,2026-08-04,2026-08-05 19:47:00
7699,653,Divya Menon,Laptop,2,65000,Completed,2026-05-27,2026-05-28 15:04:00
7700,1416,Meera Nair,Monitor,5,15000,Completed,2026-04-24,2026-04-24 20:30:00
7701,1441,Rohit Verma,Tablet,4,30000,Completed,2026-06-02,2026-06-04 00:13:00
7702,959,Pooja Iyer,Monitor,1,15000,Completed,2026-03-02,2026-03-04 08:41:00
7703,1295,Rahul Sharma,SSD,2,8000,Completed,2026-04-24,2026-04-26 15:32:00
7704,1345,Pooja Iyer,Headphones,4,4500,Completed,2026-01-19,2026-01-21 20:11:00
7705,1360,Manoj Rao,Mouse,3,1200,Completed,2026-03-16,2026-03-17 16:16:00
7706,585,Pooja Iyer,Laptop,2,65000,Completed,2026-04-03,2026-04-05 11:53:00
7707,833,Suresh Kumar,Laptop,1,65000,Completed,2026-08-24,2026-08-26 12:38:00
7708,898,Neha Singh,USB Hub,1,1800,Completed,2026-01-13,2026-01-15 21:06:00
7709,1385,Priya Reddy,Smart Watch,1,7500,Completed,2026-02-24,2026-02-25 12:44:00
7710,1354,Rahul Sharma,Webcam,2,5000,Completed,2026-03-07,2026-03-09 03:34:00
7711,1374,Meera Nair,Power Bank,5,2200,Pending,2026-07-09,2026-07-09 04:52:00
7712,1093,Ananya Das,Smart Watch,4,7500,Completed,2026-02-23,2026-02-23 23:14:00
7713,1133,Vikram Singh,Monitor,3,15000,Completed,2026-05-05,2026-05-05 14:31:00
7714,1362,Ajay Reddy,Mobile Phone,2,25000,Completed,2026-08-31,2026-08-31 09:32:00
7715,1385,Vikram Singh,SSD,5,8000,Completed,2026-08-20,2026-08-21 09:39:00
7716,1472,Neha Singh,Tablet,3,30000,Completed,2026-02-20,2026-02-21 20:21:00
7717,1190,Suresh Kumar,Mouse,4,1200,Completed,2026-08-01,2026-08-03 09:59:00
7718,1377,Suresh Kumar,Monitor,3,15000,Completed,2026-01-07,2026-01-08 21:19:00
7719,747,Pooja Iyer,Mobile Phone,3,25000,Completed,2026-06-10,2026-06-12 00:17:00
7720,1114,Meera Nair,Headphones,1,4500,Pending,2026-04-18,2026-04-20 14:09:00
7721,1125,Pooja Iyer,Keyboard,3,2500,Completed,2026-08-20,2026-08-20 11:24:00
7722,826,Rahul Sharma,USB Hub,3,1800,Completed,2026-05-04,2026-05-06 00:22:00
7723,1305,Vikram Singh,Tablet,3,30000,Completed,2026-03-14,2026-03-15 12:59:00
7724,594,Ananya Das,Mouse,1,1200,Completed,2026-05-14,2026-05-15 10:20:00
7725,931,Rahul Sharma,Printer,2,12000,Completed,2026-08-04,2026-08-04 11:01:00
7726,934,Manoj Rao,SSD,1,8000,Cancelled,2026-04-29,2026-05-01 19:53:00
7727,1257,Neha Singh,Smart Watch,2,7500,Completed,2026-05-05,2026-05-05 17:26:00
7728,605,Priya Reddy,SSD,1,8000,Completed,2026-04-07,2026-04-08 17:59:00
7729,1458,Divya Menon,RAM,1,4000,Completed,2026-07-30,2026-08-01 12:40:00
7730,741,Meera Nair,RAM,1,4000,Completed,2026-03-20,2026-03-22 11:15:00
7731,860,Rohit Verma,Mouse,5,1200,Completed,2026-06-02,2026-06-04 02:44:00
7732,1478,Neha Singh,Printer,5,12000,Completed,2026-08-19,2026-08-20 06:40:00
7733,933,Manoj Rao,Headphones,4,4500,Completed,2026-05-19,2026-05-19 19:55:00
7734,665,Manoj Rao,Power Bank,5,2200,Completed,2026-03-22,2026-03-23 08:45:00
7735,675,Vikram Singh,Monitor,5,15000,Completed,2026-05-11,2026-05-12 03:36:00
7736,509,Kiran Patel,Printer,4,12000,Completed,2026-09-07,2026-09-09 16:58:00
7737,1418,Arjun Kumar,USB Hub,1,1800,Completed,2026-05-10,2026-05-10 15:28:00
7738,1255,Ajay Reddy,Mouse,3,1200,Completed,2026-08-28,2026-08-30 00:49:00
7739,1318,Meera Nair,Tablet,4,30000,Pending,2026-02-12,2026-02-14 09:32:00
7740,1122,Pooja Iyer,Mobile Phone,5,25000,Completed,2026-04-11,2026-04-13 13:50:00
7741,1336,Divya Menon,USB Hub,2,1800,Completed,2026-07-13,2026-07-14 05:19:00
7742,1470,Pooja Iyer,USB Hub,4,1800,Completed,2026-07-06,2026-07-06 01:35:00
7743,1043,Pooja Iyer,Mobile Phone,5,25000,Completed,2026-01-31,2026-02-02 03:08:00
7744,1128,Suresh Kumar,Headphones,2,4500,Completed,2026-02-09,2026-02-11 09:18:00
7745,666,Divya Menon,Power Bank,4,2200,Completed,2026-03-27,2026-03-27 04:50:00
7746,1470,Pooja Iyer,Laptop,2,65000,Completed,2026-04-14,2026-04-15 09:37:00
7747,1496,Pooja Iyer,Laptop Bag,4,3500,Completed,2026-07-07,2026-07-09 09:59:00
7748,1142,Rohit Verma,SSD,5,8000,Cancelled,2026-07-27,2026-07-28 03:39:00
7749,1210,Ananya Das,Mobile Phone,5,25000,Completed,2026-06-08,2026-06-10 12:13:00
7750,1268,Vikram Singh,Laptop Bag,4,3500,Completed,2026-07-23,2026-07-23 11:44:00
7751,1394,Pooja Iyer,Headphones,2,4500,Completed,2026-03-11,2026-03-13 22:58:00
7752,862,Vikram Singh,Tablet,2,30000,Completed,2026-01-06,2026-01-06 01:04:00
7753,1022,Manoj Rao,Tablet,4,30000,Pending,2026-02-23,2026-02-23 20:13:00
7754,742,Rahul Sharma,Webcam,1,5000,Completed,2026-04-29,2026-04-29 13:41:00
7755,837,Vikram Singh,Smart Watch,3,7500,Cancelled,2026-05-07,2026-05-07 12:51:00
7756,610,Manoj Rao,Smart Watch,2,7500,Completed,2026-07-26,2026-07-28 04:23:00
7757,666,Pooja Iyer,Monitor,4,15000,Pending,2026-04-14,2026-04-14 14:08:00
7758,572,Kiran Patel,Printer,5,12000,Completed,2026-04-20,2026-04-22 05:52:00
7759,616,Priya Reddy,Mobile Phone,2,25000,Completed,2026-02-13,2026-02-15 02:12:00
7760,1150,Suresh Kumar,Headphones,1,4500,Completed,2026-07-27,2026-07-29 07:35:00
7761,758,Neha Singh,Smart Watch,2,7500,Completed,2026-02-17,2026-02-17 19:46:00
7762,1149,Neha Singh,Keyboard,4,2500,Completed,2026-04-23,2026-04-23 09:39:00
7763,678,Arjun Kumar,Headphones,2,4500,Pending,2026-01-09,2026-01-11 00:51:00
7764,1489,Suresh Kumar,SSD,1,8000,Completed,2026-01-28,2026-01-28 01:45:00
7765,883,Suresh Kumar,Laptop Bag,1,3500,Pending,2026-05-05,2026-05-06 14:14:00
7766,1072,Priya Reddy,Power Bank,4,2200,Completed,2026-08-06,2026-08-08 23:43:00
7767,1409,Vikram Singh,Printer,3,12000,Completed,2026-07-10,2026-07-12 00:44:00
7768,1204,Manoj Rao,SSD,3,8000,Completed,2026-07-03,2026-07-03 04:32:00
7769,1084,Pooja Iyer,Tablet,2,30000,Pending,2026-08-05,2026-08-07 15:55:00
7770,710,Arjun Kumar,SSD,3,8000,Completed,2026-06-01,2026-06-02 08:04:00
7771,1355,Ajay Reddy,RAM,1,4000,Pending,2026-04-03,2026-04-04 05:27:00
7772,1265,Kiran Patel,Tablet,5,30000,Pending,2026-06-25,2026-06-25 03:48:00
7773,1216,Kiran Patel,Smart Watch,4,7500,Completed,2026-05-14,2026-05-16 08:12:00
7774,1216,Ajay Reddy,RAM,4,4000,Completed,2026-07-09,2026-07-11 23:54:00
7775,1297,Meera Nair,Webcam,2,5000,Completed,2026-08-17,2026-08-18 13:06:00
7776,1262,Arjun Kumar,Tablet,5,30000,Completed,2026-02-24,2026-02-25 06:54:00
7777,956,Ananya Das,Tablet,4,30000,Completed,2026-09-01,2026-09-03 01:32:00
7778,1051,Priya Reddy,Printer,3,12000,Pending,2026-08-26,2026-08-26 08:47:00
7779,1365,Kiran Patel,Smart Watch,4,7500,Completed,2026-04-08,2026-04-09 08:56:00
7780,1245,Arjun Kumar,Smart Watch,3,7500,Completed,2026-02-03,2026-02-03 18:49:00
7781,864,Arjun Kumar,Power Bank,4,2200,Completed,2026-07-07,2026-07-09 21:32:00
7782,681,Kiran Patel,Webcam,1,5000,Cancelled,2026-05-16,2026-05-18 11:14:00
7783,1159,Manoj Rao,Power Bank,4,2200,Cancelled,2026-06-18,2026-06-19 16:32:00
7784,1370,Ajay Reddy,Laptop Bag,5,3500,Completed,2026-02-05,2026-02-05 07:51:00
7785,532,Rahul Sharma,Power Bank,5,2200,Completed,2026-03-23,2026-03-24 15:45:00
7786,698,Vikram Singh,Mobile Phone,2,25000,Completed,2026-05-10,2026-05-11 20:40:00
7787,1305,Meera Nair,Tablet,3,30000,Cancelled,2026-08-23,2026-08-23 03:10:00
7788,861,Ananya Das,USB Hub,3,1800,Cancelled,2026-02-22,2026-02-24 08:43:00
7789,949,Neha Singh,Mobile Phone,1,25000,Completed,2026-03-26,2026-03-28 02:43:00
7790,783,Divya Menon,Mobile Phone,4,25000,Completed,2026-04-15,2026-04-15 09:25:00
7791,1084,Manoj Rao,Headphones,1,4500,Completed,2026-07-12,2026-07-15 00:06:00
7792,802,Vikram Singh,Monitor,5,15000,Completed,2026-07-13,2026-07-15 22:49:00
7793,850,Ananya Das,Power Bank,3,2200,Cancelled,2026-01-13,2026-01-14 07:12:00
7794,1100,Rohit Verma,Monitor,4,15000,Completed,2026-02-03,2026-02-04 13:43:00
7795,521,Pooja Iyer,USB Hub,3,1800,Completed,2026-02-08,2026-02-09 08:18:00
7796,566,Rahul Sharma,Smart Watch,4,7500,Completed,2026-01-31,2026-02-02 22:15:00
7797,1450,Suresh Kumar,Monitor,5,15000,Pending,2026-03-21,2026-03-22 10:38:00
7798,615,Rohit Verma,SSD,2,8000,Pending,2026-07-18,2026-07-20 04:47:00
7799,1281,Meera Nair,Tablet,4,30000,Completed,2026-08-23,2026-08-24 14:15:00
7800,1101,Rahul Sharma,Mobile Phone,5,25000,Completed,2026-06-08,2026-06-09 13:00:00
7801,689,Priya Reddy,Keyboard,1,2500,Pending,2026-03-25,2026-03-25 20:51:00
7802,1220,Divya Menon,Laptop,3,65000,Completed,2026-04-20,2026-04-21 23:42:00
7803,835,Vikram Singh,Keyboard,4,2500,Completed,2026-05-18,2026-05-19 20:15:00
7804,1433,Priya Reddy,Webcam,5,5000,Pending,2026-04-25,2026-04-25 11:45:00
7805,641,Ananya Das,Webcam,1,5000,Completed,2026-03-30,2026-04-01 00:21:00
7806,1150,Suresh Kumar,Headphones,1,4500,Completed,2026-07-31,2026-07-31 22:20:00
7807,1134,Vikram Singh,Mouse,2,1200,Completed,2026-06-11,2026-06-11 17:56:00
7808,674,Vikram Singh,Printer,4,12000,Pending,2026-06-29,2026-06-29 12:43:00
7809,936,Ajay Reddy,Laptop,5,65000,Completed,2026-08-20,2026-08-23 00:59:00
7810,507,Manoj Rao,Monitor,4,15000,Completed,2026-03-18,2026-03-18 10:33:00
7811,682,Suresh Kumar,Laptop Bag,3,3500,Completed,2026-02-08,2026-02-10 16:56:00
7812,717,Manoj Rao,SSD,2,8000,Pending,2026-02-04,2026-02-06 19:25:00
7813,894,Arjun Kumar,Monitor,5,15000,Completed,2026-07-05,2026-07-06 20:08:00
7814,1001,Ananya Das,Printer,5,12000,Completed,2026-06-29,2026-07-01 04:58:00
7815,604,Vikram Singh,Headphones,1,4500,Pending,2026-01-15,2026-01-17 09:29:00
7816,670,Kiran Patel,Laptop,5,65000,Completed,2026-03-27,2026-03-28 02:26:00
7817,1014,Suresh Kumar,Smart Watch,4,7500,Completed,2026-05-20,2026-05-22 19:49:00
7818,581,Neha Singh,Power Bank,4,2200,Pending,2026-03-17,2026-03-17 20:00:00
7819,1110,Sneha Rao,Keyboard,2,2500,Cancelled,2026-02-21,2026-02-21 21:55:00
7820,533,Meera Nair,Monitor,2,15000,Cancelled,2026-05-25,2026-05-27 10:34:00
7821,710,Priya Reddy,Printer,5,12000,Completed,2026-05-23,2026-05-23 08:53:00
7822,816,Neha Singh,Laptop Bag,3,3500,Completed,2026-07-15,2026-07-15 06:14:00
7823,658,Pooja Iyer,Laptop,2,65000,Completed,2026-03-06,2026-03-06 04:52:00
7824,1037,Neha Singh,USB Hub,4,1800,Completed,2026-08-23,2026-08-23 16:04:00
7825,1343,Ajay Reddy,Webcam,2,5000,Cancelled,2026-08-06,2026-08-07 14:29:00
7826,1477,Sneha Rao,Tablet,2,30000,Completed,2026-02-21,2026-02-23 19:31:00
7827,1447,Vikram Singh,Printer,3,12000,Pending,2026-08-04,2026-08-05 20:30:00
7828,941,Vikram Singh,Smart Watch,3,7500,Cancelled,2026-06-19,2026-06-21 22:33:00
7829,639,Neha Singh,USB Hub,5,1800,Cancelled,2026-08-04,2026-08-05 05:45:00
7830,1157,Sneha Rao,Power Bank,4,2200,Completed,2026-02-20,2026-02-20 08:35:00
7831,1375,Arjun Kumar,RAM,3,4000,Pending,2026-08-31,2026-08-31 17:56:00
7832,1370,Divya Menon,Mouse,5,1200,Completed,2026-02-05,2026-02-05 04:26:00
7833,982,Sneha Rao,Headphones,5,4500,Cancelled,2026-08-26,2026-08-26 14:26:00
7834,726,Priya Reddy,SSD,4,8000,Pending,2026-04-03,2026-04-03 04:04:00
7835,608,Manoj Rao,Headphones,5,4500,Cancelled,2026-02-10,2026-02-12 14:17:00
7836,1120,Suresh Kumar,Smart Watch,2,7500,Pending,2026-08-23,2026-08-23 05:24:00
7837,1365,Kiran Patel,Headphones,3,4500,Completed,2026-09-01,2026-09-02 19:41:00
7838,1131,Pooja Iyer,RAM,4,4000,Completed,2026-01-15,2026-01-15 08:34:00
7839,1221,Pooja Iyer,Mobile Phone,2,25000,Completed,2026-01-02,2026-01-02 19:51:00
7840,1218,Sneha Rao,Headphones,3,4500,Pending,2026-06-06,2026-06-06 17:37:00
7841,546,Sneha Rao,Mobile Phone,1,25000,Pending,2026-06-01,2026-06-03 14:03:00
7842,1266,Sneha Rao,Mouse,1,1200,Completed,2026-09-03,2026-09-05 10:48:00
7843,924,Arjun Kumar,Tablet,4,30000,Pending,2026-05-17,2026-05-19 00:58:00
7844,1390,Meera Nair,Mobile Phone,2,25000,Completed,2026-08-06,2026-08-08 19:27:00
7845,1058,Manoj Rao,USB Hub,1,1800,Completed,2026-03-14,2026-03-15 19:49:00
7846,969,Pooja Iyer,SSD,1,8000,Pending,2026-02-11,2026-02-11 09:45:00
7847,658,Suresh Kumar,Laptop,2,65000,Completed,2026-04-08,2026-04-08 07:44:00
7848,1485,Rahul Sharma,RAM,3,4000,Cancelled,2026-05-23,2026-05-24 14:48:00
7849,1127,Ajay Reddy,Webcam,4,5000,Pending,2026-01-23,2026-01-23 16:53:00
7850,1006,Rohit Verma,USB Hub,3,1800,Cancelled,2026-04-03,2026-04-04 22:02:00
7851,1012,Manoj Rao,SSD,5,8000,Pending,2026-07-06,2026-07-07 05:56:00
7852,1195,Suresh Kumar,Monitor,3,15000,Pending,2026-08-21,2026-08-22 17:09:00
7853,977,Sneha Rao,USB Hub,3,1800,Completed,2026-02-09,2026-02-09 20:39:00
7854,979,Rahul Sharma,Power Bank,5,2200,Cancelled,2026-03-05,2026-03-06 15:55:00
7855,1267,Neha Singh,Headphones,4,4500,Completed,2026-08-31,2026-09-02 22:14:00
7856,1124,Meera Nair,Laptop,1,65000,Completed,2026-06-18,2026-06-20 11:18:00
7857,1044,Rohit Verma,Keyboard,1,2500,Completed,2026-03-13,2026-03-13 07:36:00
7858,1436,Meera Nair,Laptop,3,65000,Completed,2026-05-14,2026-05-15 14:59:00
7859,690,Ajay Reddy,Headphones,5,4500,Completed,2026-06-11,2026-06-12 22:01:00
7860,1315,Arjun Kumar,Smart Watch,3,7500,Pending,2026-04-06,2026-04-06 07:11:00
7861,1016,Arjun Kumar,Monitor,4,15000,Completed,2026-06-18,2026-06-20 18:52:00
7862,1485,Meera Nair,Laptop,2,65000,Completed,2026-05-09,2026-05-09 08:13:00
7863,510,Pooja Iyer,Laptop,5,65000,Completed,2026-07-12,2026-07-15 00:49:00
7864,1234,Suresh Kumar,Laptop Bag,3,3500,Completed,2026-06-09,2026-06-11 15:10:00
7865,671,Suresh Kumar,Mouse,5,1200,Completed,2026-01-25,2026-01-26 03:38:00
7866,504,Ajay Reddy,Power Bank,5,2200,Completed,2026-05-28,2026-05-29 14:57:00
7867,870,Meera Nair,Mouse,5,1200,Completed,2026-04-29,2026-04-29 14:14:00
7868,741,Neha Singh,RAM,2,4000,Cancelled,2026-03-11,2026-03-12 16:49:00
7869,1072,Neha Singh,Mobile Phone,1,25000,Completed,2026-08-16,2026-08-18 09:00:00
7870,1391,Vikram Singh,Keyboard,2,2500,Completed,2026-09-08,2026-09-10 01:34:00
7871,1047,Manoj Rao,Headphones,4,4500,Completed,2026-03-25,2026-03-27 17:31:00
7872,1247,Manoj Rao,SSD,2,8000,Completed,2026-02-22,2026-02-24 05:12:00
7873,699,Neha Singh,Mobile Phone,2,25000,Cancelled,2026-03-23,2026-03-23 22:03:00
7874,741,Ajay Reddy,Monitor,2,15000,Completed,2026-03-31,2026-04-02 05:20:00
7875,881,Rahul Sharma,Tablet,4,30000,Completed,2026-06-28,2026-06-30 21:23:00
7876,869,Arjun Kumar,RAM,4,4000,Pending,2026-04-12,2026-04-14 22:33:00
7877,554,Arjun Kumar,Mobile Phone,4,25000,Completed,2026-02-28,2026-03-02 14:03:00
7878,1057,Rohit Verma,SSD,4,8000,Pending,2026-05-25,2026-05-25 07:05:00
7879,667,Ajay Reddy,Laptop Bag,4,3500,Completed,2026-02-16,2026-02-17 08:44:00
7880,1348,Ananya Das,Laptop,1,65000,Pending,2026-08-22,2026-08-23 18:23:00
7881,1216,Rohit Verma,Laptop Bag,3,3500,Pending,2026-05-27,2026-05-27 11:22:00
7882,891,Sneha Rao,RAM,1,4000,Completed,2026-02-01,2026-02-02 10:04:00
7883,843,Pooja Iyer,Laptop,3,65000,Pending,2026-04-15,2026-04-17 12:53:00
7884,678,Ananya Das,Laptop Bag,2,3500,Completed,2026-02-02,2026-02-04 04:52:00
7885,1145,Kiran Patel,Power Bank,5,2200,Completed,2026-02-15,2026-02-15 11:46:00
7886,1014,Arjun Kumar,SSD,1,8000,Pending,2026-02-23,2026-02-24 17:09:00
7887,1197,Neha Singh,Webcam,5,5000,Completed,2026-08-06,2026-08-06 01:31:00
7888,1278,Arjun Kumar,Keyboard,5,2500,Completed,2026-01-28,2026-01-30 05:49:00
7889,630,Priya Reddy,Monitor,1,15000,Completed,2026-07-03,2026-07-04 22:50:00
7890,726,Priya Reddy,Headphones,3,4500,Pending,2026-08-31,2026-08-31 04:17:00
7891,611,Kiran Patel,RAM,4,4000,Completed,2026-01-16,2026-01-18 17:35:00
7892,1308,Divya Menon,Power Bank,1,2200,Cancelled,2026-06-04,2026-06-04 10:55:00
7893,949,Priya Reddy,USB Hub,2,1800,Completed,2026-02-09,2026-02-09 01:45:00
7894,845,Vikram Singh,Laptop,2,65000,Completed,2026-02-14,2026-02-14 04:26:00
7895,1062,Priya Reddy,Monitor,1,15000,Cancelled,2026-08-20,2026-08-20 16:59:00
7896,1458,Rohit Verma,Headphones,2,4500,Completed,2026-03-08,2026-03-08 02:15:00
7897,657,Suresh Kumar,Monitor,2,15000,Pending,2026-01-30,2026-01-31 14:10:00
7898,967,Rahul Sharma,RAM,2,4000,Completed,2026-02-14,2026-02-15 14:11:00
7899,1134,Arjun Kumar,USB Hub,4,1800,Completed,2026-07-31,2026-08-02 12:48:00
7900,964,Rahul Sharma,Keyboard,4,2500,Pending,2026-07-25,2026-07-26 05:27:00
7901,762,Sneha Rao,SSD,1,8000,Completed,2026-07-13,2026-07-14 08:05:00
7902,971,Meera Nair,Tablet,2,30000,Completed,2026-04-19,2026-04-21 07:38:00
7903,1470,Rahul Sharma,Smart Watch,1,7500,Completed,2026-04-06,2026-04-08 05:42:00
7904,1492,Manoj Rao,Monitor,5,15000,Completed,2026-08-18,2026-08-19 07:15:00
7905,1179,Kiran Patel,Laptop,1,65000,Pending,2026-03-18,2026-03-20 18:39:00
7906,509,Rohit Verma,Headphones,1,4500,Completed,2026-04-26,2026-04-26 06:17:00
7907,513,Kiran Patel,Headphones,3,4500,Completed,2026-03-27,2026-03-28 12:55:00
7908,990,Rahul Sharma,Keyboard,1,2500,Completed,2026-08-14,2026-08-16 14:37:00
7909,742,Divya Menon,Power Bank,1,2200,Completed,2026-08-16,2026-08-17 00:26:00
7910,732,Sneha Rao,SSD,5,8000,Completed,2026-04-19,2026-04-20 11:33:00
7911,999,Sneha Rao,Monitor,4,15000,Completed,2026-06-20,2026-06-21 08:47:00
7912,679,Rahul Sharma,Webcam,3,5000,Pending,2026-03-06,2026-03-07 15:10:00
7913,665,Rohit Verma,Webcam,1,5000,Completed,2026-08-23,2026-08-25 15:58:00
7914,1330,Meera Nair,Webcam,5,5000,Completed,2026-08-30,2026-08-31 02:41:00
7915,1368,Priya Reddy,Webcam,4,5000,Pending,2026-07-31,2026-07-31 17:43:00
7916,581,Rahul Sharma,Mobile Phone,1,25000,Completed,2026-06-30,2026-07-03 00:51:00
7917,1316,Suresh Kumar,SSD,5,8000,Completed,2026-03-30,2026-04-01 14:37:00
7918,1269,Priya Reddy,Headphones,2,4500,Cancelled,2026-08-11,2026-08-13 19:19:00
7919,1208,Vikram Singh,SSD,3,8000,Completed,2026-02-07,2026-02-08 13:53:00
7920,1100,Neha Singh,Power Bank,1,2200,Completed,2026-07-02,2026-07-04 04:43:00
7921,1278,Ajay Reddy,Printer,4,12000,Completed,2026-07-14,2026-07-14 10:17:00
7922,571,Priya Reddy,SSD,3,8000,Pending,2026-03-03,2026-03-05 23:29:00
7923,1035,Meera Nair,Laptop Bag,5,3500,Pending,2026-09-06,2026-09-06 15:48:00
7924,1477,Suresh Kumar,Power Bank,1,2200,Completed,2026-01-30,2026-02-01 02:27:00
7925,1226,Neha Singh,USB Hub,3,1800,Pending,2026-07-25,2026-07-25 10:44:00
7926,622,Divya Menon,Monitor,1,15000,Pending,2026-07-11,2026-07-12 18:18:00
7927,1421,Suresh Kumar,Laptop Bag,4,3500,Completed,2026-06-14,2026-06-16 13:48:00
7928,1284,Vikram Singh,Headphones,5,4500,Completed,2026-06-01,2026-06-03 14:23:00
7929,955,Neha Singh,RAM,3,4000,Pending,2026-01-26,2026-01-26 20:37:00
7930,1014,Ajay Reddy,Webcam,1,5000,Completed,2026-01-31,2026-02-01 02:03:00
7931,970,Kiran Patel,Monitor,1,15000,Completed,2026-04-11,2026-04-12 21:55:00
7932,558,Suresh Kumar,Mobile Phone,3,25000,Completed,2026-05-19,2026-05-20 13:55:00
7933,1395,Arjun Kumar,Power Bank,4,2200,Completed,2026-05-13,2026-05-13 13:07:00
7934,578,Ajay Reddy,Laptop Bag,2,3500,Completed,2026-05-12,2026-05-12 09:26:00
7935,998,Sneha Rao,Power Bank,1,2200,Cancelled,2026-07-12,2026-07-12 19:51:00
7936,572,Priya Reddy,RAM,3,4000,Completed,2026-05-27,2026-05-28 04:18:00
7937,767,Meera Nair,Headphones,4,4500,Completed,2026-07-04,2026-07-05 12:21:00
7938,1208,Pooja Iyer,Laptop Bag,4,3500,Completed,2026-09-04,2026-09-05 20:55:00
7939,1452,Priya Reddy,Power Bank,5,2200,Completed,2026-06-13,2026-06-15 15:54:00
7940,561,Manoj Rao,SSD,2,8000,Pending,2026-03-27,2026-03-29 10:46:00
7941,913,Ajay Reddy,Laptop,3,65000,Completed,2026-05-28,2026-05-30 22:45:00
7942,743,Manoj Rao,RAM,2,4000,Completed,2026-01-07,2026-01-07 11:31:00
7943,844,Kiran Patel,SSD,2,8000,Pending,2026-08-19,2026-08-21 04:14:00
7944,654,Pooja Iyer,Smart Watch,3,7500,Completed,2026-02-28,2026-03-01 21:27:00
7945,1361,Priya Reddy,SSD,3,8000,Completed,2026-01-26,2026-01-27 17:59:00
7946,1388,Manoj Rao,Headphones,3,4500,Completed,2026-07-14,2026-07-16 14:06:00
7947,925,Kiran Patel,Power Bank,3,2200,Completed,2026-02-10,2026-02-11 22:15:00
7948,1028,Rahul Sharma,Power Bank,4,2200,Cancelled,2026-01-13,2026-01-13 04:49:00
7949,1166,Ajay Reddy,Keyboard,3,2500,Cancelled,2026-05-26,2026-05-26 11:18:00
7950,1292,Pooja Iyer,Laptop Bag,4,3500,Pending,2026-08-28,2026-08-30 22:46:00
7951,582,Neha Singh,Laptop,1,65000,Completed,2026-05-03,2026-05-05 20:38:00
7952,973,Pooja Iyer,Tablet,5,30000,Completed,2026-04-11,2026-04-13 04:13:00
7953,743,Vikram Singh,Keyboard,1,2500,Completed,2026-07-05,2026-07-05 17:21:00
7954,616,Arjun Kumar,Mouse,4,1200,Completed,2026-02-25,2026-02-26 22:48:00
7955,665,Ajay Reddy,RAM,4,4000,Completed,2026-02-02,2026-02-02 12:15:00
7956,1317,Rohit Verma,RAM,2,4000,Pending,2026-01-13,2026-01-13 20:38:00
7957,979,Manoj Rao,SSD,1,8000,Cancelled,2026-03-11,2026-03-12 22:39:00
7958,716,Meera Nair,Laptop,3,65000,Completed,2026-03-01,2026-03-02 00:12:00
7959,1331,Arjun Kumar,Laptop,3,65000,Pending,2026-03-13,2026-03-14 09:26:00
7960,1064,Suresh Kumar,RAM,3,4000,Completed,2026-07-24,2026-07-26 03:51:00
7961,572,Arjun Kumar,Mouse,2,1200,Completed,2026-06-19,2026-06-21 15:18:00
7962,817,Ananya Das,Mouse,1,1200,Completed,2026-01-02,2026-01-04 16:35:00
7963,860,Pooja Iyer,Tablet,3,30000,Completed,2026-02-12,2026-02-13 09:00:00
7964,1443,Meera Nair,Smart Watch,3,7500,Completed,2026-06-29,2026-07-01 11:15:00
7965,794,Priya Reddy,RAM,1,4000,Completed,2026-04-17,2026-04-18 19:27:00
7966,890,Meera Nair,Mouse,3,1200,Completed,2026-07-03,2026-07-04 16:33:00
7967,618,Vikram Singh,Laptop,1,65000,Completed,2026-02-13,2026-02-14 04:06:00
7968,750,Pooja Iyer,SSD,4,8000,Pending,2026-02-06,2026-02-07 12:58:00
7969,1289,Manoj Rao,USB Hub,1,1800,Cancelled,2026-06-16,2026-06-17 18:11:00
7970,1436,Ananya Das,Mobile Phone,4,25000,Completed,2026-02-09,2026-02-09 23:34:00
7971,725,Neha Singh,Headphones,4,4500,Completed,2026-04-02,2026-04-02 14:18:00
7972,1185,Divya Menon,Monitor,4,15000,Completed,2026-03-30,2026-04-01 12:07:00
7973,1032,Sneha Rao,Mouse,5,1200,Completed,2026-01-30,2026-01-30 20:21:00
7974,848,Ajay Reddy,RAM,4,4000,Pending,2026-01-12,2026-01-14 17:47:00
7975,1170,Rohit Verma,Printer,3,12000,Cancelled,2026-04-04,2026-04-05 10:12:00
7976,609,Rahul Sharma,Power Bank,2,2200,Cancelled,2026-03-15,2026-03-16 10:04:00
7977,1447,Ananya Das,Power Bank,5,2200,Completed,2026-01-31,2026-02-02 12:38:00
7978,1312,Rohit Verma,Smart Watch,2,7500,Completed,2026-05-13,2026-05-15 20:34:00
7979,1298,Manoj Rao,Smart Watch,1,7500,Completed,2026-03-19,2026-03-20 21:11:00
7980,907,Rohit Verma,SSD,2,8000,Pending,2026-04-06,2026-04-08 00:38:00
7981,701,Rahul Sharma,Headphones,4,4500,Pending,2026-02-06,2026-02-06 20:48:00
7982,1320,Kiran Patel,Smart Watch,1,7500,Completed,2026-03-12,2026-03-13 12:07:00
7983,969,Suresh Kumar,Laptop Bag,1,3500,Completed,2026-01-09,2026-01-09 08:21:00
7984,738,Rahul Sharma,Printer,1,12000,Completed,2026-07-12,2026-07-13 23:29:00
7985,1074,Suresh Kumar,Power Bank,3,2200,Completed,2026-08-25,2026-08-26 19:39:00
7986,1321,Ajay Reddy,USB Hub,3,1800,Completed,2026-08-01,2026-08-03 09:36:00
7987,1294,Pooja Iyer,Webcam,1,5000,Completed,2026-01-02,2026-01-02 22:01:00
7988,682,Ananya Das,Printer,2,12000,Cancelled,2026-03-31,2026-03-31 22:08:00
7989,1030,Suresh Kumar,Headphones,3,4500,Completed,2026-08-09,2026-08-11 02:51:00
7990,1328,Ananya Das,Smart Watch,4,7500,Completed,2026-01-08,2026-01-10 15:13:00
7991,620,Neha Singh,Smart Watch,2,7500,Completed,2026-02-22,2026-02-22 15:25:00
7992,902,Pooja Iyer,Printer,5,12000,Completed,2026-07-31,2026-08-01 17:05:00
7993,1363,Divya Menon,Smart Watch,3,7500,Completed,2026-08-30,2026-09-01 21:51:00
7994,875,Rohit Verma,Laptop Bag,4,3500,Completed,2026-06-15,2026-06-17 08:20:00
7995,1187,Sneha Rao,Printer,5,12000,Completed,2026-06-02,2026-06-02 12:31:00
7996,835,Rohit Verma,Laptop Bag,1,3500,Completed,2026-05-07,2026-05-09 15:07:00
7997,503,Rohit Verma,Mouse,1,1200,Completed,2026-06-23,2026-06-25 02:18:00
7998,1302,Divya Menon,Mouse,3,1200,Pending,2026-06-07,2026-06-08 22:58:00
7999,1442,Rahul Sharma,Smart Watch,4,7500,Pending,2026-05-02,2026-05-04 08:54:00
8000,1349,Arjun Kumar,Tablet,3,30000,Completed,2026-03-09,2026-03-11 02:31:00
8001,1448,Sneha Rao,Keyboard,2,2500,Completed,2026-07-07,2026-07-09 05:48:00
8002,1022,Divya Menon,Printer,4,12000,Completed,2026-01-29,2026-01-29 02:19:00
8003,563,Ajay Reddy,Mobile Phone,2,25000,Pending,2026-07-22,2026-07-23 23:09:00
8004,1495,Pooja Iyer,Monitor,5,15000,Completed,2026-06-05,2026-06-05 01:31:00
8005,793,Meera Nair,USB Hub,5,1800,Cancelled,2026-04-30,2026-05-02 22:32:00
8006,997,Rohit Verma,Keyboard,1,2500,Completed,2026-07-26,2026-07-29 00:45:00
8007,1165,Kiran Patel,Smart Watch,1,7500,Completed,2026-03-10,2026-03-12 19:12:00
8008,1118,Neha Singh,Webcam,1,5000,Completed,2026-03-06,2026-03-08 06:07:00
8009,862,Suresh Kumar,Tablet,3,30000,Pending,2026-05-16,2026-05-18 10:53:00
8010,1029,Rohit Verma,Laptop Bag,1,3500,Completed,2026-09-08,2026-09-08 02:59:00
8011,924,Kiran Patel,Smart Watch,1,7500,Completed,2026-07-05,2026-07-05 17:09:00
8012,667,Rohit Verma,Mouse,2,1200,Pending,2026-06-03,2026-06-05 00:09:00
8013,939,Pooja Iyer,Laptop Bag,3,3500,Completed,2026-08-17,2026-08-18 19:00:00
8014,1364,Manoj Rao,Tablet,2,30000,Completed,2026-06-07,2026-06-09 16:16:00
8015,1051,Vikram Singh,Headphones,4,4500,Completed,2026-04-07,2026-04-07 06:00:00
8016,690,Divya Menon,Mouse,1,1200,Completed,2026-01-21,2026-01-22 16:59:00
8017,863,Ananya Das,RAM,4,4000,Completed,2026-08-11,2026-08-12 12:12:00
8018,1164,Suresh Kumar,Mobile Phone,5,25000,Pending,2026-04-25,2026-04-27 19:29:00
8019,731,Vikram Singh,Webcam,5,5000,Completed,2026-07-24,2026-07-26 06:09:00
8020,503,Kiran Patel,USB Hub,2,1800,Completed,2026-05-30,2026-05-31 13:43:00
8021,974,Rohit Verma,Power Bank,1,2200,Completed,2026-04-04,2026-04-06 01:39:00
8022,821,Manoj Rao,Mobile Phone,5,25000,Pending,2026-01-06,2026-01-06 20:28:00
8023,1275,Neha Singh,Tablet,3,30000,Completed,2026-02-21,2026-02-21 17:22:00
8024,791,Vikram Singh,Mobile Phone,1,25000,Cancelled,2026-01-11,2026-01-12 08:56:00
8025,1092,Kiran Patel,Monitor,2,15000,Completed,2026-09-02,2026-09-02 22:23:00
8026,1219,Ajay Reddy,Headphones,1,4500,Completed,2026-04-09,2026-04-09 12:14:00
8027,1069,Neha Singh,Tablet,3,30000,Completed,2026-06-09,2026-06-10 18:52:00
8028,1312,Suresh Kumar,SSD,2,8000,Completed,2026-02-11,2026-02-13 01:50:00
8029,870,Arjun Kumar,Monitor,1,15000,Pending,2026-07-10,2026-07-10 02:45:00
8030,1494,Kiran Patel,RAM,2,4000,Completed,2026-08-18,2026-08-19 17:54:00
8031,836,Suresh Kumar,Smart Watch,5,7500,Completed,2026-02-22,2026-02-24 14:26:00
8032,1078,Meera Nair,USB Hub,4,1800,Pending,2026-02-19,2026-02-20 17:26:00
8033,1420,Rahul Sharma,USB Hub,1,1800,Completed,2026-03-16,2026-03-17 11:02:00
8034,662,Meera Nair,Laptop Bag,4,3500,Completed,2026-08-18,2026-08-18 13:58:00
8035,918,Rahul Sharma,USB Hub,5,1800,Completed,2026-04-23,2026-04-25 03:54:00
8036,543,Rohit Verma,Headphones,5,4500,Completed,2026-08-31,2026-09-02 21:46:00
8037,648,Divya Menon,Tablet,5,30000,Completed,2026-02-21,2026-02-23 12:30:00
8038,1312,Sneha Rao,Mobile Phone,4,25000,Cancelled,2026-03-24,2026-03-24 11:12:00
8039,645,Rahul Sharma,Mobile Phone,5,25000,Cancelled,2026-03-11,2026-03-13 20:21:00
8040,1107,Ananya Das,Tablet,1,30000,Completed,2026-03-18,2026-03-18 11:19:00
8041,746,Priya Reddy,Headphones,2,4500,Cancelled,2026-01-06,2026-01-06 23:43:00
8042,1469,Divya Menon,Laptop,2,65000,Pending,2026-01-30,2026-01-30 20:36:00
8043,1095,Ajay Reddy,Printer,1,12000,Cancelled,2026-04-16,2026-04-18 03:02:00
8044,1239,Priya Reddy,USB Hub,4,1800,Pending,2026-08-31,2026-09-02 00:31:00
8045,662,Meera Nair,RAM,5,4000,Completed,2026-01-25,2026-01-26 04:10:00
8046,1432,Divya Menon,Mouse,1,1200,Completed,2026-01-31,2026-02-01 22:06:00
8047,1497,Vikram Singh,USB Hub,3,1800,Completed,2026-01-25,2026-01-26 12:19:00
8048,1245,Rohit Verma,Tablet,1,30000,Completed,2026-01-13,2026-01-13 05:18:00
8049,1313,Manoj Rao,Keyboard,4,2500,Completed,2026-05-05,2026-05-07 14:00:00
8050,679,Kiran Patel,Laptop,2,65000,Pending,2026-07-14,2026-07-15 02:39:00
8051,562,Priya Reddy,Mobile Phone,5,25000,Completed,2026-05-16,2026-05-16 01:57:00
8052,1293,Rohit Verma,Mobile Phone,3,25000,Completed,2026-06-07,2026-06-09 11:40:00
8053,1429,Rohit Verma,RAM,1,4000,Pending,2026-01-04,2026-01-06 10:40:00
8054,1249,Pooja Iyer,Power Bank,4,2200,Completed,2026-04-29,2026-04-29 14:34:00
8055,1017,Pooja Iyer,Laptop,5,65000,Pending,2026-08-06,2026-08-08 09:58:00
8056,696,Rahul Sharma,Laptop,3,65000,Completed,2026-06-20,2026-06-21 18:16:00
8057,923,Priya Reddy,Webcam,4,5000,Pending,2026-09-02,2026-09-04 18:50:00
8058,1183,Priya Reddy,Keyboard,2,2500,Completed,2026-08-09,2026-08-10 06:50:00
8059,637,Sneha Rao,Laptop,4,65000,Completed,2026-05-28,2026-05-29 14:40:00
8060,1189,Priya Reddy,Mobile Phone,5,25000,Completed,2026-08-31,2026-09-01 10:04:00
8061,1020,Priya Reddy,Mouse,5,1200,Pending,2026-05-15,2026-05-16 00:47:00
8062,576,Rahul Sharma,SSD,2,8000,Completed,2026-08-21,2026-08-23 20:21:00
8063,1310,Divya Menon,Printer,5,12000,Completed,2026-08-09,2026-08-11 20:42:00
8064,1116,Ananya Das,Laptop,4,65000,Completed,2026-02-21,2026-02-23 21:35:00
8065,1334,Vikram Singh,USB Hub,2,1800,Pending,2026-08-12,2026-08-12 13:49:00
8066,1170,Manoj Rao,Power Bank,1,2200,Completed,2026-05-25,2026-05-26 14:17:00
8067,1270,Kiran Patel,Tablet,3,30000,Pending,2026-04-01,2026-04-03 13:15:00
8068,833,Rahul Sharma,Mobile Phone,2,25000,Pending,2026-09-06,2026-09-07 06:44:00
8069,1137,Rohit Verma,Mouse,4,1200,Pending,2026-08-13,2026-08-15 03:24:00
8070,1301,Kiran Patel,Mobile Phone,2,25000,Completed,2026-07-06,2026-07-06 09:13:00
8071,1276,Vikram Singh,Printer,4,12000,Completed,2026-01-03,2026-01-03 15:00:00
8072,965,Priya Reddy,Smart Watch,3,7500,Completed,2026-08-17,2026-08-18 03:36:00
8073,1171,Rohit Verma,Smart Watch,2,7500,Completed,2026-02-05,2026-02-06 07:08:00
8074,668,Rahul Sharma,Mouse,1,1200,Completed,2026-05-30,2026-05-31 11:54:00
8075,656,Priya Reddy,Laptop,4,65000,Completed,2026-09-02,2026-09-03 17:26:00
8076,1107,Divya Menon,Printer,2,12000,Completed,2026-02-21,2026-02-23 23:51:00
8077,705,Rahul Sharma,Monitor,3,15000,Completed,2026-01-05,2026-01-07 00:53:00
8078,952,Ananya Das,Mouse,2,1200,Completed,2026-05-17,2026-05-19 06:17:00
8079,770,Arjun Kumar,Printer,3,12000,Completed,2026-01-31,2026-02-03 00:48:00
8080,536,Meera Nair,Laptop Bag,4,3500,Completed,2026-07-27,2026-07-29 23:39:00
8081,1335,Pooja Iyer,Laptop Bag,5,3500,Cancelled,2026-02-11,2026-02-12 05:04:00
8082,504,Rohit Verma,Laptop Bag,2,3500,Completed,2026-05-12,2026-05-13 20:11:00
8083,964,Manoj Rao,SSD,5,8000,Pending,2026-08-18,2026-08-18 08:54:00
8084,1031,Divya Menon,Laptop,3,65000,Cancelled,2026-02-17,2026-02-19 07:21:00
8085,507,Manoj Rao,Mouse,4,1200,Completed,2026-07-28,2026-07-29 00:55:00
8086,992,Neha Singh,Tablet,3,30000,Completed,2026-07-25,2026-07-25 08:42:00
8087,904,Manoj Rao,Mouse,5,1200,Completed,2026-03-09,2026-03-11 18:54:00
8088,777,Kiran Patel,Laptop Bag,4,3500,Completed,2026-03-12,2026-03-14 17:03:00
8089,1352,Pooja Iyer,SSD,5,8000,Pending,2026-06-21,2026-06-22 23:00:00
8090,502,Kiran Patel,Webcam,5,5000,Completed,2026-03-13,2026-03-15 08:55:00
8091,513,Sneha Rao,Mouse,5,1200,Completed,2026-08-18,2026-08-19 09:10:00
8092,994,Manoj Rao,Mouse,1,1200,Cancelled,2026-07-04,2026-07-06 18:31:00
8093,772,Priya Reddy,USB Hub,2,1800,Completed,2026-03-10,2026-03-12 20:10:00
8094,1136,Priya Reddy,Laptop Bag,1,3500,Pending,2026-07-06,2026-07-08 19:01:00
8095,1224,Suresh Kumar,USB Hub,2,1800,Cancelled,2026-02-21,2026-02-23 04:30:00
8096,587,Neha Singh,Laptop Bag,3,3500,Cancelled,2026-02-03,2026-02-04 01:34:00
8097,1223,Ananya Das,SSD,3,8000,Completed,2026-04-21,2026-04-21 10:24:00
8098,647,Sneha Rao,Headphones,1,4500,Completed,2026-06-26,2026-06-28 12:00:00
8099,974,Suresh Kumar,Mobile Phone,1,25000,Completed,2026-07-02,2026-07-04 06:57:00
8100,1412,Vikram Singh,Laptop,2,65000,Completed,2026-04-12,2026-04-13 08:06:00
8101,960,Suresh Kumar,Headphones,3,4500,Cancelled,2026-07-17,2026-07-17 22:33:00
8102,813,Manoj Rao,Keyboard,4,2500,Cancelled,2026-03-05,2026-03-07 00:44:00
8103,1285,Pooja Iyer,Webcam,2,5000,Completed,2026-09-06,2026-09-08 19:17:00
8104,1371,Priya Reddy,Printer,2,12000,Completed,2026-03-26,2026-03-27 22:24:00
8105,662,Neha Singh,Mobile Phone,4,25000,Completed,2026-02-10,2026-02-10 14:29:00
8106,996,Suresh Kumar,Laptop,2,65000,Completed,2026-01-09,2026-01-10 22:58:00
8107,1322,Meera Nair,RAM,3,4000,Completed,2026-06-24,2026-06-26 04:39:00
8108,1470,Divya Menon,USB Hub,4,1800,Completed,2026-01-11,2026-01-13 12:09:00
8109,1465,Meera Nair,USB Hub,5,1800,Completed,2026-08-20,2026-08-22 20:18:00
8110,1077,Divya Menon,Smart Watch,1,7500,Pending,2026-02-01,2026-02-02 17:12:00
8111,1279,Arjun Kumar,Headphones,3,4500,Completed,2026-06-10,2026-06-10 15:14:00
8112,798,Kiran Patel,Mouse,5,1200,Completed,2026-02-10,2026-02-11 00:53:00
8113,845,Ananya Das,Laptop,5,65000,Completed,2026-02-02,2026-02-03 02:14:00
8114,1371,Suresh Kumar,Keyboard,2,2500,Completed,2026-06-02,2026-06-02 23:06:00
8115,557,Meera Nair,Monitor,5,15000,Cancelled,2026-08-18,2026-08-19 08:46:00
8116,1108,Rohit Verma,SSD,4,8000,Completed,2026-07-08,2026-07-08 12:10:00
8117,553,Rohit Verma,Power Bank,4,2200,Completed,2026-01-25,2026-01-27 16:26:00
8118,1383,Sneha Rao,Headphones,3,4500,Completed,2026-06-05,2026-06-06 07:22:00
8119,1051,Neha Singh,Laptop Bag,5,3500,Completed,2026-01-18,2026-01-20 13:20:00
8120,1301,Kiran Patel,Power Bank,3,2200,Completed,2026-08-14,2026-08-14 22:02:00
8121,568,Kiran Patel,RAM,1,4000,Completed,2026-03-31,2026-04-02 04:17:00
8122,1261,Vikram Singh,Smart Watch,2,7500,Pending,2026-08-18,2026-08-18 14:11:00
8123,1329,Priya Reddy,Mobile Phone,2,25000,Pending,2026-01-12,2026-01-14 12:21:00
8124,776,Priya Reddy,Headphones,3,4500,Completed,2026-03-31,2026-04-02 00:57:00
8125,1083,Kiran Patel,Printer,2,12000,Completed,2026-02-28,2026-02-28 18:59:00
8126,1248,Sneha Rao,Laptop,5,65000,Pending,2026-02-15,2026-02-15 05:53:00
8127,908,Rohit Verma,Mouse,1,1200,Completed,2026-01-27,2026-01-28 04:21:00
8128,645,Ananya Das,Printer,2,12000,Completed,2026-02-12,2026-02-14 18:27:00
8129,1113,Manoj Rao,Printer,3,12000,Completed,2026-04-09,2026-04-11 19:44:00
8130,824,Priya Reddy,Mobile Phone,3,25000,Completed,2026-05-27,2026-05-27 19:24:00
8131,580,Vikram Singh,Printer,3,12000,Completed,2026-01-15,2026-01-15 10:17:00
8132,1231,Rahul Sharma,Headphones,3,4500,Completed,2026-07-08,2026-07-11 00:55:00
8133,607,Kiran Patel,Keyboard,1,2500,Completed,2026-01-13,2026-01-13 02:04:00
8134,871,Neha Singh,Keyboard,1,2500,Completed,2026-04-11,2026-04-12 17:44:00
8135,1074,Vikram Singh,Monitor,5,15000,Completed,2026-02-28,2026-03-02 11:28:00
8136,709,Rahul Sharma,Smart Watch,1,7500,Completed,2026-05-07,2026-05-07 06:59:00
8137,1311,Manoj Rao,Tablet,5,30000,Pending,2026-07-13,2026-07-15 13:19:00
8138,502,Rohit Verma,Laptop Bag,2,3500,Completed,2026-07-07,2026-07-07 14:55:00
8139,947,Rahul Sharma,Webcam,1,5000,Cancelled,2026-05-13,2026-05-14 03:12:00
8140,825,Arjun Kumar,Printer,4,12000,Completed,2026-04-09,2026-04-10 00:47:00
8141,1346,Meera Nair,Webcam,1,5000,Completed,2026-07-24,2026-07-25 10:16:00
8142,812,Sneha Rao,Mobile Phone,2,25000,Completed,2026-08-11,2026-08-13 17:55:00
8143,946,Pooja Iyer,Laptop,5,65000,Completed,2026-02-05,2026-02-05 14:36:00
8144,780,Neha Singh,Webcam,4,5000,Cancelled,2026-02-03,2026-02-03 04:52:00
8145,995,Suresh Kumar,Headphones,4,4500,Completed,2026-05-15,2026-05-15 20:37:00
8146,1272,Manoj Rao,USB Hub,5,1800,Cancelled,2026-03-06,2026-03-06 07:33:00
8147,1064,Suresh Kumar,Headphones,1,4500,Pending,2026-06-20,2026-06-21 13:45:00
8148,1237,Meera Nair,Printer,1,12000,Completed,2026-06-09,2026-06-09 01:22:00
8149,686,Meera Nair,USB Hub,2,1800,Completed,2026-03-16,2026-03-18 11:19:00
8150,842,Ananya Das,Laptop,5,65000,Cancelled,2026-01-22,2026-01-24 16:57:00
8151,557,Kiran Patel,Keyboard,3,2500,Cancelled,2026-04-14,2026-04-16 17:41:00
8152,1221,Sneha Rao,Smart Watch,2,7500,Completed,2026-04-27,2026-04-29 02:28:00
8153,1194,Meera Nair,Headphones,5,4500,Pending,2026-05-10,2026-05-10 11:49:00
8154,511,Arjun Kumar,Printer,1,12000,Cancelled,2026-08-27,2026-08-27 11:22:00
8155,700,Arjun Kumar,Webcam,1,5000,Completed,2026-03-23,2026-03-23 15:24:00
8156,1146,Arjun Kumar,Printer,5,12000,Completed,2026-07-15,2026-07-16 02:47:00
8157,958,Suresh Kumar,Smart Watch,3,7500,Completed,2026-02-17,2026-02-18 12:15:00
8158,1261,Rahul Sharma,Webcam,2,5000,Completed,2026-03-24,2026-03-24 19:02:00
8159,1262,Arjun Kumar,SSD,3,8000,Completed,2026-08-01,2026-08-02 14:44:00
8160,745,Kiran Patel,Smart Watch,5,7500,Completed,2026-01-31,2026-01-31 05:01:00
8161,1186,Kiran Patel,Power Bank,4,2200,Completed,2026-07-27,2026-07-28 10:13:00
8162,1001,Priya Reddy,SSD,4,8000,Cancelled,2026-03-30,2026-04-01 04:29:00
8163,642,Rahul Sharma,RAM,3,4000,Completed,2026-01-24,2026-01-24 14:05:00
8164,1326,Vikram Singh,Power Bank,4,2200,Pending,2026-04-12,2026-04-14 12:37:00
8165,985,Suresh Kumar,Webcam,2,5000,Completed,2026-02-23,2026-02-25 09:38:00
8166,514,Priya Reddy,Mouse,5,1200,Completed,2026-04-15,2026-04-17 05:21:00
8167,1484,Vikram Singh,SSD,3,8000,Completed,2026-01-02,2026-01-02 21:22:00
8168,1395,Ajay Reddy,USB Hub,4,1800,Completed,2026-04-21,2026-04-23 19:07:00
8169,1364,Suresh Kumar,Power Bank,5,2200,Cancelled,2026-08-14,2026-08-14 10:40:00
8170,1153,Ajay Reddy,Mobile Phone,4,25000,Completed,2026-07-16,2026-07-18 17:55:00
8171,961,Neha Singh,USB Hub,2,1800,Completed,2026-01-12,2026-01-12 15:34:00
8172,1312,Kiran Patel,Headphones,5,4500,Cancelled,2026-07-24,2026-07-24 07:20:00
8173,1225,Vikram Singh,Headphones,2,4500,Pending,2026-06-13,2026-06-14 00:24:00
8174,773,Rohit Verma,Mobile Phone,5,25000,Completed,2026-01-27,2026-01-29 14:55:00
8175,1347,Meera Nair,Webcam,1,5000,Completed,2026-07-03,2026-07-05 22:28:00
8176,670,Suresh Kumar,Laptop Bag,1,3500,Completed,2026-07-09,2026-07-10 06:40:00
8177,624,Ananya Das,Laptop Bag,5,3500,Pending,2026-05-17,2026-05-19 13:28:00
8178,1423,Kiran Patel,RAM,3,4000,Completed,2026-01-24,2026-01-25 08:56:00
8179,749,Rahul Sharma,Monitor,3,15000,Completed,2026-06-18,2026-06-18 21:13:00
8180,956,Ananya Das,Laptop Bag,4,3500,Cancelled,2026-09-01,2026-09-03 21:33:00
8181,1466,Meera Nair,RAM,1,4000,Pending,2026-02-07,2026-02-07 15:52:00
8182,657,Suresh Kumar,Laptop,2,65000,Completed,2026-05-13,2026-05-13 07:48:00
8183,1031,Pooja Iyer,Webcam,2,5000,Completed,2026-04-08,2026-04-09 14:31:00
8184,1165,Rohit Verma,Laptop Bag,4,3500,Completed,2026-07-07,2026-07-09 23:49:00
8185,1466,Divya Menon,Webcam,3,5000,Completed,2026-05-20,2026-05-20 13:57:00
8186,561,Neha Singh,Tablet,3,30000,Completed,2026-08-03,2026-08-04 07:20:00
8187,1429,Meera Nair,Headphones,3,4500,Completed,2026-07-12,2026-07-12 13:24:00
8188,744,Sneha Rao,Mobile Phone,3,25000,Completed,2026-01-12,2026-01-14 01:18:00
8189,1388,Rohit Verma,USB Hub,3,1800,Cancelled,2026-08-21,2026-08-22 19:21:00
8190,567,Arjun Kumar,Tablet,5,30000,Completed,2026-05-28,2026-05-30 01:09:00
8191,716,Manoj Rao,Smart Watch,4,7500,Completed,2026-07-04,2026-07-05 17:20:00
8192,1253,Vikram Singh,USB Hub,2,1800,Completed,2026-01-26,2026-01-28 16:38:00
8193,932,Pooja Iyer,USB Hub,1,1800,Completed,2026-06-01,2026-06-03 05:38:00
8194,1399,Suresh Kumar,RAM,5,4000,Completed,2026-01-07,2026-01-09 13:10:00
8195,1072,Rohit Verma,Laptop,3,65000,Pending,2026-03-15,2026-03-15 19:35:00
8196,1279,Kiran Patel,Headphones,3,4500,Cancelled,2026-06-16,2026-06-17 00:00:00
8197,1260,Rohit Verma,Tablet,5,30000,Completed,2026-07-12,2026-07-13 14:47:00
8198,677,Pooja Iyer,Laptop,2,65000,Pending,2026-05-07,2026-05-07 16:15:00
8199,701,Vikram Singh,Power Bank,4,2200,Completed,2026-03-25,2026-03-26 12:13:00
8200,1266,Manoj Rao,Smart Watch,5,7500,Cancelled,2026-03-14,2026-03-15 11:20:00
8201,966,Suresh Kumar,Mobile Phone,4,25000,Pending,2026-03-12,2026-03-13 02:09:00
8202,1125,Rohit Verma,Headphones,3,4500,Completed,2026-08-28,2026-08-28 22:02:00
8203,1425,Arjun Kumar,Power Bank,1,2200,Completed,2026-03-03,2026-03-03 06:56:00
8204,542,Divya Menon,Laptop Bag,1,3500,Cancelled,2026-02-07,2026-02-07 13:59:00
8205,581,Arjun Kumar,Webcam,3,5000,Completed,2026-04-17,2026-04-19 06:38:00
8206,1166,Priya Reddy,RAM,2,4000,Completed,2026-02-08,2026-02-09 08:23:00
8207,990,Suresh Kumar,Keyboard,1,2500,Completed,2026-03-20,2026-03-21 22:28:00
8208,795,Ananya Das,SSD,3,8000,Pending,2026-07-12,2026-07-14 01:21:00
8209,1028,Divya Menon,Printer,1,12000,Completed,2026-03-29,2026-03-31 13:39:00
8210,806,Manoj Rao,Keyboard,2,2500,Completed,2026-05-23,2026-05-23 07:47:00
8211,1181,Sneha Rao,Mobile Phone,1,25000,Completed,2026-03-18,2026-03-18 11:25:00
8212,1394,Kiran Patel,Webcam,5,5000,Completed,2026-05-08,2026-05-09 00:28:00
8213,1207,Manoj Rao,Webcam,3,5000,Pending,2026-07-11,2026-07-13 06:12:00
8214,559,Neha Singh,Webcam,1,5000,Cancelled,2026-07-11,2026-07-14 00:50:00
8215,1174,Pooja Iyer,Laptop,1,65000,Completed,2026-04-03,2026-04-05 17:41:00
8216,1041,Manoj Rao,Keyboard,1,2500,Completed,2026-04-28,2026-04-28 08:53:00
8217,804,Divya Menon,Monitor,1,15000,Completed,2026-03-12,2026-03-13 09:55:00
8218,1006,Priya Reddy,Smart Watch,3,7500,Completed,2026-08-25,2026-08-25 14:01:00
8219,1096,Ajay Reddy,Laptop Bag,2,3500,Completed,2026-03-05,2026-03-07 10:03:00
8220,783,Arjun Kumar,Printer,4,12000,Completed,2026-09-02,2026-09-04 12:57:00
8221,1067,Priya Reddy,Printer,1,12000,Cancelled,2026-02-17,2026-02-19 10:34:00
8222,1213,Pooja Iyer,USB Hub,5,1800,Completed,2026-08-03,2026-08-03 22:27:00
8223,506,Ananya Das,Keyboard,4,2500,Pending,2026-03-08,2026-03-09 18:34:00
8224,1306,Rahul Sharma,Mobile Phone,4,25000,Pending,2026-06-23,2026-06-25 12:09:00
8225,985,Sneha Rao,Mobile Phone,3,25000,Cancelled,2026-02-02,2026-02-02 20:40:00
8226,578,Divya Menon,Printer,5,12000,Completed,2026-03-12,2026-03-14 15:44:00
8227,1179,Suresh Kumar,Webcam,5,5000,Pending,2026-06-23,2026-06-24 00:39:00
8228,1490,Suresh Kumar,Mouse,1,1200,Cancelled,2026-01-14,2026-01-14 13:27:00
8229,1131,Kiran Patel,Laptop,4,65000,Completed,2026-01-04,2026-01-05 05:51:00
8230,1070,Priya Reddy,Tablet,4,30000,Completed,2026-08-28,2026-08-29 14:25:00
8231,658,Arjun Kumar,Smart Watch,5,7500,Completed,2026-05-08,2026-05-08 11:40:00
8232,1490,Suresh Kumar,USB Hub,2,1800,Completed,2026-09-07,2026-09-09 17:27:00
8233,993,Neha Singh,Mouse,4,1200,Cancelled,2026-08-24,2026-08-25 08:06:00
8234,830,Rahul Sharma,Mobile Phone,1,25000,Completed,2026-01-24,2026-01-25 06:01:00
8235,1379,Pooja Iyer,Tablet,3,30000,Completed,2026-05-22,2026-05-23 18:21:00
8236,906,Divya Menon,Printer,3,12000,Completed,2026-03-16,2026-03-18 14:55:00
8237,1026,Rahul Sharma,USB Hub,2,1800,Pending,2026-07-15,2026-07-16 00:34:00
8238,997,Sneha Rao,Smart Watch,2,7500,Completed,2026-05-14,2026-05-14 01:30:00
8239,513,Meera Nair,Mouse,4,1200,Completed,2026-01-12,2026-01-13 07:03:00
8240,730,Manoj Rao,Power Bank,1,2200,Completed,2026-08-31,2026-09-02 18:51:00
8241,508,Ananya Das,RAM,5,4000,Completed,2026-03-24,2026-03-26 08:55:00
8242,1122,Divya Menon,RAM,2,4000,Completed,2026-08-21,2026-08-22 14:34:00
8243,628,Sneha Rao,Mouse,1,1200,Completed,2026-08-09,2026-08-11 09:05:00
8244,1061,Ananya Das,Smart Watch,5,7500,Completed,2026-03-10,2026-03-11 04:47:00
8245,847,Rahul Sharma,Smart Watch,1,7500,Completed,2026-03-12,2026-03-14 03:13:00
8246,612,Priya Reddy,Keyboard,5,2500,Completed,2026-09-04,2026-09-06 16:55:00
8247,1267,Arjun Kumar,Mouse,1,1200,Completed,2026-08-10,2026-08-10 16:07:00
8248,1454,Rahul Sharma,USB Hub,5,1800,Cancelled,2026-01-10,2026-01-12 09:46:00
8249,1196,Pooja Iyer,Smart Watch,4,7500,Cancelled,2026-04-29,2026-04-29 06:19:00
8250,1343,Ananya Das,Headphones,3,4500,Pending,2026-01-31,2026-02-01 14:50:00
8251,1212,Arjun Kumar,Laptop,1,65000,Completed,2026-03-07,2026-03-07 12:03:00
8252,1409,Arjun Kumar,RAM,2,4000,Completed,2026-04-04,2026-04-06 06:40:00
8253,950,Ananya Das,RAM,5,4000,Cancelled,2026-05-28,2026-05-29 08:00:00
8254,1219,Manoj Rao,Mouse,5,1200,Completed,2026-03-01,2026-03-03 16:02:00
8255,1468,Ajay Reddy,Webcam,5,5000,Completed,2026-02-11,2026-02-11 10:16:00
8256,1394,Arjun Kumar,Keyboard,3,2500,Completed,2026-03-21,2026-03-22 02:00:00
8257,504,Ajay Reddy,Printer,3,12000,Completed,2026-04-03,2026-04-04 22:15:00
8258,1359,Ananya Das,Smart Watch,3,7500,Completed,2026-02-13,2026-02-14 12:04:00
8259,877,Pooja Iyer,Smart Watch,3,7500,Completed,2026-07-25,2026-07-27 13:27:00
8260,1192,Kiran Patel,Headphones,5,4500,Cancelled,2026-01-17,2026-01-19 03:22:00
8261,1382,Sneha Rao,Monitor,1,15000,Completed,2026-03-11,2026-03-12 15:56:00
8262,562,Meera Nair,Laptop,2,65000,Completed,2026-01-12,2026-01-13 17:20:00
8263,1282,Kiran Patel,Laptop,3,65000,Pending,2026-02-02,2026-02-03 14:51:00
8264,1074,Neha Singh,SSD,3,8000,Completed,2026-01-15,2026-01-15 23:43:00
8265,503,Ajay Reddy,Mobile Phone,1,25000,Completed,2026-09-03,2026-09-04 06:52:00
8266,1378,Vikram Singh,Laptop,4,65000,Pending,2026-08-15,2026-08-17 13:47:00
8267,798,Manoj Rao,SSD,5,8000,Completed,2026-08-26,2026-08-27 09:33:00
8268,678,Rohit Verma,Monitor,5,15000,Completed,2026-05-10,2026-05-12 22:03:00
8269,1085,Sneha Rao,Tablet,3,30000,Completed,2026-01-09,2026-01-09 21:03:00
8270,977,Arjun Kumar,Webcam,5,5000,Pending,2026-07-23,2026-07-25 00:01:00
8271,518,Arjun Kumar,Laptop,3,65000,Completed,2026-01-09,2026-01-11 12:46:00
8272,566,Manoj Rao,Mouse,5,1200,Completed,2026-07-15,2026-07-17 16:09:00
8273,1438,Rohit Verma,Power Bank,1,2200,Completed,2026-06-09,2026-06-09 14:40:00
8274,567,Divya Menon,Mobile Phone,2,25000,Pending,2026-04-15,2026-04-17 05:03:00
8275,595,Sneha Rao,Power Bank,3,2200,Completed,2026-04-04,2026-04-06 20:39:00
8276,1078,Vikram Singh,Mobile Phone,1,25000,Completed,2026-07-01,2026-07-01 12:57:00
8277,960,Rahul Sharma,Tablet,5,30000,Completed,2026-03-24,2026-03-25 05:44:00
8278,701,Rahul Sharma,Laptop,1,65000,Cancelled,2026-06-27,2026-06-28 21:13:00
8279,1008,Neha Singh,Monitor,5,15000,Completed,2026-07-15,2026-07-16 12:20:00
8280,619,Divya Menon,Laptop Bag,1,3500,Completed,2026-02-03,2026-02-04 04:09:00
8281,1320,Vikram Singh,RAM,1,4000,Pending,2026-07-27,2026-07-29 07:44:00
8282,1456,Rohit Verma,Keyboard,2,2500,Pending,2026-05-20,2026-05-21 04:29:00
8283,911,Ananya Das,Laptop,1,65000,Pending,2026-08-01,2026-08-02 03:13:00
8284,525,Suresh Kumar,Laptop Bag,4,3500,Completed,2026-08-13,2026-08-13 09:04:00
8285,799,Rahul Sharma,Power Bank,1,2200,Completed,2026-06-20,2026-06-20 23:33:00
8286,1243,Suresh Kumar,Monitor,4,15000,Completed,2026-04-29,2026-04-29 15:43:00
8287,716,Rohit Verma,Smart Watch,5,7500,Pending,2026-02-03,2026-02-03 07:08:00
8288,1385,Sneha Rao,USB Hub,5,1800,Completed,2026-03-15,2026-03-17 11:33:00
8289,791,Ajay Reddy,USB Hub,1,1800,Pending,2026-06-15,2026-06-17 21:48:00
8290,1010,Ananya Das,Printer,5,12000,Cancelled,2026-05-02,2026-05-02 03:21:00
8291,1058,Manoj Rao,Mobile Phone,4,25000,Completed,2026-07-13,2026-07-14 10:32:00
8292,508,Rahul Sharma,Smart Watch,2,7500,Completed,2026-06-20,2026-06-21 08:02:00
8293,1015,Divya Menon,Webcam,1,5000,Completed,2026-06-28,2026-06-30 06:02:00
8294,1381,Arjun Kumar,Laptop,3,65000,Pending,2026-04-19,2026-04-19 15:52:00
8295,1264,Arjun Kumar,Laptop Bag,5,3500,Completed,2026-06-23,2026-06-25 20:17:00
8296,1287,Manoj Rao,SSD,1,8000,Completed,2026-07-15,2026-07-17 00:38:00
8297,993,Manoj Rao,Webcam,5,5000,Completed,2026-03-29,2026-03-31 03:29:00
8298,1330,Vikram Singh,Keyboard,4,2500,Cancelled,2026-05-22,2026-05-24 06:27:00
8299,1474,Arjun Kumar,Tablet,5,30000,Pending,2026-08-02,2026-08-02 01:50:00
8300,1437,Ajay Reddy,Tablet,3,30000,Pending,2026-01-04,2026-01-06 11:13:00
8301,640,Manoj Rao,Monitor,3,15000,Completed,2026-06-23,2026-06-24 08:52:00
8302,1447,Divya Menon,Laptop,1,65000,Completed,2026-08-20,2026-08-22 10:43:00
8303,983,Kiran Patel,SSD,3,8000,Completed,2026-01-25,2026-01-26 22:47:00
8304,894,Divya Menon,Monitor,1,15000,Completed,2026-09-05,2026-09-05 05:12:00
8305,872,Suresh Kumar,Webcam,2,5000,Completed,2026-04-04,2026-04-04 20:56:00
8306,1067,Rahul Sharma,RAM,3,4000,Completed,2026-08-27,2026-08-29 03:22:00
8307,1387,Ajay Reddy,Keyboard,4,2500,Completed,2026-01-24,2026-01-25 09:51:00
8308,975,Arjun Kumar,Smart Watch,5,7500,Pending,2026-03-28,2026-03-28 13:47:00
8309,1144,Rahul Sharma,Monitor,2,15000,Pending,2026-04-19,2026-04-19 05:14:00
8310,1403,Neha Singh,Smart Watch,3,7500,Completed,2026-07-17,2026-07-19 19:57:00
8311,870,Ajay Reddy,Keyboard,1,2500,Pending,2026-07-27,2026-07-29 17:59:00
8312,610,Manoj Rao,Tablet,4,30000,Completed,2026-03-31,2026-03-31 11:50:00
8313,1134,Arjun Kumar,Laptop Bag,2,3500,Pending,2026-02-05,2026-02-07 06:10:00
8314,1345,Suresh Kumar,Laptop Bag,2,3500,Pending,2026-03-30,2026-03-31 06:35:00
8315,981,Sneha Rao,Power Bank,3,2200,Pending,2026-07-13,2026-07-14 13:32:00
8316,1175,Priya Reddy,Laptop,4,65000,Completed,2026-02-15,2026-02-15 18:47:00
8317,1284,Ananya Das,Tablet,4,30000,Completed,2026-03-04,2026-03-04 13:45:00
8318,1174,Ajay Reddy,Mouse,3,1200,Completed,2026-06-22,2026-06-24 22:27:00
8319,1280,Suresh Kumar,RAM,5,4000,Pending,2026-05-05,2026-05-05 03:46:00
8320,1410,Rohit Verma,SSD,1,8000,Completed,2026-03-15,2026-03-15 05:57:00
8321,596,Kiran Patel,Headphones,1,4500,Pending,2026-01-24,2026-01-25 04:33:00
8322,1355,Kiran Patel,Laptop,5,65000,Pending,2026-03-05,2026-03-07 21:26:00
8323,1089,Kiran Patel,Laptop Bag,5,3500,Completed,2026-08-10,2026-08-10 17:43:00
8324,804,Pooja Iyer,Smart Watch,1,7500,Completed,2026-07-12,2026-07-13 20:09:00
8325,1299,Priya Reddy,Tablet,4,30000,Completed,2026-02-21,2026-02-23 15:56:00
8326,1301,Meera Nair,Laptop,5,65000,Pending,2026-04-24,2026-04-25 02:12:00
8327,1167,Priya Reddy,Power Bank,3,2200,Completed,2026-03-06,2026-03-09 00:59:00
8328,923,Ananya Das,Keyboard,2,2500,Pending,2026-03-02,2026-03-03 11:25:00
8329,814,Suresh Kumar,Printer,2,12000,Completed,2026-03-03,2026-03-05 00:25:00
8330,641,Rohit Verma,USB Hub,2,1800,Completed,2026-01-19,2026-01-20 18:26:00
8331,998,Pooja Iyer,Mouse,2,1200,Cancelled,2026-03-14,2026-03-14 07:00:00
8332,1393,Arjun Kumar,Headphones,5,4500,Completed,2026-03-13,2026-03-13 21:28:00
8333,646,Vikram Singh,Tablet,2,30000,Pending,2026-03-12,2026-03-13 20:02:00
8334,556,Ajay Reddy,Keyboard,1,2500,Cancelled,2026-04-07,2026-04-09 11:10:00
8335,1053,Rohit Verma,Monitor,1,15000,Completed,2026-02-27,2026-02-27 02:56:00
8336,1446,Divya Menon,Keyboard,4,2500,Completed,2026-08-14,2026-08-15 00:09:00
8337,561,Arjun Kumar,Laptop,5,65000,Completed,2026-07-25,2026-07-26 12:28:00
8338,747,Ananya Das,Smart Watch,5,7500,Completed,2026-04-11,2026-04-13 08:08:00
8339,930,Vikram Singh,Mobile Phone,2,25000,Completed,2026-05-03,2026-05-04 08:02:00
8340,1067,Ajay Reddy,USB Hub,1,1800,Pending,2026-07-31,2026-08-01 16:05:00
8341,514,Pooja Iyer,Keyboard,3,2500,Completed,2026-01-31,2026-02-01 06:04:00
8342,1006,Ananya Das,Power Bank,3,2200,Completed,2026-07-30,2026-07-30 21:09:00
8343,714,Arjun Kumar,Laptop,3,65000,Completed,2026-03-27,2026-03-29 19:57:00
8344,1369,Divya Menon,RAM,2,4000,Completed,2026-01-17,2026-01-19 21:12:00
8345,547,Neha Singh,USB Hub,1,1800,Cancelled,2026-02-04,2026-02-05 10:57:00
8346,811,Priya Reddy,Laptop Bag,3,3500,Completed,2026-08-21,2026-08-22 10:13:00
8347,587,Manoj Rao,Monitor,4,15000,Completed,2026-03-28,2026-03-28 17:31:00
8348,1242,Meera Nair,RAM,4,4000,Completed,2026-04-14,2026-04-14 18:14:00
8349,1300,Vikram Singh,Mouse,5,1200,Pending,2026-01-06,2026-01-08 22:00:00
8350,1100,Rohit Verma,Webcam,4,5000,Completed,2026-04-09,2026-04-11 17:54:00
8351,1368,Arjun Kumar,Mouse,5,1200,Completed,2026-01-21,2026-01-22 16:00:00
8352,1080,Suresh Kumar,Monitor,4,15000,Completed,2026-02-03,2026-02-03 05:46:00
8353,821,Suresh Kumar,Keyboard,4,2500,Cancelled,2026-01-06,2026-01-08 15:21:00
8354,822,Neha Singh,Laptop,2,65000,Completed,2026-07-29,2026-07-31 12:42:00
8355,813,Neha Singh,RAM,3,4000,Completed,2026-05-11,2026-05-11 01:59:00
8356,1380,Vikram Singh,Keyboard,2,2500,Completed,2026-04-12,2026-04-13 15:53:00
8357,691,Arjun Kumar,RAM,1,4000,Completed,2026-08-15,2026-08-17 12:59:00
8358,824,Rohit Verma,Monitor,3,15000,Cancelled,2026-07-30,2026-07-31 09:50:00
8359,1412,Meera Nair,Webcam,1,5000,Completed,2026-05-13,2026-05-15 17:30:00
8360,690,Arjun Kumar,Mobile Phone,4,25000,Completed,2026-01-09,2026-01-09 01:56:00
8361,1379,Priya Reddy,Headphones,4,4500,Pending,2026-02-15,2026-02-15 13:34:00
8362,1249,Divya Menon,RAM,3,4000,Cancelled,2026-04-09,2026-04-11 19:59:00
8363,751,Ajay Reddy,Printer,2,12000,Cancelled,2026-03-27,2026-03-29 18:20:00
8364,1389,Rohit Verma,SSD,2,8000,Completed,2026-08-26,2026-08-26 03:50:00
8365,1421,Ananya Das,Laptop,4,65000,Pending,2026-05-11,2026-05-12 06:27:00
8366,1001,Vikram Singh,Mobile Phone,5,25000,Cancelled,2026-02-17,2026-02-18 19:50:00
8367,1251,Ajay Reddy,Monitor,3,15000,Completed,2026-08-16,2026-08-17 14:31:00
8368,941,Priya Reddy,Power Bank,3,2200,Completed,2026-02-28,2026-03-01 01:09:00
8369,1244,Meera Nair,Headphones,3,4500,Completed,2026-06-16,2026-06-17 19:21:00
8370,1136,Meera Nair,Headphones,4,4500,Completed,2026-04-14,2026-04-14 10:23:00
8371,1318,Divya Menon,Headphones,4,4500,Completed,2026-04-09,2026-04-10 10:44:00
8372,1030,Manoj Rao,Smart Watch,3,7500,Completed,2026-04-06,2026-04-06 10:54:00
8373,828,Rahul Sharma,Laptop Bag,1,3500,Completed,2026-07-22,2026-07-24 19:51:00
8374,884,Arjun Kumar,Printer,5,12000,Completed,2026-02-19,2026-02-19 04:33:00
8375,676,Rohit Verma,USB Hub,4,1800,Completed,2026-03-23,2026-03-24 03:14:00
8376,679,Suresh Kumar,USB Hub,4,1800,Completed,2026-09-05,2026-09-07 13:21:00
8377,1206,Pooja Iyer,SSD,5,8000,Completed,2026-04-18,2026-04-18 23:21:00
8378,1083,Ajay Reddy,Headphones,4,4500,Completed,2026-04-10,2026-04-12 04:42:00
8379,1070,Ajay Reddy,Mouse,5,1200,Completed,2026-04-01,2026-04-02 11:31:00
8380,649,Neha Singh,Laptop Bag,1,3500,Completed,2026-03-27,2026-03-28 03:58:00
8381,1196,Priya Reddy,Headphones,3,4500,Cancelled,2026-03-24,2026-03-26 23:24:00
8382,1252,Suresh Kumar,Laptop,5,65000,Completed,2026-01-16,2026-01-18 09:07:00
8383,1219,Vikram Singh,Mouse,4,1200,Pending,2026-05-20,2026-05-21 08:36:00
8384,1346,Ananya Das,Tablet,5,30000,Completed,2026-08-24,2026-08-25 18:13:00
8385,717,Pooja Iyer,Printer,5,12000,Cancelled,2026-03-06,2026-03-06 16:33:00
8386,994,Ajay Reddy,USB Hub,4,1800,Pending,2026-07-30,2026-07-30 08:13:00
8387,1115,Kiran Patel,SSD,3,8000,Completed,2026-03-21,2026-03-23 20:53:00
8388,652,Pooja Iyer,Laptop,3,65000,Pending,2026-04-02,2026-04-03 11:18:00
8389,671,Arjun Kumar,Tablet,2,30000,Cancelled,2026-07-13,2026-07-14 01:35:00
8390,1002,Priya Reddy,Printer,3,12000,Completed,2026-02-19,2026-02-19 05:20:00
8391,808,Manoj Rao,Monitor,3,15000,Completed,2026-01-20,2026-01-20 11:03:00
8392,566,Sneha Rao,SSD,4,8000,Completed,2026-04-15,2026-04-16 12:24:00
8393,1140,Meera Nair,Mouse,4,1200,Completed,2026-02-04,2026-02-05 01:15:00
8394,771,Rohit Verma,RAM,4,4000,Completed,2026-08-17,2026-08-17 11:47:00
8395,1300,Ananya Das,Power Bank,2,2200,Completed,2026-03-29,2026-03-29 02:45:00
8396,1199,Vikram Singh,RAM,1,4000,Completed,2026-01-01,2026-01-03 23:29:00
8397,1317,Ajay Reddy,Webcam,2,5000,Completed,2026-01-29,2026-01-30 09:35:00
8398,784,Pooja Iyer,Monitor,5,15000,Cancelled,2026-03-21,2026-03-22 22:20:00
8399,645,Rahul Sharma,Power Bank,4,2200,Completed,2026-04-09,2026-04-10 08:33:00
8400,1352,Meera Nair,Smart Watch,2,7500,Completed,2026-03-11,2026-03-12 17:34:00
8401,553,Arjun Kumar,Laptop Bag,3,3500,Completed,2026-07-21,2026-07-22 02:59:00
8402,1416,Divya Menon,Laptop,5,65000,Completed,2026-07-20,2026-07-21 01:25:00
8403,628,Neha Singh,RAM,2,4000,Pending,2026-02-28,2026-03-02 15:45:00
8404,1099,Meera Nair,Printer,5,12000,Completed,2026-04-25,2026-04-25 22:11:00
8405,580,Rohit Verma,Headphones,5,4500,Completed,2026-05-04,2026-05-04 17:08:00
8406,1361,Ananya Das,Smart Watch,1,7500,Completed,2026-07-20,2026-07-20 10:09:00
8407,958,Neha Singh,Headphones,2,4500,Completed,2026-04-04,2026-04-05 14:05:00
8408,894,Kiran Patel,Headphones,5,4500,Completed,2026-06-07,2026-06-08 05:24:00
8409,874,Ananya Das,Mouse,5,1200,Pending,2026-01-26,2026-01-26 02:14:00
8410,1355,Manoj Rao,Laptop Bag,3,3500,Pending,2026-07-27,2026-07-27 04:41:00
8411,731,Suresh Kumar,Power Bank,5,2200,Completed,2026-08-18,2026-08-18 15:07:00
8412,880,Kiran Patel,Tablet,4,30000,Pending,2026-01-19,2026-01-21 02:31:00
8413,1003,Ananya Das,Mobile Phone,2,25000,Pending,2026-08-25,2026-08-25 06:45:00
8414,682,Vikram Singh,Mobile Phone,4,25000,Completed,2026-03-12,2026-03-13 23:52:00
8415,856,Vikram Singh,Mobile Phone,3,25000,Completed,2026-08-01,2026-08-04 00:55:00
8416,841,Suresh Kumar,Mouse,3,1200,Pending,2026-01-29,2026-01-30 06:46:00
8417,1438,Meera Nair,Power Bank,2,2200,Completed,2026-09-01,2026-09-02 19:53:00
8418,857,Rahul Sharma,Webcam,2,5000,Completed,2026-08-23,2026-08-24 16:03:00
8419,1003,Rahul Sharma,Keyboard,5,2500,Completed,2026-06-30,2026-06-30 05:30:00
8420,1104,Priya Reddy,Keyboard,4,2500,Cancelled,2026-06-28,2026-06-29 09:22:00
8421,1070,Kiran Patel,Monitor,2,15000,Completed,2026-05-23,2026-05-25 14:18:00
8422,909,Ajay Reddy,Headphones,3,4500,Completed,2026-02-07,2026-02-09 17:36:00
8423,1431,Priya Reddy,Monitor,1,15000,Completed,2026-04-02,2026-04-03 22:25:00
8424,1309,Manoj Rao,SSD,5,8000,Completed,2026-08-21,2026-08-23 00:58:00
8425,832,Arjun Kumar,Smart Watch,2,7500,Completed,2026-01-15,2026-01-15 11:42:00
8426,513,Priya Reddy,Printer,2,12000,Completed,2026-03-17,2026-03-19 15:33:00
8427,538,Suresh Kumar,SSD,2,8000,Completed,2026-08-27,2026-08-27 12:47:00
8428,1416,Meera Nair,Monitor,4,15000,Completed,2026-02-02,2026-02-03 12:03:00
8429,1378,Neha Singh,RAM,4,4000,Completed,2026-02-04,2026-02-05 07:35:00
8430,1298,Pooja Iyer,Smart Watch,5,7500,Completed,2026-08-11,2026-08-12 09:15:00
8431,932,Rahul Sharma,Laptop,1,65000,Pending,2026-04-12,2026-04-14 10:30:00
8432,1245,Kiran Patel,Power Bank,4,2200,Completed,2026-06-13,2026-06-15 13:50:00
8433,1008,Divya Menon,Printer,1,12000,Completed,2026-01-20,2026-01-22 06:59:00
8434,1137,Rahul Sharma,Keyboard,2,2500,Completed,2026-04-24,2026-04-26 03:17:00
8435,933,Vikram Singh,Printer,2,12000,Pending,2026-08-05,2026-08-05 07:08:00
8436,1062,Priya Reddy,Smart Watch,1,7500,Completed,2026-02-19,2026-02-19 08:30:00
8437,924,Meera Nair,Power Bank,2,2200,Cancelled,2026-02-06,2026-02-06 11:48:00
8438,1230,Manoj Rao,Smart Watch,3,7500,Pending,2026-06-11,2026-06-12 05:40:00
8439,625,Pooja Iyer,Laptop,4,65000,Completed,2026-08-01,2026-08-02 01:45:00
8440,582,Meera Nair,Laptop,4,65000,Cancelled,2026-08-04,2026-08-05 06:33:00
8441,732,Sneha Rao,Mouse,1,1200,Completed,2026-04-06,2026-04-06 10:28:00
8442,503,Neha Singh,USB Hub,1,1800,Pending,2026-01-04,2026-01-06 02:30:00
8443,648,Arjun Kumar,Mouse,4,1200,Cancelled,2026-03-27,2026-03-29 00:14:00
8444,817,Pooja Iyer,SSD,3,8000,Completed,2026-04-02,2026-04-03 11:59:00
8445,1243,Ananya Das,Headphones,4,4500,Completed,2026-01-20,2026-01-20 11:19:00
8446,782,Sneha Rao,Mouse,3,1200,Completed,2026-07-18,2026-07-20 22:22:00
8447,1354,Ananya Das,Monitor,2,15000,Completed,2026-09-06,2026-09-08 08:32:00
8448,769,Kiran Patel,SSD,4,8000,Pending,2026-07-01,2026-07-03 10:51:00
8449,837,Ajay Reddy,Tablet,3,30000,Cancelled,2026-01-18,2026-01-18 04:33:00
8450,1490,Suresh Kumar,Monitor,1,15000,Completed,2026-03-25,2026-03-25 07:46:00
8451,723,Rahul Sharma,SSD,1,8000,Completed,2026-06-14,2026-06-14 21:48:00
8452,1341,Sneha Rao,Laptop Bag,5,3500,Cancelled,2026-03-03,2026-03-04 14:26:00
8453,1218,Rahul Sharma,Webcam,5,5000,Completed,2026-06-15,2026-06-15 06:37:00
8454,958,Meera Nair,Tablet,5,30000,Completed,2026-05-28,2026-05-29 03:07:00
8455,1349,Priya Reddy,Mobile Phone,4,25000,Completed,2026-04-15,2026-04-15 23:50:00
8456,872,Priya Reddy,RAM,3,4000,Pending,2026-01-08,2026-01-10 02:00:00
8457,540,Divya Menon,Printer,5,12000,Completed,2026-02-08,2026-02-08 21:33:00
8458,1028,Manoj Rao,Smart Watch,2,7500,Cancelled,2026-01-04,2026-01-04 06:43:00
8459,732,Manoj Rao,RAM,3,4000,Completed,2026-04-19,2026-04-20 04:00:00
8460,1227,Suresh Kumar,Laptop Bag,1,3500,Completed,2026-05-13,2026-05-14 17:22:00
8461,685,Ajay Reddy,Webcam,1,5000,Pending,2026-05-07,2026-05-09 07:44:00
8462,874,Sneha Rao,USB Hub,2,1800,Completed,2026-01-20,2026-01-21 14:21:00
8463,1092,Arjun Kumar,Laptop Bag,2,3500,Completed,2026-01-07,2026-01-09 12:56:00
8464,1394,Suresh Kumar,USB Hub,5,1800,Completed,2026-03-08,2026-03-09 20:36:00
8465,813,Meera Nair,Laptop,3,65000,Completed,2026-08-30,2026-09-01 12:29:00
8466,565,Suresh Kumar,Keyboard,5,2500,Completed,2026-08-30,2026-08-31 20:06:00
8467,1378,Vikram Singh,Smart Watch,4,7500,Completed,2026-08-26,2026-08-27 12:39:00
8468,1450,Kiran Patel,Tablet,3,30000,Completed,2026-06-05,2026-06-07 06:29:00
8469,571,Sneha Rao,Mobile Phone,5,25000,Cancelled,2026-08-23,2026-08-24 20:00:00
8470,730,Suresh Kumar,Smart Watch,4,7500,Cancelled,2026-03-08,2026-03-09 23:14:00
8471,1138,Rohit Verma,Webcam,3,5000,Completed,2026-01-16,2026-01-16 07:42:00
8472,1218,Ananya Das,Webcam,5,5000,Cancelled,2026-06-09,2026-06-10 03:50:00
8473,1351,Ananya Das,SSD,4,8000,Completed,2026-01-04,2026-01-06 19:35:00
8474,1441,Neha Singh,RAM,5,4000,Completed,2026-04-18,2026-04-18 02:34:00
8475,1199,Ananya Das,USB Hub,4,1800,Completed,2026-07-24,2026-07-25 19:51:00
8476,1353,Kiran Patel,USB Hub,3,1800,Pending,2026-05-07,2026-05-08 23:27:00
8477,515,Arjun Kumar,Tablet,1,30000,Completed,2026-05-29,2026-05-29 16:38:00
8478,599,Suresh Kumar,Monitor,3,15000,Completed,2026-06-25,2026-06-27 15:00:00
8479,594,Ajay Reddy,SSD,1,8000,Completed,2026-05-20,2026-05-20 21:55:00
8480,1212,Vikram Singh,RAM,1,4000,Cancelled,2026-08-05,2026-08-05 20:08:00
8481,716,Kiran Patel,Laptop,2,65000,Completed,2026-09-07,2026-09-09 13:17:00
8482,538,Ananya Das,Tablet,4,30000,Completed,2026-05-15,2026-05-18 00:59:00
8483,756,Ananya Das,Laptop Bag,4,3500,Pending,2026-01-06,2026-01-08 19:42:00
8484,630,Arjun Kumar,Laptop,1,65000,Pending,2026-02-27,2026-02-27 19:47:00
8485,904,Vikram Singh,Smart Watch,4,7500,Completed,2026-08-22,2026-08-23 08:56:00
8486,1138,Divya Menon,Power Bank,2,2200,Completed,2026-06-21,2026-06-21 15:23:00
8487,1179,Pooja Iyer,Printer,3,12000,Cancelled,2026-08-06,2026-08-07 13:23:00
8488,763,Rahul Sharma,SSD,1,8000,Completed,2026-08-28,2026-08-29 03:21:00
8489,1334,Vikram Singh,USB Hub,3,1800,Completed,2026-02-21,2026-02-21 21:52:00
8490,1123,Meera Nair,Headphones,2,4500,Completed,2026-05-07,2026-05-08 05:16:00
8491,786,Pooja Iyer,Tablet,3,30000,Completed,2026-06-29,2026-06-30 05:28:00
8492,1169,Arjun Kumar,Power Bank,4,2200,Completed,2026-05-30,2026-05-30 11:51:00
8493,845,Neha Singh,Printer,5,12000,Completed,2026-04-21,2026-04-22 01:49:00
8494,1359,Rahul Sharma,Mouse,1,1200,Completed,2026-05-03,2026-05-03 17:23:00
8495,1238,Suresh Kumar,Webcam,3,5000,Completed,2026-05-01,2026-05-02 18:25:00
8496,1236,Rohit Verma,SSD,1,8000,Completed,2026-07-18,2026-07-19 14:11:00
8497,521,Sneha Rao,Mouse,3,1200,Completed,2026-06-09,2026-06-09 07:28:00
8498,1379,Priya Reddy,Smart Watch,5,7500,Completed,2026-05-31,2026-06-01 12:51:00
8499,713,Kiran Patel,RAM,1,4000,Completed,2026-07-03,2026-07-05 20:48:00
8500,599,Pooja Iyer,Laptop Bag,3,3500,Completed,2026-08-13,2026-08-13 13:40:00
8501,653,Suresh Kumar,SSD,3,8000,Completed,2026-07-16,2026-07-18 19:37:00
8502,1073,Sneha Rao,Mouse,3,1200,Completed,2026-05-18,2026-05-19 17:26:00
8503,805,Priya Reddy,USB Hub,4,1800,Completed,2026-07-31,2026-08-02 05:09:00
8504,908,Manoj Rao,Smart Watch,5,7500,Pending,2026-02-16,2026-02-17 13:47:00
8505,1207,Manoj Rao,Laptop Bag,2,3500,Completed,2026-05-21,2026-05-22 13:06:00
8506,1491,Suresh Kumar,Keyboard,3,2500,Pending,2026-04-14,2026-04-16 18:27:00
8507,1375,Ajay Reddy,Laptop Bag,4,3500,Pending,2026-06-22,2026-06-24 11:31:00
8508,665,Arjun Kumar,Keyboard,5,2500,Completed,2026-07-27,2026-07-29 10:18:00
8509,749,Ananya Das,Monitor,4,15000,Completed,2026-07-25,2026-07-26 14:20:00
8510,1297,Ajay Reddy,Laptop,3,65000,Completed,2026-01-13,2026-01-14 11:45:00
8511,1259,Vikram Singh,Laptop,1,65000,Pending,2026-06-21,2026-06-21 08:06:00
8512,1145,Rahul Sharma,Smart Watch,2,7500,Completed,2026-06-02,2026-06-02 01:29:00
8513,871,Rohit Verma,USB Hub,3,1800,Completed,2026-06-01,2026-06-02 10:30:00
8514,1030,Manoj Rao,RAM,2,4000,Cancelled,2026-03-07,2026-03-07 05:20:00
8515,1182,Vikram Singh,RAM,4,4000,Completed,2026-03-08,2026-03-09 04:31:00
8516,702,Suresh Kumar,Headphones,5,4500,Completed,2026-04-05,2026-04-06 08:57:00
8517,572,Rohit Verma,Keyboard,5,2500,Completed,2026-01-28,2026-01-30 16:06:00
8518,1274,Meera Nair,USB Hub,5,1800,Completed,2026-07-10,2026-07-12 07:34:00
8519,1137,Priya Reddy,Printer,3,12000,Completed,2026-01-02,2026-01-02 05:59:00
8520,1084,Ajay Reddy,Laptop,2,65000,Completed,2026-07-23,2026-07-23 14:53:00
8521,968,Priya Reddy,Printer,3,12000,Pending,2026-03-14,2026-03-14 01:53:00
8522,915,Suresh Kumar,USB Hub,1,1800,Completed,2026-03-08,2026-03-08 16:22:00
8523,593,Ajay Reddy,Printer,2,12000,Completed,2026-01-08,2026-01-08 12:53:00
8524,593,Arjun Kumar,Mouse,5,1200,Completed,2026-04-06,2026-04-06 10:02:00
8525,1496,Sneha Rao,Laptop Bag,5,3500,Pending,2026-08-06,2026-08-08 20:13:00
8526,1063,Rahul Sharma,USB Hub,5,1800,Completed,2026-02-26,2026-02-28 03:53:00
8527,962,Ajay Reddy,Mobile Phone,5,25000,Pending,2026-05-06,2026-05-07 13:29:00
8528,516,Vikram Singh,Keyboard,5,2500,Pending,2026-06-22,2026-06-22 03:03:00
8529,799,Vikram Singh,RAM,3,4000,Pending,2026-02-18,2026-02-18 12:46:00
8530,1217,Divya Menon,USB Hub,5,1800,Completed,2026-05-20,2026-05-20 22:06:00
8531,1399,Vikram Singh,RAM,5,4000,Completed,2026-05-19,2026-05-21 22:22:00
8532,709,Rohit Verma,USB Hub,1,1800,Completed,2026-07-19,2026-07-20 17:05:00
8533,562,Meera Nair,Smart Watch,2,7500,Pending,2026-05-25,2026-05-27 17:26:00
8534,956,Suresh Kumar,Laptop Bag,5,3500,Completed,2026-05-16,2026-05-17 17:19:00
8535,584,Kiran Patel,Webcam,4,5000,Completed,2026-06-21,2026-06-22 06:48:00
8536,1073,Manoj Rao,Keyboard,1,2500,Cancelled,2026-01-31,2026-02-01 07:40:00
8537,1144,Divya Menon,USB Hub,2,1800,Completed,2026-01-24,2026-01-25 03:59:00
8538,1155,Rohit Verma,Mobile Phone,5,25000,Completed,2026-03-31,2026-03-31 06:28:00
8539,875,Divya Menon,RAM,2,4000,Completed,2026-03-30,2026-03-30 22:41:00
8540,1334,Vikram Singh,Tablet,4,30000,Completed,2026-06-21,2026-06-22 03:35:00
8541,925,Neha Singh,Webcam,4,5000,Completed,2026-03-18,2026-03-19 11:48:00
8542,899,Sneha Rao,RAM,1,4000,Pending,2026-05-23,2026-05-25 15:34:00
8543,609,Suresh Kumar,RAM,1,4000,Completed,2026-01-31,2026-02-02 03:39:00
8544,570,Ananya Das,Laptop,4,65000,Completed,2026-07-11,2026-07-12 19:52:00
8545,1010,Rohit Verma,Laptop Bag,5,3500,Cancelled,2026-04-25,2026-04-27 10:10:00
8546,675,Suresh Kumar,Tablet,4,30000,Completed,2026-05-17,2026-05-18 23:04:00
8547,936,Priya Reddy,USB Hub,3,1800,Completed,2026-03-17,2026-03-17 12:06:00
8548,1063,Vikram Singh,Keyboard,1,2500,Pending,2026-04-18,2026-04-18 01:21:00
8549,521,Pooja Iyer,Laptop,5,65000,Completed,2026-01-11,2026-01-12 23:24:00
8550,1330,Neha Singh,Printer,1,12000,Completed,2026-07-31,2026-07-31 21:03:00
8551,1180,Ajay Reddy,SSD,3,8000,Pending,2026-05-08,2026-05-10 04:54:00
8552,1244,Meera Nair,Headphones,4,4500,Completed,2026-06-07,2026-06-09 09:11:00
8553,1090,Suresh Kumar,SSD,1,8000,Completed,2026-05-15,2026-05-16 22:14:00
8554,904,Kiran Patel,Mobile Phone,1,25000,Pending,2026-05-29,2026-05-30 15:05:00
8555,1200,Vikram Singh,Laptop,1,65000,Completed,2026-03-12,2026-03-14 09:38:00
8556,741,Rahul Sharma,Power Bank,1,2200,Pending,2026-01-02,2026-01-02 17:45:00
8557,1153,Neha Singh,Laptop,4,65000,Pending,2026-01-26,2026-01-26 15:21:00
8558,631,Ajay Reddy,USB Hub,1,1800,Completed,2026-08-13,2026-08-15 06:50:00
8559,1148,Meera Nair,Tablet,2,30000,Pending,2026-01-05,2026-01-07 07:14:00
8560,613,Arjun Kumar,Printer,1,12000,Completed,2026-05-23,2026-05-23 22:12:00
8561,969,Pooja Iyer,Laptop Bag,4,3500,Completed,2026-02-19,2026-02-19 23:37:00
8562,634,Kiran Patel,Monitor,5,15000,Pending,2026-01-03,2026-01-03 09:02:00
8563,1433,Meera Nair,SSD,2,8000,Completed,2026-02-10,2026-02-11 20:57:00
8564,841,Ajay Reddy,RAM,3,4000,Completed,2026-01-17,2026-01-18 13:01:00
8565,1128,Arjun Kumar,Monitor,5,15000,Completed,2026-06-28,2026-06-30 23:05:00
8566,864,Rohit Verma,Laptop,5,65000,Completed,2026-04-21,2026-04-23 13:33:00
8567,1376,Pooja Iyer,Laptop Bag,1,3500,Completed,2026-07-30,2026-08-01 13:09:00
8568,656,Sneha Rao,USB Hub,5,1800,Pending,2026-05-13,2026-05-15 02:33:00
8569,1010,Ajay Reddy,Webcam,3,5000,Completed,2026-05-12,2026-05-13 05:51:00
8570,1244,Kiran Patel,USB Hub,2,1800,Completed,2026-04-30,2026-05-02 08:08:00
8571,1145,Ananya Das,Headphones,3,4500,Completed,2026-02-11,2026-02-13 14:47:00
8572,840,Divya Menon,USB Hub,1,1800,Completed,2026-06-28,2026-06-29 06:19:00
8573,642,Ananya Das,SSD,2,8000,Completed,2026-04-06,2026-04-06 01:32:00
8574,1325,Arjun Kumar,Printer,1,12000,Cancelled,2026-04-20,2026-04-21 06:54:00
8575,636,Priya Reddy,Power Bank,5,2200,Completed,2026-07-14,2026-07-15 18:38:00
8576,990,Priya Reddy,Webcam,2,5000,Completed,2026-02-17,2026-02-17 02:02:00
8577,717,Ananya Das,Headphones,5,4500,Completed,2026-02-14,2026-02-16 18:05:00
8578,659,Manoj Rao,Webcam,5,5000,Completed,2026-04-24,2026-04-25 13:51:00
8579,595,Arjun Kumar,Laptop Bag,4,3500,Completed,2026-01-17,2026-01-17 01:56:00
8580,1451,Manoj Rao,Laptop,2,65000,Completed,2026-05-12,2026-05-12 16:10:00
8581,531,Arjun Kumar,Tablet,3,30000,Completed,2026-08-13,2026-08-16 00:55:00
8582,522,Meera Nair,Mouse,3,1200,Pending,2026-07-24,2026-07-25 04:23:00
8583,1186,Kiran Patel,Webcam,3,5000,Completed,2026-08-20,2026-08-20 12:29:00
8584,1113,Neha Singh,Headphones,4,4500,Pending,2026-06-12,2026-06-13 14:56:00
8585,1119,Arjun Kumar,RAM,1,4000,Completed,2026-06-17,2026-06-19 02:58:00
8586,1319,Manoj Rao,Tablet,3,30000,Cancelled,2026-07-31,2026-07-31 11:41:00
8587,985,Kiran Patel,RAM,5,4000,Completed,2026-06-11,2026-06-13 17:37:00
8588,711,Pooja Iyer,Monitor,1,15000,Completed,2026-07-29,2026-07-30 23:07:00
8589,1076,Neha Singh,Printer,1,12000,Completed,2026-05-20,2026-05-22 07:31:00
8590,1361,Manoj Rao,USB Hub,4,1800,Completed,2026-01-15,2026-01-17 12:07:00
8591,873,Vikram Singh,Laptop,5,65000,Pending,2026-02-16,2026-02-17 03:12:00
8592,781,Arjun Kumar,Smart Watch,5,7500,Cancelled,2026-06-04,2026-06-06 15:18:00
8593,841,Ananya Das,SSD,2,8000,Cancelled,2026-02-28,2026-03-01 18:34:00
8594,1382,Manoj Rao,Printer,3,12000,Completed,2026-08-09,2026-08-09 23:55:00
8595,1407,Rohit Verma,Laptop,1,65000,Pending,2026-04-18,2026-04-18 14:12:00
8596,1141,Priya Reddy,Monitor,3,15000,Pending,2026-07-31,2026-07-31 16:20:00
8597,1414,Rahul Sharma,Mobile Phone,1,25000,Completed,2026-03-15,2026-03-15 04:10:00
8598,931,Neha Singh,Printer,5,12000,Pending,2026-01-25,2026-01-25 09:18:00
8599,1434,Pooja Iyer,RAM,5,4000,Completed,2026-01-09,2026-01-10 10:16:00
8600,1340,Rahul Sharma,Laptop Bag,1,3500,Pending,2026-05-15,2026-05-15 05:19:00
8601,734,Priya Reddy,RAM,5,4000,Pending,2026-03-28,2026-03-28 03:32:00
8602,1332,Vikram Singh,Mouse,2,1200,Completed,2026-04-16,2026-04-16 20:22:00
8603,1216,Manoj Rao,Mobile Phone,4,25000,Completed,2026-03-19,2026-03-20 04:27:00
8604,699,Rahul Sharma,Laptop,3,65000,Completed,2026-01-17,2026-01-17 04:56:00
8605,529,Divya Menon,Power Bank,1,2200,Completed,2026-05-31,2026-06-02 13:05:00
8606,1348,Vikram Singh,Laptop,5,65000,Completed,2026-06-28,2026-06-29 04:24:00
8607,1008,Kiran Patel,Tablet,4,30000,Completed,2026-08-02,2026-08-04 20:13:00
8608,674,Meera Nair,Smart Watch,1,7500,Cancelled,2026-02-03,2026-02-04 07:45:00
8609,1253,Rohit Verma,SSD,5,8000,Pending,2026-03-01,2026-03-01 13:23:00
8610,561,Ananya Das,USB Hub,2,1800,Completed,2026-05-17,2026-05-19 02:22:00
8611,846,Ajay Reddy,Keyboard,2,2500,Completed,2026-04-18,2026-04-19 12:19:00
8612,725,Suresh Kumar,Mobile Phone,5,25000,Pending,2026-07-02,2026-07-02 05:40:00
8613,1350,Kiran Patel,RAM,3,4000,Completed,2026-03-02,2026-03-04 02:32:00
8614,762,Ananya Das,SSD,1,8000,Pending,2026-08-24,2026-08-25 13:59:00
8615,1429,Kiran Patel,Mobile Phone,2,25000,Completed,2026-02-26,2026-02-28 07:17:00
8616,1170,Divya Menon,Keyboard,1,2500,Completed,2026-02-02,2026-02-03 06:18:00
8617,599,Rahul Sharma,SSD,2,8000,Pending,2026-05-30,2026-06-01 18:09:00
8618,1104,Manoj Rao,Laptop,2,65000,Completed,2026-01-22,2026-01-23 19:04:00
8619,838,Ananya Das,Power Bank,1,2200,Completed,2026-05-11,2026-05-13 18:43:00
8620,699,Vikram Singh,Keyboard,3,2500,Completed,2026-07-12,2026-07-14 15:20:00
8621,1002,Ajay Reddy,SSD,1,8000,Completed,2026-06-07,2026-06-09 06:47:00
8622,845,Kiran Patel,Laptop,4,65000,Completed,2026-01-23,2026-01-26 00:38:00
8623,580,Manoj Rao,Laptop Bag,2,3500,Completed,2026-03-07,2026-03-09 17:15:00
8624,1208,Rahul Sharma,Mouse,1,1200,Completed,2026-06-06,2026-06-07 12:42:00
8625,813,Priya Reddy,Tablet,3,30000,Pending,2026-01-09,2026-01-09 09:12:00
8626,1192,Arjun Kumar,Headphones,5,4500,Pending,2026-01-20,2026-01-21 06:35:00
8627,1219,Suresh Kumar,Tablet,3,30000,Cancelled,2026-07-21,2026-07-21 11:17:00
8628,669,Manoj Rao,Laptop Bag,3,3500,Pending,2026-04-08,2026-04-08 23:01:00
8629,995,Meera Nair,Printer,1,12000,Completed,2026-04-12,2026-04-13 08:44:00
8630,1367,Rahul Sharma,Mobile Phone,5,25000,Pending,2026-07-09,2026-07-11 17:06:00
8631,1287,Meera Nair,Webcam,4,5000,Completed,2026-07-23,2026-07-25 04:12:00
8632,1361,Pooja Iyer,Printer,1,12000,Cancelled,2026-01-30,2026-01-31 19:23:00
8633,632,Arjun Kumar,Power Bank,2,2200,Completed,2026-08-06,2026-08-07 07:03:00
8634,1349,Rahul Sharma,Headphones,2,4500,Cancelled,2026-01-09,2026-01-10 00:53:00
8635,578,Neha Singh,Laptop,5,65000,Completed,2026-05-06,2026-05-08 16:41:00
8636,1199,Kiran Patel,Laptop Bag,5,3500,Completed,2026-01-14,2026-01-15 03:17:00
8637,1018,Rohit Verma,RAM,1,4000,Completed,2026-01-02,2026-01-02 09:06:00
8638,660,Sneha Rao,Laptop,2,65000,Completed,2026-03-01,2026-03-03 09:08:00
8639,922,Arjun Kumar,Mouse,1,1200,Pending,2026-02-28,2026-03-01 20:00:00
8640,1294,Rohit Verma,Smart Watch,1,7500,Completed,2026-08-20,2026-08-20 09:51:00
8641,1052,Manoj Rao,Printer,1,12000,Completed,2026-02-23,2026-02-25 01:25:00
8642,584,Vikram Singh,SSD,1,8000,Pending,2026-03-26,2026-03-26 12:54:00
8643,1464,Ananya Das,Keyboard,3,2500,Completed,2026-04-05,2026-04-05 23:43:00
8644,1101,Divya Menon,USB Hub,3,1800,Cancelled,2026-02-03,2026-02-05 12:57:00
8645,757,Manoj Rao,Headphones,5,4500,Completed,2026-07-07,2026-07-09 10:39:00
8646,775,Vikram Singh,Headphones,3,4500,Completed,2026-01-27,2026-01-28 19:11:00
8647,889,Arjun Kumar,Keyboard,4,2500,Completed,2026-07-04,2026-07-04 22:04:00
8648,1170,Pooja Iyer,Keyboard,3,2500,Pending,2026-04-18,2026-04-20 09:45:00
8649,1245,Arjun Kumar,Mouse,1,1200,Pending,2026-01-21,2026-01-23 11:11:00
8650,1313,Rohit Verma,Laptop,1,65000,Completed,2026-04-16,2026-04-18 19:12:00
8651,851,Ananya Das,Laptop,2,65000,Completed,2026-01-02,2026-01-03 00:20:00
8652,1351,Kiran Patel,Webcam,4,5000,Pending,2026-07-11,2026-07-11 03:27:00
8653,1381,Vikram Singh,Power Bank,2,2200,Completed,2026-02-02,2026-02-02 23:26:00
8654,867,Rohit Verma,Headphones,2,4500,Cancelled,2026-07-20,2026-07-22 11:37:00
8655,876,Meera Nair,Tablet,5,30000,Cancelled,2026-09-04,2026-09-06 01:21:00
8656,1399,Suresh Kumar,USB Hub,1,1800,Completed,2026-02-18,2026-02-18 20:07:00
8657,530,Divya Menon,Laptop,2,65000,Completed,2026-07-29,2026-07-29 09:08:00
8658,910,Neha Singh,Monitor,2,15000,Completed,2026-07-30,2026-07-30 10:29:00
8659,1459,Divya Menon,Webcam,1,5000,Completed,2026-03-29,2026-03-29 16:51:00
8660,812,Rahul Sharma,RAM,3,4000,Cancelled,2026-01-03,2026-01-03 16:16:00
8661,1293,Rahul Sharma,USB Hub,5,1800,Completed,2026-03-28,2026-03-28 15:36:00
8662,670,Priya Reddy,Webcam,2,5000,Completed,2026-06-15,2026-06-15 01:44:00
8663,902,Kiran Patel,Laptop,5,65000,Completed,2026-03-28,2026-03-28 22:00:00
8664,774,Neha Singh,USB Hub,3,1800,Completed,2026-08-29,2026-08-31 22:50:00
8665,1417,Rahul Sharma,Laptop Bag,3,3500,Pending,2026-03-25,2026-03-27 17:31:00
8666,996,Manoj Rao,Keyboard,1,2500,Completed,2026-07-19,2026-07-20 12:03:00
8667,862,Rahul Sharma,Laptop Bag,3,3500,Completed,2026-01-20,2026-01-23 00:57:00
8668,1089,Arjun Kumar,Power Bank,1,2200,Completed,2026-03-05,2026-03-06 20:43:00
8669,1389,Vikram Singh,Mobile Phone,5,25000,Completed,2026-07-15,2026-07-15 22:57:00
8670,791,Sneha Rao,Power Bank,3,2200,Completed,2026-02-24,2026-02-26 09:56:00
8671,849,Vikram Singh,Tablet,2,30000,Pending,2026-02-01,2026-02-01 13:44:00
8672,1172,Vikram Singh,Monitor,3,15000,Pending,2026-03-11,2026-03-12 23:39:00
8673,528,Rohit Verma,Monitor,3,15000,Cancelled,2026-02-28,2026-02-28 06:53:00
8674,618,Priya Reddy,Printer,4,12000,Completed,2026-08-26,2026-08-28 15:40:00
8675,1290,Pooja Iyer,Smart Watch,2,7500,Completed,2026-02-21,2026-02-23 19:14:00
8676,1210,Rohit Verma,RAM,4,4000,Cancelled,2026-03-13,2026-03-14 11:53:00
8677,1149,Arjun Kumar,Mouse,2,1200,Completed,2026-03-22,2026-03-23 23:28:00
8678,892,Meera Nair,Laptop,3,65000,Pending,2026-02-11,2026-02-13 17:03:00
8679,1270,Divya Menon,Keyboard,4,2500,Completed,2026-05-22,2026-05-23 22:48:00
8680,961,Sneha Rao,Mobile Phone,3,25000,Completed,2026-01-31,2026-01-31 14:14:00
8681,659,Priya Reddy,Printer,5,12000,Completed,2026-05-03,2026-05-04 15:57:00
8682,1421,Pooja Iyer,Tablet,2,30000,Completed,2026-01-30,2026-02-01 13:03:00
8683,970,Kiran Patel,Power Bank,2,2200,Completed,2026-03-30,2026-03-30 05:43:00
8684,581,Sneha Rao,Headphones,2,4500,Pending,2026-04-22,2026-04-22 11:48:00
8685,512,Neha Singh,Headphones,5,4500,Cancelled,2026-04-29,2026-04-30 21:44:00
8686,509,Kiran Patel,Mouse,1,1200,Pending,2026-05-30,2026-06-02 00:56:00
8687,971,Vikram Singh,USB Hub,2,1800,Completed,2026-06-20,2026-06-20 02:25:00
8688,1017,Sneha Rao,SSD,4,8000,Completed,2026-01-21,2026-01-22 07:14:00
8689,1024,Suresh Kumar,Power Bank,3,2200,Completed,2026-09-03,2026-09-03 16:20:00
8690,1232,Ajay Reddy,USB Hub,5,1800,Completed,2026-04-27,2026-04-29 12:38:00
8691,1268,Sneha Rao,Power Bank,5,2200,Completed,2026-08-23,2026-08-24 11:48:00
8692,554,Manoj Rao,Laptop,3,65000,Completed,2026-04-23,2026-04-23 20:25:00
8693,681,Pooja Iyer,Printer,2,12000,Completed,2026-09-08,2026-09-08 05:36:00
8694,1079,Rahul Sharma,SSD,2,8000,Completed,2026-01-16,2026-01-18 20:17:00
8695,1183,Priya Reddy,Mobile Phone,3,25000,Completed,2026-06-12,2026-06-14 07:06:00
8696,652,Priya Reddy,SSD,1,8000,Cancelled,2026-01-18,2026-01-18 11:40:00
8697,1335,Manoj Rao,Webcam,5,5000,Completed,2026-06-22,2026-06-24 12:17:00
8698,618,Kiran Patel,SSD,4,8000,Completed,2026-02-19,2026-02-20 06:24:00
8699,1021,Ananya Das,Headphones,4,4500,Pending,2026-07-27,2026-07-27 17:24:00
8700,569,Priya Reddy,Tablet,3,30000,Completed,2026-02-26,2026-02-27 07:39:00
8701,780,Meera Nair,Smart Watch,4,7500,Cancelled,2026-02-26,2026-02-26 21:26:00
8702,1273,Kiran Patel,Mobile Phone,5,25000,Completed,2026-04-18,2026-04-19 22:43:00
8703,1437,Ajay Reddy,Power Bank,4,2200,Cancelled,2026-08-12,2026-08-12 11:41:00
8704,1080,Arjun Kumar,USB Hub,3,1800,Completed,2026-01-05,2026-01-05 17:57:00
8705,646,Rohit Verma,Printer,4,12000,Pending,2026-01-18,2026-01-19 12:53:00
8706,1336,Sneha Rao,Monitor,4,15000,Completed,2026-05-10,2026-05-12 16:28:00
8707,950,Rohit Verma,Smart Watch,3,7500,Pending,2026-05-15,2026-05-17 12:27:00
8708,1370,Ajay Reddy,Smart Watch,2,7500,Completed,2026-06-27,2026-06-27 11:53:00
8709,1018,Sneha Rao,Printer,4,12000,Completed,2026-01-06,2026-01-06 12:19:00
8710,1317,Sneha Rao,Mouse,2,1200,Completed,2026-03-09,2026-03-11 14:47:00
8711,1303,Vikram Singh,Laptop,3,65000,Completed,2026-03-01,2026-03-02 02:45:00
8712,1274,Arjun Kumar,Tablet,4,30000,Cancelled,2026-05-21,2026-05-22 04:09:00
8713,647,Rahul Sharma,Laptop,4,65000,Cancelled,2026-06-04,2026-06-06 16:38:00
8714,906,Manoj Rao,Laptop Bag,2,3500,Completed,2026-05-16,2026-05-18 09:03:00
8715,664,Kiran Patel,USB Hub,2,1800,Completed,2026-07-29,2026-07-30 09:22:00
8716,964,Priya Reddy,Monitor,3,15000,Pending,2026-02-20,2026-02-20 16:21:00
8717,850,Ananya Das,Mobile Phone,2,25000,Completed,2026-06-07,2026-06-09 07:20:00
8718,913,Rohit Verma,Smart Watch,2,7500,Cancelled,2026-03-22,2026-03-22 22:34:00
8719,1095,Vikram Singh,Laptop,4,65000,Pending,2026-04-25,2026-04-27 21:21:00
8720,1178,Ajay Reddy,USB Hub,5,1800,Pending,2026-08-30,2026-09-01 18:46:00
8721,865,Priya Reddy,Tablet,5,30000,Completed,2026-04-14,2026-04-14 22:49:00
8722,1223,Rohit Verma,Power Bank,2,2200,Pending,2026-08-28,2026-08-30 09:29:00
8723,521,Manoj Rao,Smart Watch,2,7500,Completed,2026-09-06,2026-09-08 14:27:00
8724,1037,Rahul Sharma,USB Hub,2,1800,Completed,2026-06-08,2026-06-08 20:54:00
8725,1176,Ajay Reddy,RAM,5,4000,Completed,2026-04-23,2026-04-25 00:47:00
8726,641,Suresh Kumar,Laptop Bag,1,3500,Pending,2026-02-12,2026-02-13 11:12:00
8727,1497,Suresh Kumar,USB Hub,4,1800,Completed,2026-01-09,2026-01-10 05:24:00
8728,1049,Kiran Patel,Printer,5,12000,Completed,2026-08-29,2026-08-29 20:10:00
8729,783,Neha Singh,SSD,1,8000,Completed,2026-01-12,2026-01-13 23:12:00
8730,756,Rohit Verma,SSD,5,8000,Pending,2026-04-13,2026-04-14 19:33:00
8731,1052,Rahul Sharma,Power Bank,5,2200,Pending,2026-05-14,2026-05-14 21:42:00
8732,1020,Meera Nair,Headphones,5,4500,Completed,2026-04-30,2026-05-02 01:08:00
8733,662,Vikram Singh,Laptop Bag,2,3500,Completed,2026-08-27,2026-08-29 03:51:00
8734,614,Ananya Das,Laptop,5,65000,Completed,2026-07-04,2026-07-06 03:32:00
8735,721,Pooja Iyer,USB Hub,3,1800,Completed,2026-06-23,2026-06-23 22:05:00
8736,1196,Kiran Patel,Laptop,4,65000,Completed,2026-02-14,2026-02-17 00:04:00
8737,853,Manoj Rao,Webcam,1,5000,Completed,2026-09-02,2026-09-03 07:45:00
8738,1422,Rohit Verma,Monitor,2,15000,Completed,2026-08-16,2026-08-16 03:10:00
8739,1478,Pooja Iyer,SSD,1,8000,Pending,2026-01-17,2026-01-18 12:09:00
8740,1350,Vikram Singh,Mouse,1,1200,Pending,2026-02-21,2026-02-22 17:01:00
8741,567,Vikram Singh,Mouse,4,1200,Completed,2026-02-16,2026-02-18 04:55:00
8742,602,Meera Nair,Laptop Bag,3,3500,Completed,2026-05-08,2026-05-10 19:45:00
8743,1251,Ananya Das,Headphones,5,4500,Completed,2026-04-20,2026-04-22 00:59:00
8744,1364,Kiran Patel,Smart Watch,5,7500,Completed,2026-04-25,2026-04-26 18:24:00
8745,703,Rahul Sharma,SSD,3,8000,Pending,2026-02-23,2026-02-23 15:57:00
8746,1338,Neha Singh,Tablet,4,30000,Pending,2026-04-26,2026-04-28 17:38:00
8747,833,Pooja Iyer,Monitor,3,15000,Completed,2026-03-21,2026-03-23 02:52:00
8748,635,Priya Reddy,SSD,5,8000,Completed,2026-07-04,2026-07-05 14:55:00
8749,749,Pooja Iyer,USB Hub,5,1800,Completed,2026-05-10,2026-05-11 12:51:00
8750,570,Suresh Kumar,USB Hub,2,1800,Pending,2026-02-28,2026-02-28 12:18:00
8751,589,Rahul Sharma,Webcam,2,5000,Completed,2026-05-29,2026-05-30 06:11:00
8752,673,Neha Singh,USB Hub,3,1800,Pending,2026-06-06,2026-06-07 11:48:00
8753,1124,Meera Nair,Webcam,5,5000,Completed,2026-05-11,2026-05-13 07:05:00
8754,1090,Priya Reddy,Monitor,1,15000,Completed,2026-08-26,2026-08-26 23:29:00
8755,1096,Manoj Rao,USB Hub,5,1800,Completed,2026-01-16,2026-01-16 17:12:00
8756,1465,Meera Nair,Keyboard,2,2500,Completed,2026-01-30,2026-01-30 04:11:00
8757,638,Priya Reddy,Monitor,4,15000,Completed,2026-04-09,2026-04-11 02:36:00
8758,1500,Meera Nair,Webcam,5,5000,Completed,2026-05-12,2026-05-12 01:26:00
8759,1386,Priya Reddy,Laptop Bag,4,3500,Completed,2026-08-11,2026-08-13 17:04:00
8760,545,Meera Nair,Tablet,1,30000,Completed,2026-04-23,2026-04-24 20:27:00
8761,1103,Neha Singh,Tablet,2,30000,Completed,2026-07-19,2026-07-21 23:07:00
8762,1293,Rahul Sharma,Tablet,2,30000,Completed,2026-05-10,2026-05-12 10:33:00
8763,1441,Rahul Sharma,SSD,1,8000,Completed,2026-03-16,2026-03-16 19:43:00
8764,1202,Ananya Das,Power Bank,1,2200,Completed,2026-04-16,2026-04-17 07:23:00
8765,1294,Kiran Patel,Monitor,5,15000,Completed,2026-01-15,2026-01-16 14:53:00
8766,1213,Pooja Iyer,Power Bank,1,2200,Cancelled,2026-05-09,2026-05-09 15:27:00
8767,886,Rohit Verma,Monitor,1,15000,Completed,2026-07-06,2026-07-08 13:42:00
8768,769,Arjun Kumar,Tablet,5,30000,Completed,2026-04-19,2026-04-19 07:49:00
8769,1155,Ajay Reddy,USB Hub,3,1800,Completed,2026-02-03,2026-02-04 21:29:00
8770,708,Kiran Patel,Laptop,2,65000,Completed,2026-07-23,2026-07-25 01:40:00
8771,585,Neha Singh,USB Hub,5,1800,Pending,2026-01-02,2026-01-04 17:06:00
8772,1064,Kiran Patel,Printer,4,12000,Completed,2026-07-30,2026-07-30 17:41:00
8773,1171,Divya Menon,Monitor,4,15000,Completed,2026-05-06,2026-05-08 14:51:00
8774,1366,Ananya Das,Monitor,4,15000,Completed,2026-03-23,2026-03-24 06:35:00
8775,1076,Sneha Rao,Power Bank,3,2200,Pending,2026-02-10,2026-02-10 10:53:00
8776,1167,Pooja Iyer,Smart Watch,5,7500,Pending,2026-05-22,2026-05-24 20:10:00
8777,518,Kiran Patel,USB Hub,3,1800,Completed,2026-01-31,2026-02-01 08:10:00
8778,1086,Rahul Sharma,Laptop,1,65000,Completed,2026-04-23,2026-04-24 21:18:00
8779,1077,Vikram Singh,RAM,5,4000,Completed,2026-04-15,2026-04-16 21:38:00
8780,846,Rahul Sharma,Laptop Bag,1,3500,Cancelled,2026-08-09,2026-08-09 17:03:00
8781,640,Priya Reddy,Laptop,4,65000,Completed,2026-02-18,2026-02-19 19:15:00
8782,894,Vikram Singh,Laptop,2,65000,Cancelled,2026-06-17,2026-06-17 19:49:00
8783,1391,Meera Nair,Monitor,3,15000,Completed,2026-03-09,2026-03-10 04:36:00
8784,1405,Priya Reddy,Laptop Bag,5,3500,Pending,2026-08-28,2026-08-28 07:43:00
8785,1092,Manoj Rao,Headphones,5,4500,Completed,2026-06-21,2026-06-23 15:10:00
8786,1040,Vikram Singh,Monitor,3,15000,Completed,2026-08-19,2026-08-20 00:08:00
8787,646,Suresh Kumar,Tablet,1,30000,Completed,2026-04-09,2026-04-10 22:05:00
8788,708,Priya Reddy,Headphones,4,4500,Completed,2026-01-31,2026-02-01 02:54:00
8789,1235,Vikram Singh,Power Bank,3,2200,Completed,2026-04-19,2026-04-21 23:32:00
8790,607,Kiran Patel,Tablet,2,30000,Completed,2026-05-06,2026-05-07 09:44:00
8791,560,Manoj Rao,SSD,2,8000,Completed,2026-05-27,2026-05-28 11:11:00
8792,1400,Sneha Rao,Webcam,3,5000,Completed,2026-03-19,2026-03-20 08:00:00
8793,1483,Kiran Patel,Laptop,3,65000,Completed,2026-05-28,2026-05-30 14:29:00
8794,1188,Kiran Patel,Mobile Phone,1,25000,Completed,2026-05-02,2026-05-04 07:01:00
8795,885,Arjun Kumar,Smart Watch,2,7500,Pending,2026-02-24,2026-02-26 01:53:00
8796,583,Arjun Kumar,Headphones,3,4500,Completed,2026-03-31,2026-03-31 13:35:00
8797,810,Ananya Das,Monitor,1,15000,Completed,2026-01-14,2026-01-15 18:58:00
8798,850,Arjun Kumar,SSD,3,8000,Completed,2026-08-08,2026-08-08 04:29:00
8799,642,Sneha Rao,Laptop Bag,3,3500,Completed,2026-08-13,2026-08-13 16:27:00
8800,715,Divya Menon,Webcam,5,5000,Completed,2026-07-21,2026-07-23 20:13:00
8801,1355,Ajay Reddy,USB Hub,1,1800,Completed,2026-07-13,2026-07-13 21:50:00
8802,1398,Divya Menon,Power Bank,3,2200,Completed,2026-05-13,2026-05-14 10:05:00
8803,506,Manoj Rao,USB Hub,3,1800,Completed,2026-03-06,2026-03-08 09:44:00
8804,1143,Kiran Patel,Keyboard,5,2500,Completed,2026-04-08,2026-04-10 11:17:00
8805,1436,Sneha Rao,Laptop Bag,1,3500,Completed,2026-01-05,2026-01-06 10:10:00
8806,706,Arjun Kumar,Webcam,3,5000,Completed,2026-07-11,2026-07-11 07:21:00
8807,745,Priya Reddy,Laptop,4,65000,Completed,2026-03-20,2026-03-21 01:25:00
8808,960,Meera Nair,Headphones,4,4500,Completed,2026-05-14,2026-05-14 19:26:00
8809,786,Priya Reddy,Mobile Phone,1,25000,Completed,2026-01-24,2026-01-24 01:36:00
8810,1475,Suresh Kumar,Webcam,3,5000,Completed,2026-01-29,2026-02-01 00:09:00
8811,1361,Sneha Rao,Mouse,1,1200,Completed,2026-01-12,2026-01-13 10:12:00
8812,810,Ajay Reddy,Webcam,1,5000,Completed,2026-08-03,2026-08-05 21:28:00
8813,1287,Ananya Das,Smart Watch,3,7500,Pending,2026-08-05,2026-08-06 16:22:00
8814,710,Divya Menon,SSD,1,8000,Pending,2026-06-09,2026-06-10 19:20:00
8815,721,Arjun Kumar,RAM,2,4000,Completed,2026-06-13,2026-06-13 21:14:00
8816,1180,Divya Menon,Monitor,4,15000,Pending,2026-08-15,2026-08-17 12:59:00
8817,895,Ajay Reddy,Webcam,3,5000,Completed,2026-04-21,2026-04-22 20:25:00
8818,1375,Pooja Iyer,Printer,1,12000,Pending,2026-02-25,2026-02-26 00:33:00
8819,1263,Vikram Singh,Monitor,3,15000,Completed,2026-03-30,2026-03-30 21:43:00
8820,818,Priya Reddy,Mobile Phone,5,25000,Completed,2026-09-03,2026-09-03 06:23:00
8821,934,Neha Singh,Keyboard,5,2500,Completed,2026-03-02,2026-03-03 00:04:00
8822,1277,Ajay Reddy,Power Bank,4,2200,Pending,2026-01-30,2026-01-30 04:27:00
8823,580,Manoj Rao,USB Hub,4,1800,Completed,2026-03-04,2026-03-04 09:21:00
8824,1232,Rohit Verma,USB Hub,2,1800,Completed,2026-05-03,2026-05-05 12:34:00
8825,1495,Vikram Singh,Monitor,3,15000,Pending,2026-08-01,2026-08-02 22:54:00
8826,770,Rahul Sharma,Laptop Bag,3,3500,Completed,2026-05-09,2026-05-09 22:08:00
8827,1080,Sneha Rao,Keyboard,5,2500,Cancelled,2026-06-12,2026-06-12 14:07:00
8828,1214,Vikram Singh,USB Hub,4,1800,Completed,2026-09-05,2026-09-08 00:23:00
8829,792,Priya Reddy,Monitor,1,15000,Pending,2026-03-05,2026-03-05 22:49:00
8830,791,Vikram Singh,Tablet,5,30000,Completed,2026-04-13,2026-04-15 10:22:00
8831,1042,Ajay Reddy,Printer,3,12000,Pending,2026-03-08,2026-03-08 08:12:00
8832,824,Sneha Rao,Smart Watch,4,7500,Cancelled,2026-03-04,2026-03-06 18:54:00
8833,992,Pooja Iyer,Mobile Phone,5,25000,Completed,2026-03-08,2026-03-10 06:11:00
8834,804,Pooja Iyer,Headphones,2,4500,Completed,2026-01-28,2026-01-29 22:12:00
8835,1410,Priya Reddy,Tablet,3,30000,Pending,2026-08-03,2026-08-05 20:57:00
8836,1110,Rahul Sharma,Mouse,5,1200,Completed,2026-04-17,2026-04-19 19:26:00
8837,1336,Meera Nair,Keyboard,5,2500,Completed,2026-08-13,2026-08-15 23:17:00
8838,1295,Kiran Patel,Printer,5,12000,Completed,2026-08-13,2026-08-14 07:17:00
8839,604,Suresh Kumar,Webcam,2,5000,Completed,2026-01-07,2026-01-08 19:40:00
8840,1235,Manoj Rao,Laptop,3,65000,Pending,2026-02-24,2026-02-25 22:26:00
8841,845,Vikram Singh,Webcam,2,5000,Pending,2026-03-21,2026-03-23 10:02:00
8842,1102,Ananya Das,Laptop,2,65000,Cancelled,2026-02-21,2026-02-21 17:11:00
8843,1219,Pooja Iyer,USB Hub,3,1800,Completed,2026-05-09,2026-05-10 10:10:00
8844,1029,Priya Reddy,Webcam,4,5000,Completed,2026-05-15,2026-05-17 07:23:00
8845,1118,Pooja Iyer,SSD,5,8000,Completed,2026-07-08,2026-07-11 00:25:00
8846,1302,Meera Nair,Laptop Bag,1,3500,Completed,2026-04-08,2026-04-08 15:53:00
8847,1212,Kiran Patel,SSD,3,8000,Pending,2026-02-04,2026-02-04 17:36:00
8848,510,Vikram Singh,Laptop Bag,4,3500,Completed,2026-02-15,2026-02-16 12:36:00
8849,1330,Ajay Reddy,SSD,4,8000,Completed,2026-09-06,2026-09-06 09:54:00
8850,1351,Neha Singh,Mobile Phone,3,25000,Pending,2026-04-25,2026-04-27 04:39:00
8851,982,Kiran Patel,Keyboard,2,2500,Cancelled,2026-08-07,2026-08-09 09:34:00
8852,992,Kiran Patel,USB Hub,5,1800,Completed,2026-04-29,2026-05-01 20:08:00
8853,1160,Ananya Das,SSD,1,8000,Pending,2026-04-07,2026-04-08 04:34:00
8854,664,Meera Nair,Smart Watch,3,7500,Completed,2026-08-26,2026-08-28 16:33:00
8855,1485,Rahul Sharma,Monitor,5,15000,Pending,2026-08-15,2026-08-17 18:11:00
8856,1141,Ananya Das,Monitor,5,15000,Cancelled,2026-02-04,2026-02-04 15:54:00
8857,602,Manoj Rao,Laptop,2,65000,Completed,2026-04-22,2026-04-23 23:33:00
8858,790,Divya Menon,USB Hub,1,1800,Completed,2026-01-13,2026-01-14 15:55:00
8859,1024,Sneha Rao,Mobile Phone,2,25000,Completed,2026-01-18,2026-01-20 13:09:00
8860,735,Ananya Das,Printer,5,12000,Completed,2026-02-05,2026-02-05 09:19:00
8861,930,Kiran Patel,SSD,4,8000,Completed,2026-06-08,2026-06-08 08:33:00
8862,1287,Priya Reddy,Keyboard,4,2500,Completed,2026-07-15,2026-07-17 20:14:00
8863,1489,Ajay Reddy,Printer,5,12000,Pending,2026-06-25,2026-06-27 23:09:00
8864,747,Rohit Verma,Printer,4,12000,Pending,2026-01-18,2026-01-20 20:28:00
8865,598,Kiran Patel,SSD,3,8000,Completed,2026-05-29,2026-05-31 17:13:00
8866,705,Divya Menon,Mouse,3,1200,Cancelled,2026-05-25,2026-05-25 20:03:00
8867,1487,Kiran Patel,Monitor,2,15000,Completed,2026-01-17,2026-01-19 00:17:00
8868,1253,Vikram Singh,USB Hub,5,1800,Completed,2026-02-17,2026-02-17 10:22:00
8869,583,Neha Singh,Webcam,4,5000,Cancelled,2026-08-10,2026-08-10 02:31:00
8870,1354,Vikram Singh,Headphones,5,4500,Pending,2026-05-07,2026-05-09 23:09:00
8871,1291,Meera Nair,Smart Watch,4,7500,Completed,2026-01-15,2026-01-15 18:26:00
8872,1398,Ajay Reddy,SSD,5,8000,Completed,2026-01-11,2026-01-12 23:50:00
8873,818,Rahul Sharma,Mobile Phone,2,25000,Completed,2026-01-04,2026-01-04 01:23:00
8874,790,Kiran Patel,Webcam,3,5000,Pending,2026-07-25,2026-07-25 15:06:00
8875,1363,Vikram Singh,SSD,5,8000,Pending,2026-04-06,2026-04-08 13:59:00
8876,820,Kiran Patel,Mobile Phone,4,25000,Completed,2026-03-21,2026-03-22 14:17:00
8877,689,Rahul Sharma,Printer,4,12000,Completed,2026-06-23,2026-06-25 05:42:00
8878,593,Pooja Iyer,Power Bank,1,2200,Completed,2026-05-31,2026-06-01 13:48:00
8879,1195,Rohit Verma,Printer,4,12000,Cancelled,2026-02-02,2026-02-04 05:26:00
8880,531,Manoj Rao,Mouse,5,1200,Completed,2026-04-18,2026-04-19 06:40:00
8881,1485,Vikram Singh,Mobile Phone,5,25000,Completed,2026-03-05,2026-03-06 06:03:00
8882,869,Suresh Kumar,Laptop Bag,3,3500,Completed,2026-09-06,2026-09-08 02:46:00
8883,1109,Rohit Verma,Smart Watch,3,7500,Completed,2026-07-09,2026-07-10 04:26:00
8884,1032,Suresh Kumar,USB Hub,2,1800,Completed,2026-06-28,2026-06-30 13:44:00
8885,728,Priya Reddy,Webcam,4,5000,Completed,2026-04-17,2026-04-18 09:28:00
8886,712,Rahul Sharma,SSD,3,8000,Completed,2026-04-17,2026-04-18 17:27:00
8887,511,Rahul Sharma,Webcam,2,5000,Completed,2026-02-23,2026-02-23 06:55:00
8888,1262,Rohit Verma,Monitor,2,15000,Completed,2026-08-07,2026-08-09 11:30:00
8889,508,Arjun Kumar,USB Hub,3,1800,Completed,2026-07-16,2026-07-17 10:20:00
8890,803,Ajay Reddy,Keyboard,5,2500,Completed,2026-06-16,2026-06-18 01:41:00
8891,1178,Rahul Sharma,Tablet,3,30000,Completed,2026-07-30,2026-07-31 06:32:00
8892,896,Rohit Verma,Headphones,1,4500,Pending,2026-06-08,2026-06-09 06:55:00
8893,1376,Vikram Singh,Webcam,1,5000,Cancelled,2026-02-21,2026-02-22 03:34:00
8894,1203,Ananya Das,Mobile Phone,3,25000,Pending,2026-03-23,2026-03-23 22:15:00
8895,981,Meera Nair,RAM,1,4000,Completed,2026-02-17,2026-02-17 15:03:00
8896,1429,Priya Reddy,Laptop,3,65000,Completed,2026-07-29,2026-07-29 10:07:00
8897,760,Kiran Patel,Laptop Bag,5,3500,Completed,2026-01-03,2026-01-04 01:26:00
8898,978,Arjun Kumar,Laptop Bag,5,3500,Completed,2026-03-22,2026-03-22 23:14:00
8899,703,Kiran Patel,Printer,4,12000,Cancelled,2026-09-05,2026-09-07 16:05:00
8900,959,Meera Nair,Laptop Bag,5,3500,Pending,2026-01-17,2026-01-17 15:28:00
8901,671,Arjun Kumar,Monitor,3,15000,Pending,2026-06-07,2026-06-09 09:46:00
8902,1152,Meera Nair,Mouse,5,1200,Completed,2026-02-26,2026-02-27 20:45:00
8903,1230,Priya Reddy,USB Hub,4,1800,Cancelled,2026-03-04,2026-03-05 12:18:00
8904,1452,Ananya Das,USB Hub,3,1800,Completed,2026-01-22,2026-01-22 14:27:00
8905,623,Neha Singh,Laptop Bag,4,3500,Pending,2026-03-17,2026-03-18 08:37:00
8906,1227,Vikram Singh,Monitor,3,15000,Completed,2026-08-11,2026-08-13 12:57:00
8907,1078,Vikram Singh,Tablet,1,30000,Completed,2026-05-29,2026-05-29 20:14:00
8908,1006,Divya Menon,Webcam,1,5000,Completed,2026-04-04,2026-04-04 06:41:00
8909,900,Rahul Sharma,Laptop Bag,2,3500,Completed,2026-01-16,2026-01-17 10:27:00
8910,1400,Vikram Singh,Webcam,3,5000,Completed,2026-03-04,2026-03-04 22:34:00
8911,1052,Ajay Reddy,Mobile Phone,4,25000,Completed,2026-05-19,2026-05-19 04:03:00
8912,754,Rohit Verma,Keyboard,1,2500,Completed,2026-06-11,2026-06-13 23:01:00
8913,1393,Sneha Rao,Webcam,1,5000,Completed,2026-07-07,2026-07-09 06:27:00
8914,650,Rohit Verma,Headphones,5,4500,Completed,2026-07-27,2026-07-28 01:24:00
8915,1148,Sneha Rao,Keyboard,4,2500,Pending,2026-05-24,2026-05-26 06:22:00
8916,1169,Arjun Kumar,Printer,3,12000,Completed,2026-08-07,2026-08-08 20:13:00
8917,766,Vikram Singh,SSD,1,8000,Completed,2026-04-04,2026-04-04 19:04:00
8918,1056,Priya Reddy,SSD,1,8000,Completed,2026-04-07,2026-04-08 05:31:00
8919,1129,Meera Nair,Webcam,3,5000,Pending,2026-05-11,2026-05-13 15:29:00
8920,1477,Ajay Reddy,Power Bank,1,2200,Completed,2026-01-21,2026-01-23 05:41:00
8921,1109,Suresh Kumar,Mobile Phone,4,25000,Completed,2026-06-28,2026-06-28 10:15:00
8922,984,Divya Menon,Laptop Bag,3,3500,Pending,2026-03-22,2026-03-25 00:13:00
8923,550,Suresh Kumar,Laptop Bag,1,3500,Completed,2026-05-19,2026-05-21 16:06:00
8924,616,Rohit Verma,Mobile Phone,4,25000,Completed,2026-07-08,2026-07-08 02:39:00
8925,1158,Divya Menon,Smart Watch,1,7500,Completed,2026-06-27,2026-06-29 11:33:00
8926,1143,Ajay Reddy,RAM,2,4000,Pending,2026-04-13,2026-04-14 07:46:00
8927,508,Manoj Rao,Tablet,3,30000,Pending,2026-04-25,2026-04-26 00:02:00
8928,1077,Arjun Kumar,Laptop Bag,2,3500,Completed,2026-07-06,2026-07-07 22:31:00
8929,780,Kiran Patel,Keyboard,3,2500,Pending,2026-05-09,2026-05-11 16:04:00
8930,1443,Ajay Reddy,Tablet,4,30000,Completed,2026-06-08,2026-06-09 08:06:00
8931,966,Pooja Iyer,SSD,5,8000,Pending,2026-09-06,2026-09-07 01:57:00
8932,1380,Arjun Kumar,Power Bank,5,2200,Cancelled,2026-08-31,2026-08-31 15:54:00
8933,767,Vikram Singh,USB Hub,4,1800,Completed,2026-05-28,2026-05-31 00:04:00
8934,730,Kiran Patel,Mobile Phone,3,25000,Completed,2026-08-13,2026-08-15 17:45:00
8935,652,Rahul Sharma,Monitor,1,15000,Pending,2026-06-29,2026-07-01 00:24:00
8936,1494,Ananya Das,Webcam,4,5000,Completed,2026-03-08,2026-03-10 09:27:00
8937,837,Kiran Patel,Laptop Bag,5,3500,Completed,2026-08-26,2026-08-27 22:22:00
8938,1283,Manoj Rao,Laptop Bag,4,3500,Completed,2026-07-08,2026-07-08 20:06:00
8939,675,Suresh Kumar,Keyboard,3,2500,Completed,2026-02-11,2026-02-11 07:36:00
8940,959,Rohit Verma,Mobile Phone,1,25000,Completed,2026-04-28,2026-04-28 23:33:00
8941,668,Priya Reddy,Laptop,5,65000,Completed,2026-03-06,2026-03-07 06:11:00
8942,1354,Sneha Rao,Power Bank,4,2200,Completed,2026-03-28,2026-03-28 07:42:00
8943,1393,Kiran Patel,Mobile Phone,2,25000,Completed,2026-05-25,2026-05-26 04:21:00
8944,688,Kiran Patel,Power Bank,5,2200,Completed,2026-01-07,2026-01-07 03:55:00
8945,1216,Meera Nair,Monitor,5,15000,Pending,2026-06-08,2026-06-09 10:23:00
8946,1289,Priya Reddy,Mobile Phone,3,25000,Completed,2026-07-30,2026-08-01 18:33:00
8947,1332,Divya Menon,Printer,5,12000,Completed,2026-01-01,2026-01-02 21:10:00
8948,840,Suresh Kumar,Mobile Phone,1,25000,Completed,2026-02-11,2026-02-13 11:35:00
8949,798,Sneha Rao,Keyboard,4,2500,Completed,2026-05-09,2026-05-09 05:01:00
8950,692,Ananya Das,RAM,2,4000,Completed,2026-01-02,2026-01-02 22:40:00
8951,738,Sneha Rao,Printer,2,12000,Completed,2026-06-10,2026-06-12 12:52:00
8952,522,Priya Reddy,Keyboard,2,2500,Completed,2026-06-16,2026-06-16 21:08:00
8953,1118,Sneha Rao,Smart Watch,2,7500,Pending,2026-03-07,2026-03-08 02:12:00
8954,1431,Rahul Sharma,Smart Watch,2,7500,Completed,2026-07-02,2026-07-02 02:45:00
8955,519,Suresh Kumar,Webcam,5,5000,Completed,2026-03-26,2026-03-27 11:16:00
8956,881,Kiran Patel,Monitor,5,15000,Completed,2026-01-03,2026-01-04 04:48:00
8957,1190,Meera Nair,Printer,2,12000,Completed,2026-04-06,2026-04-07 10:11:00
8958,544,Divya Menon,Printer,1,12000,Completed,2026-01-24,2026-01-25 19:02:00
8959,1455,Arjun Kumar,Laptop,5,65000,Pending,2026-05-12,2026-05-14 16:37:00
8960,1469,Arjun Kumar,Webcam,5,5000,Completed,2026-04-10,2026-04-11 09:28:00
8961,1269,Meera Nair,Mobile Phone,1,25000,Completed,2026-01-07,2026-01-08 07:17:00
8962,560,Vikram Singh,Laptop Bag,3,3500,Completed,2026-02-04,2026-02-05 07:00:00
8963,1384,Sneha Rao,USB Hub,5,1800,Completed,2026-02-28,2026-02-28 17:55:00
8964,827,Neha Singh,Monitor,3,15000,Completed,2026-01-20,2026-01-21 00:17:00
8965,1050,Sneha Rao,Laptop Bag,5,3500,Completed,2026-01-28,2026-01-30 04:41:00
8966,764,Sneha Rao,Laptop Bag,4,3500,Completed,2026-01-26,2026-01-27 02:36:00
8967,594,Vikram Singh,USB Hub,1,1800,Completed,2026-04-24,2026-04-25 10:48:00
8968,983,Kiran Patel,Power Bank,2,2200,Completed,2026-01-23,2026-01-25 22:31:00
8969,809,Rahul Sharma,Mouse,2,1200,Completed,2026-08-14,2026-08-15 02:15:00
8970,1200,Pooja Iyer,Mouse,5,1200,Pending,2026-08-10,2026-08-12 18:37:00
8971,651,Suresh Kumar,Laptop,2,65000,Pending,2026-01-18,2026-01-19 10:28:00
8972,1092,Rahul Sharma,Smart Watch,4,7500,Completed,2026-08-28,2026-08-29 10:03:00
8973,996,Sneha Rao,Power Bank,5,2200,Pending,2026-07-08,2026-07-09 15:16:00
8974,958,Suresh Kumar,RAM,3,4000,Completed,2026-01-24,2026-01-24 14:01:00
8975,830,Arjun Kumar,RAM,4,4000,Completed,2026-04-05,2026-04-06 14:47:00
8976,1385,Priya Reddy,Smart Watch,4,7500,Completed,2026-02-18,2026-02-18 03:55:00
8977,629,Ajay Reddy,Tablet,3,30000,Cancelled,2026-08-28,2026-08-28 10:51:00
8978,871,Ajay Reddy,RAM,1,4000,Completed,2026-03-31,2026-04-01 13:29:00
8979,1052,Neha Singh,Laptop Bag,4,3500,Completed,2026-08-29,2026-08-31 10:19:00
8980,1287,Arjun Kumar,Mobile Phone,4,25000,Completed,2026-08-05,2026-08-06 05:17:00
8981,1373,Ananya Das,Monitor,4,15000,Pending,2026-01-17,2026-01-19 05:08:00
8982,1179,Divya Menon,RAM,1,4000,Completed,2026-04-23,2026-04-24 05:53:00
8983,518,Ananya Das,SSD,1,8000,Pending,2026-01-29,2026-01-30 06:28:00
8984,739,Manoj Rao,Tablet,1,30000,Completed,2026-03-24,2026-03-24 18:18:00
8985,592,Vikram Singh,Mobile Phone,4,25000,Completed,2026-05-11,2026-05-11 05:37:00
8986,1192,Manoj Rao,Mobile Phone,1,25000,Pending,2026-03-11,2026-03-14 00:15:00
8987,583,Arjun Kumar,SSD,4,8000,Pending,2026-01-06,2026-01-07 12:33:00
8988,1208,Neha Singh,Webcam,5,5000,Completed,2026-04-18,2026-04-20 03:40:00
8989,580,Ananya Das,Monitor,4,15000,Completed,2026-02-14,2026-02-16 22:07:00
8990,927,Sneha Rao,Monitor,3,15000,Completed,2026-05-27,2026-05-27 17:31:00
8991,1227,Sneha Rao,Webcam,3,5000,Pending,2026-02-03,2026-02-05 22:10:00
8992,1218,Kiran Patel,Keyboard,3,2500,Completed,2026-08-14,2026-08-14 10:25:00
8993,1078,Suresh Kumar,Monitor,2,15000,Completed,2026-04-24,2026-04-26 21:00:00
8994,1422,Rahul Sharma,Webcam,2,5000,Completed,2026-08-05,2026-08-07 14:06:00
8995,618,Meera Nair,Laptop Bag,2,3500,Pending,2026-01-30,2026-01-31 22:00:00
8996,1039,Vikram Singh,Printer,4,12000,Completed,2026-03-04,2026-03-05 20:28:00
8997,599,Suresh Kumar,Power Bank,2,2200,Completed,2026-05-19,2026-05-21 23:30:00
8998,1074,Rahul Sharma,Laptop,5,65000,Completed,2026-03-12,2026-03-14 14:44:00
8999,1227,Ajay Reddy,Headphones,4,4500,Completed,2026-06-19,2026-06-19 14:43:00
9000,592,Neha Singh,Smart Watch,4,7500,Completed,2026-03-21,2026-03-21 16:05:00
9001,1023,Rahul Sharma,Printer,2,12000,Completed,2026-03-25,2026-03-25 08:36:00
9002,627,Sneha Rao,Power Bank,1,2200,Completed,2026-07-09,2026-07-11 18:41:00
9003,782,Pooja Iyer,Monitor,3,15000,Completed,2026-08-30,2026-08-31 17:03:00
9004,1011,Vikram Singh,SSD,2,8000,Completed,2026-03-19,2026-03-20 09:18:00
9005,739,Kiran Patel,Smart Watch,4,7500,Completed,2026-06-22,2026-06-23 18:08:00
9006,1195,Kiran Patel,Monitor,4,15000,Completed,2026-03-12,2026-03-14 06:27:00
9007,807,Ajay Reddy,Laptop Bag,2,3500,Completed,2026-02-16,2026-02-17 11:33:00
9008,1109,Sneha Rao,Printer,1,12000,Cancelled,2026-08-08,2026-08-09 23:27:00
9009,909,Manoj Rao,Smart Watch,1,7500,Completed,2026-01-12,2026-01-14 14:16:00
9010,1486,Suresh Kumar,Webcam,2,5000,Pending,2026-08-26,2026-08-28 18:21:00
9011,1454,Neha Singh,Smart Watch,3,7500,Cancelled,2026-08-07,2026-08-08 13:44:00
9012,1052,Ananya Das,Tablet,2,30000,Completed,2026-02-08,2026-02-09 12:46:00
9013,1246,Neha Singh,Monitor,2,15000,Completed,2026-07-12,2026-07-12 12:36:00
9014,1124,Pooja Iyer,Mouse,2,1200,Completed,2026-03-19,2026-03-20 05:56:00
9015,598,Kiran Patel,Mobile Phone,5,25000,Completed,2026-06-15,2026-06-16 08:16:00
9016,647,Ananya Das,RAM,4,4000,Cancelled,2026-06-28,2026-06-30 08:05:00
9017,982,Divya Menon,Mobile Phone,4,25000,Completed,2026-06-26,2026-06-26 23:45:00
9018,560,Ananya Das,Printer,2,12000,Pending,2026-08-16,2026-08-16 17:52:00
9019,1254,Divya Menon,Headphones,5,4500,Completed,2026-05-28,2026-05-30 09:59:00
9020,748,Ajay Reddy,Smart Watch,1,7500,Completed,2026-07-05,2026-07-05 12:57:00
9021,542,Divya Menon,Mouse,1,1200,Completed,2026-06-10,2026-06-12 17:52:00
9022,933,Arjun Kumar,USB Hub,5,1800,Completed,2026-07-12,2026-07-14 22:49:00
9023,1251,Priya Reddy,USB Hub,1,1800,Pending,2026-02-26,2026-02-26 10:27:00
9024,1487,Sneha Rao,Monitor,2,15000,Completed,2026-04-21,2026-04-23 02:55:00
9025,1034,Meera Nair,Tablet,1,30000,Completed,2026-06-13,2026-06-15 09:01:00
9026,1177,Kiran Patel,Smart Watch,5,7500,Completed,2026-05-10,2026-05-12 19:45:00
9027,1196,Sneha Rao,Laptop,2,65000,Cancelled,2026-02-03,2026-02-04 03:59:00
9028,1065,Ajay Reddy,USB Hub,1,1800,Completed,2026-04-27,2026-04-29 22:04:00
9029,640,Vikram Singh,Laptop Bag,5,3500,Completed,2026-04-18,2026-04-19 23:00:00
9030,841,Vikram Singh,Laptop Bag,3,3500,Completed,2026-01-31,2026-02-01 05:44:00
9031,557,Neha Singh,Tablet,2,30000,Completed,2026-07-24,2026-07-25 15:38:00
9032,770,Manoj Rao,Laptop,5,65000,Pending,2026-06-06,2026-06-08 03:30:00
9033,924,Arjun Kumar,Laptop Bag,5,3500,Completed,2026-04-09,2026-04-10 22:07:00
9034,750,Neha Singh,RAM,4,4000,Pending,2026-07-26,2026-07-29 00:21:00
9035,511,Meera Nair,Printer,5,12000,Pending,2026-06-18,2026-06-19 23:50:00
9036,928,Rohit Verma,Mouse,5,1200,Pending,2026-07-14,2026-07-16 11:44:00
9037,1339,Suresh Kumar,Printer,5,12000,Pending,2026-02-10,2026-02-10 02:10:00
9038,624,Arjun Kumar,Mouse,3,1200,Completed,2026-03-02,2026-03-03 13:08:00
9039,613,Rohit Verma,Headphones,1,4500,Cancelled,2026-07-05,2026-07-07 06:01:00
9040,620,Manoj Rao,Webcam,3,5000,Completed,2026-08-29,2026-08-30 15:37:00
9041,1478,Kiran Patel,Smart Watch,2,7500,Completed,2026-01-31,2026-02-02 11:55:00
9042,1246,Suresh Kumar,Printer,2,12000,Completed,2026-01-14,2026-01-14 05:49:00
9043,969,Kiran Patel,Printer,2,12000,Completed,2026-01-15,2026-01-17 01:05:00
9044,892,Rohit Verma,Keyboard,4,2500,Cancelled,2026-03-13,2026-03-15 15:22:00
9045,1033,Pooja Iyer,Laptop Bag,2,3500,Pending,2026-01-03,2026-01-03 13:48:00
9046,1485,Manoj Rao,Power Bank,2,2200,Cancelled,2026-08-07,2026-08-07 18:28:00
9047,1109,Rohit Verma,Printer,5,12000,Pending,2026-04-28,2026-04-29 13:51:00
9048,588,Rohit Verma,Printer,1,12000,Pending,2026-03-07,2026-03-07 17:43:00
9049,977,Divya Menon,SSD,4,8000,Pending,2026-03-08,2026-03-10 14:17:00
9050,994,Meera Nair,Headphones,5,4500,Cancelled,2026-07-30,2026-08-01 19:37:00
9051,1140,Arjun Kumar,Power Bank,2,2200,Completed,2026-02-20,2026-02-22 14:45:00
9052,887,Ananya Das,Smart Watch,1,7500,Completed,2026-01-13,2026-01-14 19:32:00
9053,548,Meera Nair,Printer,2,12000,Pending,2026-05-27,2026-05-27 03:14:00
9054,591,Manoj Rao,Mobile Phone,3,25000,Completed,2026-08-28,2026-08-29 19:52:00
9055,1052,Rohit Verma,Laptop,4,65000,Pending,2026-07-29,2026-07-31 21:34:00
9056,1099,Vikram Singh,Laptop Bag,3,3500,Pending,2026-08-14,2026-08-16 13:10:00
9057,1339,Rohit Verma,Laptop,1,65000,Completed,2026-04-21,2026-04-22 00:40:00
9058,1452,Neha Singh,Tablet,5,30000,Cancelled,2026-07-05,2026-07-06 00:03:00
9059,1086,Rohit Verma,Mouse,5,1200,Completed,2026-07-05,2026-07-06 09:12:00
9060,892,Pooja Iyer,Tablet,3,30000,Completed,2026-06-11,2026-06-13 06:19:00
9061,508,Divya Menon,Webcam,5,5000,Completed,2026-05-02,2026-05-04 13:14:00
9062,898,Priya Reddy,Laptop Bag,4,3500,Cancelled,2026-04-25,2026-04-27 13:25:00
9063,629,Rohit Verma,Printer,5,12000,Completed,2026-04-04,2026-04-04 20:37:00
9064,750,Priya Reddy,Tablet,3,30000,Completed,2026-02-07,2026-02-09 00:57:00
9065,1361,Suresh Kumar,Webcam,1,5000,Pending,2026-07-18,2026-07-20 03:51:00
9066,827,Vikram Singh,Webcam,2,5000,Cancelled,2026-03-01,2026-03-02 14:28:00
9067,722,Ajay Reddy,Tablet,4,30000,Completed,2026-07-23,2026-07-24 10:12:00
9068,1464,Rohit Verma,Power Bank,4,2200,Completed,2026-03-13,2026-03-15 15:40:00
9069,983,Meera Nair,Laptop Bag,1,3500,Completed,2026-03-08,2026-03-08 10:33:00
9070,876,Neha Singh,Power Bank,4,2200,Completed,2026-01-04,2026-01-05 02:56:00
9071,671,Ajay Reddy,Laptop,3,65000,Completed,2026-07-10,2026-07-10 17:54:00
9072,1341,Rohit Verma,Monitor,3,15000,Completed,2026-04-06,2026-04-07 07:08:00
9073,993,Pooja Iyer,Printer,3,12000,Completed,2026-06-09,2026-06-11 19:48:00
9074,655,Ajay Reddy,Keyboard,5,2500,Completed,2026-07-30,2026-07-31 07:09:00
9075,559,Suresh Kumar,Laptop,5,65000,Completed,2026-08-27,2026-08-28 14:16:00
9076,1121,Kiran Patel,SSD,1,8000,Completed,2026-03-20,2026-03-22 00:12:00
9077,1347,Meera Nair,Monitor,2,15000,Completed,2026-09-03,2026-09-04 04:52:00
9078,1099,Neha Singh,Smart Watch,5,7500,Completed,2026-03-23,2026-03-25 05:54:00
9079,1158,Priya Reddy,Headphones,4,4500,Completed,2026-03-28,2026-03-28 18:22:00
9080,831,Ajay Reddy,USB Hub,2,1800,Completed,2026-03-22,2026-03-23 13:46:00
9081,951,Rahul Sharma,Tablet,2,30000,Pending,2026-02-10,2026-02-10 18:09:00
9082,583,Arjun Kumar,USB Hub,4,1800,Completed,2026-04-23,2026-04-24 15:27:00
9083,1437,Meera Nair,Webcam,1,5000,Pending,2026-06-12,2026-06-13 06:14:00
9084,882,Neha Singh,Mouse,3,1200,Completed,2026-08-02,2026-08-03 21:56:00
9085,578,Neha Singh,Mouse,4,1200,Pending,2026-04-18,2026-04-19 10:55:00
9086,1471,Manoj Rao,SSD,2,8000,Completed,2026-01-15,2026-01-15 14:51:00
9087,1444,Suresh Kumar,Laptop Bag,2,3500,Pending,2026-09-01,2026-09-03 10:46:00
9088,791,Meera Nair,Headphones,2,4500,Completed,2026-01-07,2026-01-09 20:27:00
9089,1058,Suresh Kumar,Webcam,5,5000,Completed,2026-01-16,2026-01-17 14:52:00
9090,1259,Vikram Singh,Laptop,2,65000,Pending,2026-02-12,2026-02-13 16:42:00
9091,818,Manoj Rao,Keyboard,2,2500,Cancelled,2026-03-23,2026-03-24 19:41:00
9092,765,Sneha Rao,Laptop,5,65000,Pending,2026-01-17,2026-01-19 04:09:00
9093,813,Ajay Reddy,Webcam,1,5000,Cancelled,2026-09-03,2026-09-06 00:26:00
9094,907,Priya Reddy,Mobile Phone,2,25000,Completed,2026-03-25,2026-03-26 16:14:00
9095,1231,Divya Menon,Mobile Phone,2,25000,Completed,2026-02-24,2026-02-26 21:46:00
9096,1114,Sneha Rao,Mobile Phone,5,25000,Completed,2026-04-05,2026-04-06 07:40:00
9097,813,Sneha Rao,RAM,3,4000,Cancelled,2026-03-08,2026-03-09 12:01:00
9098,654,Rahul Sharma,Laptop,4,65000,Completed,2026-01-28,2026-01-29 16:02:00
9099,1050,Kiran Patel,RAM,3,4000,Completed,2026-07-03,2026-07-04 18:20:00
9100,1011,Kiran Patel,Power Bank,5,2200,Completed,2026-06-26,2026-06-28 07:27:00
9101,1195,Rahul Sharma,RAM,2,4000,Cancelled,2026-02-01,2026-02-01 04:14:00
9102,1468,Neha Singh,USB Hub,1,1800,Cancelled,2026-05-28,2026-05-28 18:06:00
9103,1087,Rahul Sharma,Keyboard,4,2500,Completed,2026-05-07,2026-05-08 18:18:00
9104,856,Ajay Reddy,Smart Watch,2,7500,Completed,2026-05-17,2026-05-18 02:17:00
9105,576,Ananya Das,Printer,1,12000,Completed,2026-09-06,2026-09-06 19:06:00
9106,714,Ajay Reddy,Tablet,2,30000,Completed,2026-01-01,2026-01-03 13:14:00
9107,943,Kiran Patel,Laptop,1,65000,Pending,2026-02-02,2026-02-04 15:23:00
9108,755,Suresh Kumar,Smart Watch,3,7500,Completed,2026-05-14,2026-05-14 20:17:00
9109,1406,Divya Menon,Webcam,2,5000,Pending,2026-05-08,2026-05-09 23:13:00
9110,1077,Ajay Reddy,Mobile Phone,1,25000,Pending,2026-06-05,2026-06-07 15:05:00
9111,1324,Suresh Kumar,Laptop Bag,5,3500,Pending,2026-03-29,2026-03-30 19:13:00
9112,1399,Rahul Sharma,Tablet,5,30000,Completed,2026-09-06,2026-09-08 03:38:00
9113,832,Pooja Iyer,Laptop,5,65000,Completed,2026-08-11,2026-08-11 17:26:00
9114,1210,Ajay Reddy,Keyboard,3,2500,Completed,2026-04-15,2026-04-17 09:00:00
9115,613,Suresh Kumar,Smart Watch,2,7500,Completed,2026-01-02,2026-01-03 00:29:00
9116,1324,Ajay Reddy,Laptop,1,65000,Completed,2026-04-09,2026-04-11 11:48:00
9117,1164,Suresh Kumar,Printer,5,12000,Completed,2026-06-27,2026-06-29 15:50:00
9118,1067,Divya Menon,Mobile Phone,1,25000,Completed,2026-07-10,2026-07-10 12:37:00
9119,1117,Pooja Iyer,Laptop,4,65000,Completed,2026-02-25,2026-02-25 08:16:00
9120,1278,Meera Nair,Tablet,2,30000,Completed,2026-08-14,2026-08-16 09:19:00
9121,1286,Suresh Kumar,Webcam,5,5000,Pending,2026-05-02,2026-05-03 22:15:00
9122,793,Priya Reddy,Keyboard,2,2500,Completed,2026-05-16,2026-05-17 14:08:00
9123,1395,Divya Menon,Monitor,2,15000,Completed,2026-06-21,2026-06-22 21:04:00
9124,881,Ajay Reddy,USB Hub,3,1800,Pending,2026-01-09,2026-01-09 10:35:00
9125,1055,Ajay Reddy,Smart Watch,3,7500,Pending,2026-05-29,2026-05-31 06:36:00
9126,1143,Sneha Rao,Mouse,4,1200,Completed,2026-08-07,2026-08-09 13:25:00
9127,594,Ajay Reddy,Power Bank,2,2200,Completed,2026-02-13,2026-02-13 17:33:00
9128,965,Vikram Singh,Mobile Phone,1,25000,Completed,2026-01-12,2026-01-14 21:16:00
9129,1192,Suresh Kumar,Monitor,5,15000,Completed,2026-04-25,2026-04-26 04:28:00
9130,938,Pooja Iyer,Mobile Phone,1,25000,Completed,2026-07-01,2026-07-01 14:16:00
9131,1231,Sneha Rao,Webcam,1,5000,Completed,2026-01-15,2026-01-15 18:07:00
9132,575,Pooja Iyer,Headphones,5,4500,Completed,2026-05-14,2026-05-16 16:08:00
9133,991,Rahul Sharma,Tablet,4,30000,Completed,2026-07-21,2026-07-21 11:55:00
9134,1011,Rohit Verma,Webcam,3,5000,Completed,2026-05-15,2026-05-16 07:03:00
9135,1131,Rahul Sharma,Monitor,2,15000,Pending,2026-06-11,2026-06-12 14:29:00
9136,836,Vikram Singh,USB Hub,4,1800,Completed,2026-01-04,2026-01-06 04:27:00
9137,1490,Ajay Reddy,Printer,2,12000,Completed,2026-05-30,2026-05-30 20:05:00
9138,1024,Sneha Rao,Laptop,5,65000,Completed,2026-08-26,2026-08-28 21:30:00
9139,1443,Priya Reddy,RAM,3,4000,Completed,2026-05-25,2026-05-27 18:36:00
9140,1128,Neha Singh,Monitor,2,15000,Cancelled,2026-04-30,2026-05-01 01:46:00
9141,1161,Manoj Rao,Keyboard,2,2500,Pending,2026-04-03,2026-04-05 08:44:00
9142,830,Meera Nair,Headphones,3,4500,Completed,2026-04-22,2026-04-24 02:17:00
9143,919,Rahul Sharma,Power Bank,3,2200,Completed,2026-03-26,2026-03-26 06:09:00
9144,1245,Manoj Rao,Mouse,5,1200,Pending,2026-07-06,2026-07-06 04:31:00
9145,1459,Meera Nair,Smart Watch,2,7500,Completed,2026-05-13,2026-05-13 01:52:00
9146,1172,Manoj Rao,SSD,4,8000,Completed,2026-06-25,2026-06-25 12:53:00
9147,768,Sneha Rao,Laptop Bag,5,3500,Pending,2026-01-19,2026-01-19 10:54:00
9148,865,Pooja Iyer,Keyboard,5,2500,Pending,2026-05-10,2026-05-10 09:46:00
9149,641,Rahul Sharma,Monitor,2,15000,Completed,2026-02-01,2026-02-02 00:44:00
9150,831,Arjun Kumar,Headphones,4,4500,Completed,2026-07-16,2026-07-19 00:45:00
9151,702,Arjun Kumar,Smart Watch,2,7500,Completed,2026-06-03,2026-06-03 06:06:00
9152,613,Sneha Rao,SSD,1,8000,Completed,2026-04-20,2026-04-22 17:59:00
9153,1007,Arjun Kumar,Webcam,1,5000,Cancelled,2026-04-05,2026-04-06 19:55:00
9154,876,Ananya Das,Printer,5,12000,Completed,2026-03-09,2026-03-11 20:27:00
9155,1421,Ananya Das,Monitor,5,15000,Completed,2026-06-28,2026-06-28 16:27:00
9156,682,Ajay Reddy,Monitor,5,15000,Cancelled,2026-07-17,2026-07-17 20:10:00
9157,1237,Ananya Das,USB Hub,2,1800,Completed,2026-03-07,2026-03-07 01:24:00
9158,955,Rahul Sharma,Webcam,3,5000,Pending,2026-02-02,2026-02-02 14:09:00
9159,922,Ajay Reddy,Keyboard,2,2500,Completed,2026-05-25,2026-05-26 05:16:00
9160,750,Meera Nair,Webcam,4,5000,Completed,2026-04-02,2026-04-04 04:09:00
9161,1028,Rohit Verma,SSD,3,8000,Completed,2026-02-12,2026-02-13 03:46:00
9162,1059,Pooja Iyer,Smart Watch,5,7500,Completed,2026-06-24,2026-06-25 03:30:00
9163,784,Manoj Rao,Smart Watch,2,7500,Pending,2026-05-15,2026-05-17 23:34:00
9164,1406,Pooja Iyer,USB Hub,1,1800,Completed,2026-03-03,2026-03-04 04:59:00
9165,1446,Rohit Verma,Monitor,5,15000,Completed,2026-07-03,2026-07-05 23:27:00
9166,1374,Arjun Kumar,Mouse,3,1200,Pending,2026-07-14,2026-07-14 15:17:00
9167,837,Ajay Reddy,Laptop Bag,3,3500,Pending,2026-07-10,2026-07-11 23:20:00
9168,847,Meera Nair,Webcam,2,5000,Completed,2026-08-30,2026-08-31 01:44:00
9169,842,Sneha Rao,Power Bank,1,2200,Cancelled,2026-02-23,2026-02-23 09:24:00
9170,778,Priya Reddy,RAM,3,4000,Completed,2026-06-06,2026-06-06 17:11:00
9171,1469,Kiran Patel,Headphones,4,4500,Completed,2026-01-05,2026-01-06 08:37:00
9172,720,Kiran Patel,Mobile Phone,3,25000,Completed,2026-05-07,2026-05-09 00:55:00
9173,537,Ajay Reddy,Laptop Bag,2,3500,Completed,2026-02-15,2026-02-17 01:51:00
9174,716,Neha Singh,Laptop Bag,3,3500,Completed,2026-06-25,2026-06-26 21:34:00
9175,1033,Arjun Kumar,Printer,4,12000,Completed,2026-08-21,2026-08-21 15:09:00
9176,1089,Rohit Verma,Printer,3,12000,Completed,2026-02-18,2026-02-18 10:21:00
9177,1087,Ananya Das,Mobile Phone,4,25000,Completed,2026-07-18,2026-07-18 15:17:00
9178,1344,Neha Singh,Mouse,5,1200,Completed,2026-06-12,2026-06-12 13:30:00
9179,847,Vikram Singh,SSD,3,8000,Completed,2026-04-03,2026-04-04 15:48:00
9180,1350,Sneha Rao,RAM,4,4000,Completed,2026-09-07,2026-09-08 11:39:00
9181,874,Rahul Sharma,RAM,1,4000,Completed,2026-01-02,2026-01-02 13:14:00
9182,976,Ananya Das,Laptop Bag,4,3500,Completed,2026-04-13,2026-04-14 18:53:00
9183,1446,Sneha Rao,Mobile Phone,1,25000,Pending,2026-08-11,2026-08-11 02:09:00
9184,939,Priya Reddy,USB Hub,5,1800,Completed,2026-03-25,2026-03-26 22:00:00
9185,1329,Arjun Kumar,Headphones,1,4500,Completed,2026-05-03,2026-05-05 07:48:00
9186,576,Pooja Iyer,Tablet,4,30000,Completed,2026-05-27,2026-05-29 22:10:00
9187,1246,Neha Singh,Tablet,4,30000,Pending,2026-01-20,2026-01-20 11:34:00
9188,1314,Ajay Reddy,RAM,3,4000,Cancelled,2026-02-12,2026-02-14 18:45:00
9189,1370,Vikram Singh,Tablet,4,30000,Completed,2026-01-10,2026-01-11 03:20:00
9190,669,Rahul Sharma,RAM,2,4000,Completed,2026-03-23,2026-03-23 07:44:00
9191,623,Vikram Singh,Laptop,3,65000,Cancelled,2026-06-08,2026-06-08 16:27:00
9192,1327,Manoj Rao,Mobile Phone,2,25000,Pending,2026-04-03,2026-04-05 17:13:00
9193,1284,Suresh Kumar,Tablet,5,30000,Completed,2026-09-03,2026-09-03 07:28:00
9194,952,Sneha Rao,Mouse,2,1200,Pending,2026-03-19,2026-03-20 15:04:00
9195,1354,Arjun Kumar,Smart Watch,3,7500,Completed,2026-07-27,2026-07-28 11:16:00
9196,546,Rahul Sharma,SSD,1,8000,Pending,2026-06-04,2026-06-06 19:03:00
9197,1277,Ananya Das,SSD,3,8000,Completed,2026-06-07,2026-06-07 13:54:00
9198,1053,Manoj Rao,Keyboard,1,2500,Completed,2026-01-28,2026-01-29 20:15:00
9199,924,Meera Nair,Keyboard,5,2500,Completed,2026-02-13,2026-02-13 13:34:00
9200,1394,Pooja Iyer,Webcam,4,5000,Completed,2026-03-09,2026-03-09 23:20:00
9201,773,Divya Menon,SSD,5,8000,Completed,2026-06-24,2026-06-25 15:33:00
9202,921,Pooja Iyer,Smart Watch,5,7500,Pending,2026-02-07,2026-02-08 05:00:00
9203,577,Pooja Iyer,SSD,3,8000,Completed,2026-03-09,2026-03-09 02:16:00
9204,718,Priya Reddy,Mobile Phone,1,25000,Completed,2026-03-05,2026-03-07 13:38:00
9205,585,Ananya Das,Printer,2,12000,Pending,2026-07-30,2026-08-01 09:53:00
9206,619,Ajay Reddy,Tablet,1,30000,Completed,2026-02-03,2026-02-05 16:06:00
9207,1399,Vikram Singh,Power Bank,3,2200,Completed,2026-06-04,2026-06-06 20:04:00
9208,541,Sneha Rao,Power Bank,3,2200,Pending,2026-04-27,2026-04-27 12:52:00
9209,1177,Rahul Sharma,Printer,4,12000,Pending,2026-05-18,2026-05-20 14:03:00
9210,750,Kiran Patel,SSD,5,8000,Cancelled,2026-04-07,2026-04-08 17:46:00
9211,589,Pooja Iyer,Printer,2,12000,Completed,2026-02-07,2026-02-09 01:05:00
9212,1413,Arjun Kumar,Mouse,4,1200,Completed,2026-04-29,2026-04-30 00:05:00
9213,1373,Ananya Das,RAM,3,4000,Completed,2026-05-15,2026-05-16 23:03:00
9214,1363,Rohit Verma,Monitor,5,15000,Cancelled,2026-06-07,2026-06-08 09:21:00
9215,1463,Suresh Kumar,Power Bank,1,2200,Completed,2026-01-31,2026-02-02 03:19:00
9216,846,Suresh Kumar,SSD,3,8000,Completed,2026-05-01,2026-05-02 10:14:00
9217,652,Ajay Reddy,Headphones,5,4500,Completed,2026-04-28,2026-04-28 19:40:00
9218,917,Arjun Kumar,RAM,1,4000,Completed,2026-01-07,2026-01-08 03:03:00
9219,1392,Priya Reddy,Printer,2,12000,Completed,2026-03-08,2026-03-10 06:51:00
9220,1315,Sneha Rao,Tablet,2,30000,Completed,2026-01-11,2026-01-12 04:18:00
9221,904,Suresh Kumar,Smart Watch,2,7500,Completed,2026-08-30,2026-09-01 18:20:00
9222,757,Ananya Das,Monitor,3,15000,Completed,2026-08-28,2026-08-30 17:53:00
9223,520,Vikram Singh,RAM,5,4000,Completed,2026-05-09,2026-05-11 09:15:00
9224,1051,Suresh Kumar,RAM,2,4000,Cancelled,2026-07-12,2026-07-12 08:42:00
9225,542,Suresh Kumar,Laptop Bag,5,3500,Completed,2026-09-05,2026-09-07 04:29:00
9226,571,Pooja Iyer,Monitor,4,15000,Completed,2026-07-06,2026-07-07 13:53:00
9227,886,Ananya Das,Power Bank,1,2200,Completed,2026-08-23,2026-08-24 17:04:00
9228,1056,Vikram Singh,USB Hub,3,1800,Pending,2026-09-02,2026-09-03 04:52:00
9229,789,Neha Singh,SSD,2,8000,Completed,2026-08-17,2026-08-18 08:20:00
9230,1402,Suresh Kumar,Headphones,4,4500,Completed,2026-04-11,2026-04-12 00:11:00
9231,516,Priya Reddy,USB Hub,5,1800,Completed,2026-03-30,2026-04-01 01:31:00
9232,1106,Manoj Rao,Printer,3,12000,Cancelled,2026-08-08,2026-08-08 21:39:00
9233,768,Meera Nair,RAM,5,4000,Completed,2026-08-03,2026-08-03 23:12:00
9234,1159,Divya Menon,RAM,3,4000,Completed,2026-02-10,2026-02-10 18:39:00
9235,525,Neha Singh,Laptop,2,65000,Completed,2026-02-28,2026-03-01 12:40:00
9236,1330,Meera Nair,Mouse,4,1200,Completed,2026-03-07,2026-03-09 02:15:00
9237,1458,Priya Reddy,Laptop,5,65000,Cancelled,2026-05-25,2026-05-25 13:05:00
9238,1241,Meera Nair,Mouse,3,1200,Completed,2026-04-12,2026-04-15 00:09:00
9239,852,Pooja Iyer,Smart Watch,3,7500,Completed,2026-06-23,2026-06-23 21:01:00
9240,1149,Vikram Singh,Mobile Phone,4,25000,Completed,2026-04-17,2026-04-17 12:41:00
9241,622,Sneha Rao,Webcam,3,5000,Completed,2026-08-17,2026-08-19 05:12:00
9242,1016,Sneha Rao,Keyboard,3,2500,Completed,2026-01-31,2026-02-02 08:02:00
9243,819,Sneha Rao,USB Hub,3,1800,Completed,2026-07-16,2026-07-17 18:18:00
9244,907,Manoj Rao,Laptop,1,65000,Completed,2026-05-02,2026-05-04 19:16:00
9245,601,Suresh Kumar,Power Bank,1,2200,Completed,2026-08-26,2026-08-27 16:16:00
9246,1068,Ananya Das,USB Hub,4,1800,Completed,2026-07-04,2026-07-05 12:46:00
9247,1041,Neha Singh,Headphones,2,4500,Pending,2026-01-09,2026-01-10 22:11:00
9248,1495,Meera Nair,Monitor,4,15000,Completed,2026-04-17,2026-04-17 13:20:00
9249,1179,Ajay Reddy,RAM,5,4000,Completed,2026-04-14,2026-04-17 00:12:00
9250,1174,Ananya Das,Power Bank,2,2200,Completed,2026-07-03,2026-07-04 18:31:00
9251,989,Manoj Rao,Tablet,2,30000,Completed,2026-01-12,2026-01-13 06:46:00
9252,1164,Neha Singh,Monitor,2,15000,Pending,2026-04-25,2026-04-25 23:32:00
9253,593,Suresh Kumar,Smart Watch,5,7500,Pending,2026-07-21,2026-07-23 08:32:00
9254,722,Meera Nair,SSD,3,8000,Cancelled,2026-07-25,2026-07-27 22:22:00
9255,759,Suresh Kumar,USB Hub,4,1800,Completed,2026-01-04,2026-01-05 21:20:00
9256,1115,Neha Singh,Mobile Phone,2,25000,Completed,2026-03-06,2026-03-06 03:46:00
9257,993,Sneha Rao,Monitor,2,15000,Completed,2026-06-05,2026-06-07 14:29:00
9258,811,Ajay Reddy,USB Hub,3,1800,Completed,2026-01-06,2026-01-08 03:57:00
9259,909,Ananya Das,RAM,5,4000,Completed,2026-08-07,2026-08-09 12:56:00
9260,875,Rohit Verma,Headphones,2,4500,Completed,2026-04-10,2026-04-11 10:39:00
9261,875,Sneha Rao,Tablet,1,30000,Completed,2026-05-16,2026-05-16 01:42:00
9262,644,Divya Menon,Printer,4,12000,Completed,2026-05-13,2026-05-14 05:49:00
9263,1316,Sneha Rao,Tablet,3,30000,Completed,2026-08-30,2026-09-01 05:22:00
9264,527,Priya Reddy,USB Hub,4,1800,Pending,2026-07-01,2026-07-03 02:20:00
9265,619,Sneha Rao,USB Hub,3,1800,Completed,2026-04-19,2026-04-21 15:55:00
9266,1163,Kiran Patel,Monitor,4,15000,Completed,2026-01-11,2026-01-11 05:34:00
9267,1198,Kiran Patel,Mobile Phone,3,25000,Completed,2026-08-16,2026-08-18 21:44:00
9268,597,Ananya Das,RAM,2,4000,Cancelled,2026-01-19,2026-01-20 16:47:00
9269,818,Pooja Iyer,Smart Watch,5,7500,Completed,2026-03-10,2026-03-11 16:21:00
9270,1044,Meera Nair,RAM,1,4000,Completed,2026-03-20,2026-03-21 04:14:00
9271,726,Suresh Kumar,Smart Watch,4,7500,Completed,2026-07-23,2026-07-25 06:08:00
9272,1043,Pooja Iyer,Smart Watch,2,7500,Completed,2026-02-05,2026-02-05 13:51:00
9273,518,Ananya Das,Laptop,4,65000,Completed,2026-07-03,2026-07-05 16:10:00
9274,1098,Pooja Iyer,Printer,3,12000,Completed,2026-06-15,2026-06-18 00:41:00
9275,1400,Ajay Reddy,USB Hub,1,1800,Completed,2026-03-29,2026-03-31 00:54:00
9276,591,Meera Nair,Webcam,1,5000,Completed,2026-01-16,2026-01-18 12:51:00
9277,1423,Arjun Kumar,Power Bank,1,2200,Pending,2026-01-04,2026-01-05 08:48:00
9278,1253,Rahul Sharma,Mouse,5,1200,Completed,2026-03-17,2026-03-17 03:45:00
9279,1219,Meera Nair,Monitor,2,15000,Pending,2026-08-02,2026-08-03 17:14:00
9280,686,Rohit Verma,Keyboard,1,2500,Completed,2026-09-05,2026-09-06 22:15:00
9281,1248,Ananya Das,SSD,4,8000,Completed,2026-09-01,2026-09-03 00:46:00
9282,1044,Rohit Verma,Headphones,5,4500,Completed,2026-01-12,2026-01-12 03:32:00
9283,1070,Neha Singh,Webcam,3,5000,Completed,2026-02-03,2026-02-03 17:20:00
9284,1114,Vikram Singh,Printer,2,12000,Completed,2026-04-26,2026-04-27 11:06:00
9285,590,Pooja Iyer,Laptop Bag,4,3500,Pending,2026-08-08,2026-08-08 15:39:00
9286,1058,Vikram Singh,Smart Watch,3,7500,Completed,2026-03-19,2026-03-21 07:44:00
9287,1350,Manoj Rao,USB Hub,3,1800,Completed,2026-02-15,2026-02-15 12:37:00
9288,1252,Neha Singh,Laptop,2,65000,Completed,2026-05-29,2026-05-31 22:27:00
9289,1348,Arjun Kumar,Headphones,3,4500,Completed,2026-07-06,2026-07-07 08:48:00
9290,1175,Sneha Rao,Laptop,4,65000,Completed,2026-05-08,2026-05-10 21:51:00
9291,881,Pooja Iyer,Mobile Phone,5,25000,Completed,2026-07-28,2026-07-28 07:32:00
9292,863,Neha Singh,Mouse,1,1200,Completed,2026-04-28,2026-04-30 12:16:00
9293,989,Pooja Iyer,Laptop,2,65000,Cancelled,2026-06-09,2026-06-11 03:15:00
9294,765,Suresh Kumar,Laptop Bag,5,3500,Completed,2026-06-07,2026-06-09 17:23:00
9295,754,Rahul Sharma,Mouse,2,1200,Pending,2026-08-23,2026-08-23 12:03:00
9296,1360,Rohit Verma,Power Bank,1,2200,Pending,2026-01-15,2026-01-15 19:57:00
9297,1205,Rahul Sharma,Keyboard,2,2500,Pending,2026-08-07,2026-08-08 06:26:00
9298,649,Sneha Rao,RAM,4,4000,Pending,2026-07-02,2026-07-04 20:15:00
9299,886,Divya Menon,Smart Watch,2,7500,Pending,2026-08-12,2026-08-13 17:52:00
9300,1247,Meera Nair,Laptop,1,65000,Pending,2026-06-07,2026-06-08 07:00:00
9301,1151,Meera Nair,Keyboard,2,2500,Completed,2026-08-27,2026-08-28 08:18:00
9302,929,Vikram Singh,Laptop,5,65000,Pending,2026-07-30,2026-07-31 21:29:00
9303,923,Pooja Iyer,Power Bank,5,2200,Pending,2026-06-16,2026-06-18 20:28:00
9304,636,Ananya Das,Printer,1,12000,Completed,2026-06-24,2026-06-24 15:06:00
9305,1132,Priya Reddy,Monitor,4,15000,Pending,2026-06-27,2026-06-27 02:18:00
9306,1454,Sneha Rao,Power Bank,2,2200,Completed,2026-04-04,2026-04-04 23:15:00
9307,1170,Pooja Iyer,Laptop,3,65000,Pending,2026-01-04,2026-01-05 10:43:00
9308,1136,Neha Singh,Printer,3,12000,Pending,2026-06-15,2026-06-17 12:43:00
9309,857,Arjun Kumar,Printer,1,12000,Pending,2026-06-05,2026-06-05 10:00:00
9310,717,Priya Reddy,RAM,2,4000,Completed,2026-05-13,2026-05-15 17:58:00
9311,650,Rahul Sharma,Webcam,3,5000,Completed,2026-01-31,2026-02-01 05:22:00
9312,1256,Ajay Reddy,RAM,5,4000,Completed,2026-07-25,2026-07-26 14:08:00
9313,605,Manoj Rao,Laptop Bag,5,3500,Pending,2026-07-01,2026-07-03 12:27:00
9314,801,Arjun Kumar,Monitor,4,15000,Completed,2026-08-21,2026-08-23 00:45:00
9315,1291,Priya Reddy,Smart Watch,2,7500,Completed,2026-03-08,2026-03-09 05:49:00
9316,840,Rohit Verma,Laptop,5,65000,Completed,2026-04-15,2026-04-15 16:12:00
9317,1357,Pooja Iyer,RAM,2,4000,Completed,2026-04-15,2026-04-17 03:15:00
9318,619,Pooja Iyer,Mobile Phone,5,25000,Cancelled,2026-05-19,2026-05-20 06:07:00
9319,806,Neha Singh,Headphones,1,4500,Completed,2026-05-20,2026-05-22 02:01:00
9320,568,Pooja Iyer,Mobile Phone,1,25000,Completed,2026-08-02,2026-08-04 14:47:00
9321,644,Divya Menon,SSD,5,8000,Completed,2026-02-20,2026-02-22 10:33:00
9322,1077,Meera Nair,Printer,1,12000,Completed,2026-07-15,2026-07-16 01:55:00
9323,580,Neha Singh,Mouse,1,1200,Cancelled,2026-03-02,2026-03-02 22:09:00
9324,519,Vikram Singh,USB Hub,5,1800,Pending,2026-03-15,2026-03-17 08:00:00
9325,948,Kiran Patel,Monitor,4,15000,Completed,2026-06-30,2026-06-30 07:52:00
9326,1413,Ajay Reddy,Monitor,3,15000,Completed,2026-06-01,2026-06-02 12:26:00
9327,781,Sneha Rao,Tablet,2,30000,Completed,2026-07-15,2026-07-15 06:11:00
9328,1220,Rohit Verma,Tablet,1,30000,Completed,2026-04-21,2026-04-22 15:32:00
9329,1228,Ajay Reddy,Monitor,2,15000,Completed,2026-08-13,2026-08-13 18:48:00
9330,645,Arjun Kumar,Monitor,5,15000,Completed,2026-05-20,2026-05-20 02:37:00
9331,824,Pooja Iyer,Webcam,4,5000,Cancelled,2026-08-16,2026-08-18 19:34:00
9332,1253,Ajay Reddy,Laptop Bag,2,3500,Completed,2026-05-31,2026-06-02 17:04:00
9333,1300,Meera Nair,SSD,4,8000,Completed,2026-07-15,2026-07-16 17:43:00
9334,615,Ananya Das,Webcam,3,5000,Completed,2026-03-20,2026-03-22 11:14:00
9335,1085,Manoj Rao,Headphones,5,4500,Completed,2026-06-21,2026-06-23 17:07:00
9336,689,Priya Reddy,Laptop Bag,1,3500,Completed,2026-05-01,2026-05-02 15:58:00
9337,1151,Vikram Singh,Smart Watch,2,7500,Completed,2026-08-05,2026-08-07 11:14:00
9338,859,Priya Reddy,SSD,4,8000,Pending,2026-03-26,2026-03-26 08:08:00
9339,845,Divya Menon,Laptop,5,65000,Completed,2026-04-03,2026-04-05 15:39:00
9340,1042,Sneha Rao,USB Hub,2,1800,Completed,2026-04-12,2026-04-14 01:13:00
9341,1216,Sneha Rao,USB Hub,1,1800,Pending,2026-04-03,2026-04-04 01:18:00
9342,1286,Meera Nair,Smart Watch,4,7500,Completed,2026-05-22,2026-05-23 05:17:00
9343,983,Manoj Rao,Smart Watch,1,7500,Pending,2026-02-25,2026-02-28 00:28:00
9344,872,Rahul Sharma,Laptop,5,65000,Cancelled,2026-01-24,2026-01-25 17:15:00
9345,894,Arjun Kumar,USB Hub,5,1800,Pending,2026-08-29,2026-08-30 12:56:00
9346,1091,Manoj Rao,Mobile Phone,5,25000,Completed,2026-02-28,2026-02-28 23:42:00
9347,590,Arjun Kumar,Power Bank,2,2200,Pending,2026-04-03,2026-04-03 18:53:00
9348,1258,Ajay Reddy,Laptop,1,65000,Completed,2026-07-31,2026-08-02 03:43:00
9349,911,Rahul Sharma,Laptop,4,65000,Completed,2026-07-21,2026-07-22 03:46:00
9350,1293,Sneha Rao,Mobile Phone,2,25000,Completed,2026-06-24,2026-06-24 19:04:00
9351,1471,Kiran Patel,Webcam,2,5000,Pending,2026-04-10,2026-04-10 20:26:00
9352,1362,Sneha Rao,Laptop Bag,3,3500,Completed,2026-01-20,2026-01-21 13:34:00
9353,1275,Kiran Patel,Tablet,2,30000,Completed,2026-03-20,2026-03-21 14:10:00
9354,1381,Sneha Rao,Headphones,1,4500,Completed,2026-05-01,2026-05-03 14:39:00
9355,931,Manoj Rao,Power Bank,1,2200,Cancelled,2026-04-21,2026-04-21 05:25:00
9356,1484,Kiran Patel,Laptop,2,65000,Completed,2026-01-01,2026-01-03 01:56:00
9357,730,Rohit Verma,Mouse,5,1200,Completed,2026-07-03,2026-07-05 22:15:00
9358,587,Ajay Reddy,Laptop Bag,3,3500,Pending,2026-01-30,2026-01-30 14:28:00
9359,562,Neha Singh,RAM,3,4000,Completed,2026-02-16,2026-02-16 20:30:00
9360,917,Ananya Das,Smart Watch,4,7500,Completed,2026-04-19,2026-04-21 18:18:00
9361,794,Vikram Singh,Monitor,1,15000,Pending,2026-08-16,2026-08-18 17:12:00
9362,921,Neha Singh,SSD,5,8000,Completed,2026-07-15,2026-07-15 09:33:00
9363,1012,Suresh Kumar,Monitor,2,15000,Completed,2026-02-27,2026-02-27 23:48:00
9364,554,Divya Menon,Keyboard,3,2500,Completed,2026-03-12,2026-03-14 22:30:00
9365,1497,Meera Nair,Webcam,1,5000,Completed,2026-06-28,2026-06-29 22:04:00
9366,1425,Ananya Das,Power Bank,4,2200,Completed,2026-01-22,2026-01-23 14:29:00
9367,1061,Ananya Das,Keyboard,3,2500,Pending,2026-06-01,2026-06-03 01:30:00
9368,1061,Vikram Singh,Monitor,1,15000,Completed,2026-01-11,2026-01-13 00:44:00
9369,1230,Neha Singh,RAM,5,4000,Completed,2026-02-25,2026-02-25 19:14:00
9370,988,Pooja Iyer,Printer,3,12000,Completed,2026-09-08,2026-09-08 19:03:00
9371,1288,Pooja Iyer,Tablet,5,30000,Completed,2026-02-12,2026-02-12 13:54:00
9372,1040,Arjun Kumar,Smart Watch,5,7500,Completed,2026-04-12,2026-04-14 21:37:00
9373,583,Kiran Patel,RAM,4,4000,Completed,2026-01-01,2026-01-03 18:54:00
9374,1083,Rahul Sharma,Printer,1,12000,Pending,2026-02-11,2026-02-11 13:57:00
9375,1106,Rohit Verma,Webcam,2,5000,Pending,2026-05-02,2026-05-03 19:59:00
9376,1445,Vikram Singh,Smart Watch,4,7500,Completed,2026-01-27,2026-01-27 04:15:00
9377,1202,Rahul Sharma,Smart Watch,4,7500,Completed,2026-03-31,2026-04-01 18:28:00
9378,503,Rohit Verma,Power Bank,3,2200,Completed,2026-05-20,2026-05-20 07:52:00
9379,759,Kiran Patel,Laptop,3,65000,Cancelled,2026-03-23,2026-03-23 18:04:00
9380,1452,Ajay Reddy,Mobile Phone,4,25000,Completed,2026-06-02,2026-06-02 23:09:00
9381,1009,Ajay Reddy,Keyboard,4,2500,Pending,2026-02-18,2026-02-20 01:44:00
9382,1378,Manoj Rao,Headphones,3,4500,Completed,2026-02-10,2026-02-10 22:30:00
9383,1388,Pooja Iyer,Laptop,2,65000,Completed,2026-05-05,2026-05-07 07:54:00
9384,1040,Rahul Sharma,Monitor,4,15000,Completed,2026-04-07,2026-04-09 16:12:00
9385,1466,Meera Nair,Mouse,3,1200,Pending,2026-08-30,2026-09-01 23:35:00
9386,1111,Rohit Verma,SSD,2,8000,Completed,2026-05-01,2026-05-03 19:24:00
9387,856,Suresh Kumar,Laptop,3,65000,Completed,2026-07-26,2026-07-27 09:53:00
9388,1229,Meera Nair,Keyboard,2,2500,Completed,2026-07-15,2026-07-17 06:07:00
9389,616,Sneha Rao,Printer,5,12000,Completed,2026-03-20,2026-03-21 20:30:00
9390,1390,Priya Reddy,Printer,4,12000,Completed,2026-05-17,2026-05-17 12:47:00
9391,575,Divya Menon,Mouse,3,1200,Completed,2026-07-16,2026-07-18 22:47:00
9392,586,Divya Menon,Mouse,1,1200,Completed,2026-04-05,2026-04-06 07:33:00
9393,1331,Suresh Kumar,Monitor,4,15000,Completed,2026-01-07,2026-01-07 19:18:00
9394,1471,Rahul Sharma,Power Bank,2,2200,Completed,2026-08-26,2026-08-27 13:10:00
9395,918,Rahul Sharma,SSD,1,8000,Completed,2026-01-11,2026-01-13 09:53:00
9396,503,Rohit Verma,Monitor,3,15000,Cancelled,2026-08-25,2026-08-26 09:40:00
9397,932,Priya Reddy,Webcam,3,5000,Cancelled,2026-04-21,2026-04-23 07:53:00
9398,1333,Vikram Singh,Smart Watch,4,7500,Completed,2026-07-08,2026-07-08 02:06:00
9399,708,Manoj Rao,RAM,3,4000,Completed,2026-04-16,2026-04-16 04:10:00
9400,648,Ananya Das,SSD,1,8000,Cancelled,2026-05-25,2026-05-25 10:02:00
9401,1337,Suresh Kumar,Monitor,1,15000,Completed,2026-04-26,2026-04-28 01:05:00
9402,806,Meera Nair,Laptop Bag,3,3500,Completed,2026-09-02,2026-09-03 00:28:00
9403,677,Divya Menon,Printer,4,12000,Completed,2026-07-30,2026-07-31 04:40:00
9404,578,Priya Reddy,RAM,3,4000,Completed,2026-03-03,2026-03-05 19:03:00
9405,1104,Kiran Patel,USB Hub,2,1800,Pending,2026-08-21,2026-08-22 04:18:00
9406,881,Sneha Rao,Smart Watch,4,7500,Cancelled,2026-06-24,2026-06-24 23:53:00
9407,1452,Rahul Sharma,Laptop,5,65000,Cancelled,2026-07-04,2026-07-05 15:08:00
9408,919,Vikram Singh,RAM,1,4000,Completed,2026-02-08,2026-02-08 02:58:00
9409,612,Sneha Rao,RAM,2,4000,Completed,2026-06-19,2026-06-19 03:25:00
9410,1044,Sneha Rao,RAM,2,4000,Completed,2026-07-11,2026-07-12 14:30:00
9411,750,Divya Menon,Webcam,1,5000,Completed,2026-09-07,2026-09-08 09:38:00
9412,1475,Ajay Reddy,USB Hub,5,1800,Completed,2026-04-10,2026-04-10 22:46:00
9413,659,Rohit Verma,Mobile Phone,5,25000,Completed,2026-02-19,2026-02-21 03:31:00
9414,1026,Suresh Kumar,Keyboard,3,2500,Completed,2026-08-31,2026-09-01 15:06:00
9415,519,Priya Reddy,Printer,5,12000,Completed,2026-03-11,2026-03-11 11:22:00
9416,527,Ajay Reddy,Headphones,3,4500,Completed,2026-01-23,2026-01-23 01:16:00
9417,1348,Ajay Reddy,Printer,2,12000,Cancelled,2026-04-28,2026-04-30 07:31:00
9418,1307,Divya Menon,Laptop Bag,2,3500,Completed,2026-04-19,2026-04-21 18:31:00
9419,905,Manoj Rao,Webcam,5,5000,Pending,2026-03-12,2026-03-14 00:15:00
9420,799,Kiran Patel,Printer,4,12000,Pending,2026-06-04,2026-06-05 10:05:00
9421,899,Sneha Rao,Mouse,4,1200,Completed,2026-09-02,2026-09-02 04:01:00
9422,702,Rahul Sharma,Tablet,2,30000,Cancelled,2026-01-04,2026-01-05 00:24:00
9423,1272,Meera Nair,RAM,2,4000,Completed,2026-05-10,2026-05-12 16:10:00
9424,1378,Rahul Sharma,Monitor,4,15000,Completed,2026-07-10,2026-07-11 14:23:00
9425,772,Vikram Singh,Laptop Bag,3,3500,Completed,2026-09-03,2026-09-04 08:17:00
9426,1242,Ananya Das,USB Hub,3,1800,Completed,2026-03-12,2026-03-13 20:46:00
9427,1211,Vikram Singh,Headphones,5,4500,Completed,2026-08-19,2026-08-20 11:00:00
9428,868,Rohit Verma,Smart Watch,2,7500,Completed,2026-07-23,2026-07-25 23:49:00
9429,891,Neha Singh,Keyboard,1,2500,Completed,2026-06-21,2026-06-21 20:27:00
9430,917,Priya Reddy,Printer,2,12000,Pending,2026-05-04,2026-05-05 17:41:00
9431,1372,Neha Singh,Monitor,2,15000,Completed,2026-03-23,2026-03-25 07:23:00
9432,746,Divya Menon,USB Hub,4,1800,Completed,2026-07-27,2026-07-27 15:42:00
9433,555,Vikram Singh,Monitor,3,15000,Pending,2026-08-09,2026-08-09 18:27:00
9434,1269,Manoj Rao,Tablet,3,30000,Cancelled,2026-01-27,2026-01-27 03:24:00
9435,726,Kiran Patel,Printer,1,12000,Completed,2026-06-09,2026-06-10 06:55:00
9436,1416,Priya Reddy,SSD,3,8000,Completed,2026-07-29,2026-07-30 20:05:00
9437,639,Arjun Kumar,RAM,3,4000,Completed,2026-08-30,2026-08-30 03:14:00
9438,625,Neha Singh,Laptop,4,65000,Completed,2026-09-02,2026-09-04 10:58:00
9439,1276,Pooja Iyer,RAM,4,4000,Pending,2026-07-03,2026-07-03 14:20:00
9440,1393,Ajay Reddy,Printer,5,12000,Completed,2026-07-09,2026-07-10 15:57:00
9441,758,Pooja Iyer,Monitor,5,15000,Completed,2026-09-02,2026-09-03 21:34:00
9442,1232,Rohit Verma,Laptop,2,65000,Completed,2026-07-22,2026-07-24 18:45:00
9443,987,Suresh Kumar,USB Hub,1,1800,Completed,2026-05-08,2026-05-10 20:47:00
9444,567,Arjun Kumar,Mouse,5,1200,Completed,2026-08-13,2026-08-14 00:55:00
9445,746,Kiran Patel,SSD,3,8000,Completed,2026-05-08,2026-05-09 08:54:00
9446,636,Kiran Patel,Webcam,4,5000,Completed,2026-08-06,2026-08-07 08:57:00
9447,919,Pooja Iyer,Laptop,2,65000,Completed,2026-07-08,2026-07-09 19:31:00
9448,690,Pooja Iyer,Tablet,2,30000,Completed,2026-02-28,2026-02-28 09:07:00
9449,664,Manoj Rao,Smart Watch,5,7500,Cancelled,2026-08-18,2026-08-18 14:39:00
9450,1484,Neha Singh,Smart Watch,4,7500,Completed,2026-03-11,2026-03-13 00:38:00
9451,1372,Neha Singh,Headphones,2,4500,Completed,2026-06-28,2026-06-30 23:56:00
9452,1241,Suresh Kumar,Power Bank,3,2200,Completed,2026-04-11,2026-04-11 12:22:00
9453,712,Pooja Iyer,Laptop,2,65000,Completed,2026-06-29,2026-06-29 02:20:00
9454,763,Rohit Verma,Laptop Bag,5,3500,Completed,2026-08-27,2026-08-28 07:34:00
9455,648,Vikram Singh,Keyboard,1,2500,Completed,2026-06-08,2026-06-08 12:48:00
9456,851,Neha Singh,Keyboard,3,2500,Pending,2026-01-25,2026-01-26 02:18:00
9457,1392,Kiran Patel,SSD,4,8000,Completed,2026-05-16,2026-05-16 20:56:00
9458,701,Kiran Patel,Webcam,5,5000,Completed,2026-07-04,2026-07-04 11:48:00
9459,917,Manoj Rao,Mouse,3,1200,Cancelled,2026-09-05,2026-09-05 07:46:00
9460,501,Suresh Kumar,Laptop Bag,1,3500,Completed,2026-05-26,2026-05-27 17:18:00
9461,949,Ajay Reddy,Smart Watch,3,7500,Completed,2026-01-13,2026-01-15 02:36:00
9462,1229,Rahul Sharma,Power Bank,2,2200,Completed,2026-07-02,2026-07-02 02:09:00
9463,1367,Ananya Das,SSD,5,8000,Completed,2026-04-01,2026-04-01 15:58:00
9464,1260,Sneha Rao,Webcam,5,5000,Completed,2026-07-11,2026-07-11 22:33:00
9465,706,Rahul Sharma,Laptop,2,65000,Completed,2026-04-30,2026-05-02 06:36:00
9466,537,Kiran Patel,Headphones,2,4500,Completed,2026-07-26,2026-07-28 01:58:00
9467,1341,Rohit Verma,Printer,2,12000,Completed,2026-07-12,2026-07-12 06:38:00
9468,501,Divya Menon,SSD,3,8000,Pending,2026-02-20,2026-02-21 07:02:00
9469,782,Priya Reddy,Power Bank,3,2200,Completed,2026-04-19,2026-04-21 06:47:00
9470,821,Neha Singh,Mobile Phone,4,25000,Completed,2026-03-23,2026-03-24 00:58:00
9471,1316,Rahul Sharma,Power Bank,5,2200,Cancelled,2026-03-21,2026-03-22 02:33:00
9472,982,Meera Nair,RAM,5,4000,Cancelled,2026-06-27,2026-06-29 22:19:00
9473,554,Ajay Reddy,Monitor,3,15000,Completed,2026-05-04,2026-05-05 13:28:00
9474,741,Ajay Reddy,Smart Watch,4,7500,Completed,2026-07-16,2026-07-16 07:55:00
9475,841,Divya Menon,Webcam,1,5000,Completed,2026-03-12,2026-03-13 02:06:00
9476,597,Vikram Singh,Printer,4,12000,Completed,2026-07-09,2026-07-09 10:46:00
9477,519,Kiran Patel,Smart Watch,2,7500,Pending,2026-06-01,2026-06-02 03:58:00
9478,1165,Suresh Kumar,Printer,3,12000,Completed,2026-02-09,2026-02-11 23:01:00
9479,1459,Rahul Sharma,Mobile Phone,3,25000,Completed,2026-04-08,2026-04-08 08:07:00
9480,1241,Vikram Singh,Smart Watch,5,7500,Completed,2026-01-31,2026-01-31 16:23:00
9481,1451,Suresh Kumar,Monitor,1,15000,Completed,2026-03-30,2026-04-01 02:37:00
9482,1252,Arjun Kumar,Mobile Phone,3,25000,Completed,2026-05-17,2026-05-18 12:29:00
9483,920,Vikram Singh,Headphones,4,4500,Completed,2026-06-13,2026-06-14 16:48:00
9484,1152,Pooja Iyer,Mobile Phone,5,25000,Completed,2026-05-17,2026-05-18 02:25:00
9485,681,Rohit Verma,Webcam,5,5000,Completed,2026-08-30,2026-09-01 21:10:00
9486,527,Rohit Verma,Printer,1,12000,Completed,2026-05-11,2026-05-12 12:46:00
9487,1210,Suresh Kumar,Webcam,1,5000,Cancelled,2026-06-16,2026-06-16 11:42:00
9488,856,Arjun Kumar,Tablet,4,30000,Pending,2026-03-10,2026-03-12 14:00:00
9489,611,Arjun Kumar,SSD,3,8000,Completed,2026-04-09,2026-04-10 11:21:00
9490,1050,Ajay Reddy,Headphones,2,4500,Completed,2026-06-06,2026-06-07 07:38:00
9491,958,Suresh Kumar,Mobile Phone,5,25000,Pending,2026-01-26,2026-01-26 17:06:00
9492,1409,Divya Menon,Power Bank,4,2200,Completed,2026-08-31,2026-09-01 01:34:00
9493,1092,Priya Reddy,Laptop Bag,4,3500,Completed,2026-01-05,2026-01-07 10:56:00
9494,1103,Vikram Singh,Headphones,5,4500,Completed,2026-04-14,2026-04-16 10:47:00
9495,1417,Vikram Singh,USB Hub,5,1800,Completed,2026-02-11,2026-02-11 09:11:00
9496,1229,Manoj Rao,Tablet,2,30000,Completed,2026-07-05,2026-07-05 19:52:00
9497,1292,Suresh Kumar,Headphones,2,4500,Pending,2026-09-05,2026-09-07 20:29:00
9498,777,Rohit Verma,Laptop Bag,1,3500,Completed,2026-07-07,2026-07-09 15:39:00
9499,576,Ajay Reddy,RAM,3,4000,Completed,2026-05-05,2026-05-06 18:41:00
9500,1139,Divya Menon,Keyboard,2,2500,Completed,2026-08-23,2026-08-24 03:30:00
9501,748,Manoj Rao,Keyboard,5,2500,Completed,2026-03-21,2026-03-23 22:52:00
9502,543,Divya Menon,Monitor,3,15000,Cancelled,2026-04-09,2026-04-09 20:55:00
9503,789,Vikram Singh,Power Bank,4,2200,Completed,2026-08-05,2026-08-07 20:51:00
9504,1140,Priya Reddy,Monitor,1,15000,Completed,2026-01-20,2026-01-22 13:52:00
9505,537,Kiran Patel,Monitor,3,15000,Completed,2026-03-05,2026-03-06 12:44:00
9506,729,Suresh Kumar,Webcam,1,5000,Completed,2026-03-19,2026-03-21 23:22:00
9507,571,Suresh Kumar,Printer,1,12000,Pending,2026-06-17,2026-06-19 06:21:00
9508,875,Suresh Kumar,Webcam,5,5000,Completed,2026-07-08,2026-07-08 18:09:00
9509,800,Suresh Kumar,Laptop Bag,1,3500,Completed,2026-01-17,2026-01-19 21:21:00
9510,949,Priya Reddy,Monitor,2,15000,Completed,2026-07-05,2026-07-06 10:55:00
9511,1394,Pooja Iyer,Power Bank,4,2200,Pending,2026-04-02,2026-04-03 13:24:00
9512,1046,Priya Reddy,Printer,4,12000,Completed,2026-06-29,2026-07-01 07:55:00
9513,1391,Rohit Verma,Printer,4,12000,Cancelled,2026-03-07,2026-03-08 09:01:00
9514,1030,Vikram Singh,Laptop,3,65000,Pending,2026-02-16,2026-02-16 16:10:00
9515,1048,Neha Singh,Tablet,4,30000,Pending,2026-04-30,2026-04-30 17:45:00
9516,543,Divya Menon,Monitor,4,15000,Cancelled,2026-05-06,2026-05-07 21:58:00
9517,978,Suresh Kumar,Smart Watch,2,7500,Pending,2026-03-10,2026-03-13 00:11:00
9518,1252,Kiran Patel,Mobile Phone,4,25000,Completed,2026-04-02,2026-04-04 04:55:00
9519,867,Neha Singh,Headphones,4,4500,Completed,2026-02-13,2026-02-13 02:11:00
9520,1121,Priya Reddy,Laptop,2,65000,Completed,2026-04-10,2026-04-11 13:41:00
9521,720,Ajay Reddy,Mouse,1,1200,Cancelled,2026-05-12,2026-05-12 22:21:00
9522,1185,Neha Singh,Printer,2,12000,Completed,2026-08-03,2026-08-03 07:12:00
9523,1195,Rohit Verma,Headphones,5,4500,Completed,2026-08-12,2026-08-13 20:48:00
9524,672,Sneha Rao,Keyboard,2,2500,Cancelled,2026-05-03,2026-05-04 15:57:00
9525,857,Rahul Sharma,Smart Watch,3,7500,Completed,2026-08-30,2026-09-01 02:02:00
9526,912,Pooja Iyer,Webcam,2,5000,Completed,2026-04-17,2026-04-17 02:16:00
9527,1382,Kiran Patel,Mouse,4,1200,Pending,2026-06-24,2026-06-25 22:13:00
9528,731,Ananya Das,Monitor,2,15000,Completed,2026-07-12,2026-07-12 22:55:00
9529,549,Pooja Iyer,Power Bank,1,2200,Completed,2026-03-22,2026-03-23 22:00:00
9530,1224,Suresh Kumar,Keyboard,4,2500,Cancelled,2026-03-19,2026-03-21 07:00:00
9531,1206,Rohit Verma,Smart Watch,3,7500,Completed,2026-05-31,2026-05-31 23:58:00
9532,677,Priya Reddy,Mobile Phone,2,25000,Completed,2026-09-06,2026-09-06 10:52:00
9533,626,Vikram Singh,SSD,5,8000,Completed,2026-02-13,2026-02-15 11:55:00
9534,1281,Rohit Verma,Laptop,5,65000,Completed,2026-01-26,2026-01-28 14:27:00
9535,843,Kiran Patel,RAM,2,4000,Cancelled,2026-01-01,2026-01-01 01:13:00
9536,839,Ananya Das,Laptop,5,65000,Completed,2026-03-10,2026-03-10 10:36:00
9537,1239,Priya Reddy,Smart Watch,2,7500,Completed,2026-01-03,2026-01-05 02:52:00
9538,1358,Sneha Rao,USB Hub,1,1800,Pending,2026-02-14,2026-02-16 12:03:00
9539,983,Neha Singh,Monitor,5,15000,Completed,2026-01-22,2026-01-24 06:52:00
9540,800,Kiran Patel,Mobile Phone,4,25000,Completed,2026-01-21,2026-01-22 05:15:00
9541,638,Neha Singh,Mobile Phone,1,25000,Completed,2026-04-11,2026-04-13 16:10:00
9542,1180,Rohit Verma,Mouse,1,1200,Cancelled,2026-03-29,2026-03-31 18:22:00
9543,860,Rohit Verma,Mobile Phone,5,25000,Completed,2026-02-19,2026-02-19 07:45:00
9544,561,Priya Reddy,USB Hub,4,1800,Cancelled,2026-02-09,2026-02-10 22:17:00
9545,1295,Arjun Kumar,Laptop Bag,1,3500,Pending,2026-07-03,2026-07-03 14:30:00
9546,1237,Meera Nair,RAM,3,4000,Completed,2026-03-08,2026-03-09 18:51:00
9547,585,Meera Nair,Mouse,1,1200,Completed,2026-02-19,2026-02-19 15:59:00
9548,513,Arjun Kumar,SSD,2,8000,Completed,2026-06-17,2026-06-19 12:38:00
9549,1008,Meera Nair,USB Hub,2,1800,Pending,2026-07-25,2026-07-27 23:36:00
9550,1171,Arjun Kumar,Headphones,4,4500,Pending,2026-04-27,2026-04-28 23:29:00
9551,1155,Suresh Kumar,SSD,2,8000,Cancelled,2026-05-31,2026-06-02 07:49:00
9552,906,Manoj Rao,Mouse,4,1200,Cancelled,2026-05-26,2026-05-28 06:24:00
9553,1474,Divya Menon,Printer,3,12000,Completed,2026-02-14,2026-02-15 07:17:00
9554,1108,Meera Nair,Keyboard,5,2500,Completed,2026-01-31,2026-02-01 04:55:00
9555,1437,Rahul Sharma,Laptop,4,65000,Completed,2026-07-10,2026-07-12 18:34:00
9556,1336,Meera Nair,Keyboard,2,2500,Pending,2026-07-07,2026-07-07 05:19:00
9557,521,Divya Menon,Webcam,4,5000,Pending,2026-06-25,2026-06-26 00:01:00
9558,1007,Suresh Kumar,Printer,3,12000,Completed,2026-01-19,2026-01-21 02:12:00
9559,651,Priya Reddy,SSD,4,8000,Pending,2026-07-15,2026-07-17 13:23:00
9560,1124,Suresh Kumar,Tablet,2,30000,Completed,2026-08-09,2026-08-10 03:02:00
9561,946,Suresh Kumar,Smart Watch,3,7500,Pending,2026-04-15,2026-04-16 01:00:00
9562,1128,Suresh Kumar,Printer,3,12000,Completed,2026-04-14,2026-04-15 12:44:00
9563,575,Arjun Kumar,Keyboard,4,2500,Completed,2026-08-30,2026-08-30 15:17:00
9564,510,Rohit Verma,SSD,2,8000,Completed,2026-06-17,2026-06-17 14:01:00
9565,905,Suresh Kumar,Monitor,2,15000,Completed,2026-05-19,2026-05-20 16:19:00
9566,620,Priya Reddy,Monitor,5,15000,Cancelled,2026-08-26,2026-08-27 16:25:00
9567,1242,Divya Menon,Mouse,5,1200,Completed,2026-07-23,2026-07-25 20:46:00
9568,828,Sneha Rao,Monitor,1,15000,Cancelled,2026-06-28,2026-06-29 06:00:00
9569,1195,Ajay Reddy,Printer,1,12000,Pending,2026-05-16,2026-05-16 04:24:00
9570,659,Divya Menon,Mouse,3,1200,Completed,2026-03-22,2026-03-24 11:45:00
9571,690,Pooja Iyer,RAM,4,4000,Completed,2026-01-17,2026-01-17 16:56:00
9572,688,Pooja Iyer,Printer,2,12000,Pending,2026-03-19,2026-03-22 00:50:00
9573,1178,Arjun Kumar,Tablet,5,30000,Completed,2026-01-29,2026-01-29 06:54:00
9574,1108,Pooja Iyer,Smart Watch,3,7500,Pending,2026-01-05,2026-01-06 11:46:00
9575,867,Ananya Das,Headphones,2,4500,Completed,2026-05-31,2026-05-31 14:18:00
9576,1181,Ananya Das,Mobile Phone,1,25000,Completed,2026-08-04,2026-08-06 07:56:00
9577,1300,Kiran Patel,Laptop,5,65000,Pending,2026-07-14,2026-07-16 09:58:00
9578,1213,Manoj Rao,Laptop,3,65000,Completed,2026-03-07,2026-03-07 23:53:00
9579,593,Manoj Rao,Tablet,4,30000,Pending,2026-01-08,2026-01-08 04:24:00
9580,1317,Suresh Kumar,Keyboard,5,2500,Completed,2026-03-25,2026-03-27 14:34:00
9581,755,Kiran Patel,Mobile Phone,2,25000,Pending,2026-07-12,2026-07-13 19:58:00
9582,1295,Manoj Rao,RAM,1,4000,Completed,2026-03-19,2026-03-19 11:15:00
9583,823,Vikram Singh,RAM,4,4000,Completed,2026-03-14,2026-03-14 17:29:00
9584,523,Neha Singh,RAM,5,4000,Completed,2026-03-24,2026-03-25 01:45:00
9585,1152,Neha Singh,Mouse,2,1200,Pending,2026-08-31,2026-08-31 07:11:00
9586,1063,Priya Reddy,Laptop Bag,5,3500,Pending,2026-06-28,2026-06-28 15:52:00
9587,1280,Priya Reddy,RAM,4,4000,Completed,2026-01-24,2026-01-25 09:56:00
9588,1324,Rohit Verma,Webcam,3,5000,Completed,2026-08-06,2026-08-07 08:55:00
9589,1069,Kiran Patel,USB Hub,4,1800,Completed,2026-02-06,2026-02-06 22:30:00
9590,646,Kiran Patel,Webcam,3,5000,Completed,2026-07-26,2026-07-27 14:45:00
9591,792,Arjun Kumar,Mobile Phone,4,25000,Completed,2026-02-18,2026-02-20 20:33:00
9592,560,Rohit Verma,Printer,5,12000,Pending,2026-04-15,2026-04-17 02:03:00
9593,1396,Rahul Sharma,Laptop Bag,1,3500,Completed,2026-01-16,2026-01-19 00:02:00
9594,1021,Meera Nair,Mobile Phone,3,25000,Completed,2026-05-25,2026-05-27 02:20:00
9595,909,Manoj Rao,Smart Watch,2,7500,Cancelled,2026-07-31,2026-08-01 05:57:00
9596,1271,Neha Singh,Tablet,2,30000,Completed,2026-04-09,2026-04-09 21:53:00
9597,523,Suresh Kumar,Keyboard,3,2500,Cancelled,2026-05-30,2026-05-30 22:55:00
9598,1030,Arjun Kumar,Printer,3,12000,Completed,2026-05-06,2026-05-08 01:24:00
9599,1217,Ananya Das,Power Bank,3,2200,Completed,2026-07-06,2026-07-08 12:58:00
9600,1242,Divya Menon,Laptop,3,65000,Completed,2026-04-29,2026-04-30 00:56:00
9601,889,Pooja Iyer,Power Bank,4,2200,Completed,2026-06-09,2026-06-09 11:59:00
9602,726,Sneha Rao,Laptop Bag,4,3500,Pending,2026-08-02,2026-08-02 21:28:00
9603,1089,Meera Nair,Headphones,4,4500,Completed,2026-08-16,2026-08-17 12:05:00
9604,1075,Meera Nair,Power Bank,2,2200,Cancelled,2026-04-30,2026-05-02 06:56:00
9605,837,Rahul Sharma,USB Hub,2,1800,Completed,2026-03-19,2026-03-20 23:23:00
9606,1409,Priya Reddy,USB Hub,1,1800,Cancelled,2026-05-30,2026-06-01 08:15:00
9607,1362,Ananya Das,Keyboard,1,2500,Pending,2026-01-09,2026-01-09 21:59:00
9608,1495,Ajay Reddy,Mobile Phone,1,25000,Completed,2026-08-09,2026-08-12 00:07:00
9609,926,Ajay Reddy,RAM,3,4000,Completed,2026-08-04,2026-08-06 00:18:00
9610,1336,Vikram Singh,Printer,1,12000,Pending,2026-04-04,2026-04-05 05:38:00
9611,1061,Sneha Rao,Mouse,4,1200,Cancelled,2026-04-11,2026-04-13 23:03:00
9612,710,Pooja Iyer,Mouse,1,1200,Pending,2026-01-28,2026-01-30 05:48:00
9613,1149,Sneha Rao,Headphones,5,4500,Pending,2026-07-24,2026-07-25 22:48:00
9614,1124,Rahul Sharma,USB Hub,4,1800,Pending,2026-02-16,2026-02-16 22:45:00
9615,1306,Sneha Rao,Printer,4,12000,Completed,2026-07-17,2026-07-17 18:48:00
9616,908,Vikram Singh,Power Bank,4,2200,Pending,2026-01-25,2026-01-27 03:58:00
9617,873,Rohit Verma,Laptop,4,65000,Completed,2026-04-02,2026-04-04 19:46:00
9618,977,Vikram Singh,Laptop,1,65000,Pending,2026-08-04,2026-08-06 01:11:00
9619,632,Pooja Iyer,Mobile Phone,5,25000,Completed,2026-03-29,2026-03-30 05:37:00
9620,1113,Arjun Kumar,Laptop,2,65000,Pending,2026-04-05,2026-04-06 10:35:00
9621,1020,Rahul Sharma,Laptop Bag,4,3500,Pending,2026-07-13,2026-07-13 18:54:00
9622,613,Vikram Singh,Tablet,5,30000,Completed,2026-09-08,2026-09-08 07:29:00
9623,768,Arjun Kumar,Tablet,2,30000,Completed,2026-07-29,2026-07-30 04:34:00
9624,673,Meera Nair,USB Hub,4,1800,Completed,2026-01-29,2026-01-31 15:10:00
9625,1019,Pooja Iyer,Mouse,1,1200,Completed,2026-08-15,2026-08-15 09:39:00
9626,1127,Ananya Das,SSD,1,8000,Completed,2026-07-14,2026-07-14 19:49:00
9627,1176,Kiran Patel,Laptop Bag,4,3500,Completed,2026-01-30,2026-01-31 05:30:00
9628,1423,Vikram Singh,SSD,4,8000,Completed,2026-05-23,2026-05-24 21:00:00
9629,769,Rahul Sharma,Tablet,1,30000,Cancelled,2026-03-23,2026-03-24 08:17:00
9630,962,Suresh Kumar,Headphones,4,4500,Completed,2026-06-14,2026-06-15 18:51:00
9631,743,Divya Menon,Smart Watch,1,7500,Pending,2026-01-07,2026-01-09 04:16:00
9632,1001,Ajay Reddy,Webcam,4,5000,Completed,2026-02-28,2026-03-01 21:37:00
9633,824,Manoj Rao,Mobile Phone,2,25000,Completed,2026-04-10,2026-04-11 16:47:00
9634,989,Ajay Reddy,Headphones,1,4500,Completed,2026-03-23,2026-03-24 07:49:00
9635,1325,Vikram Singh,Webcam,4,5000,Completed,2026-05-29,2026-05-30 06:23:00
9636,688,Rahul Sharma,Headphones,3,4500,Completed,2026-04-05,2026-04-06 19:42:00
9637,954,Arjun Kumar,Keyboard,2,2500,Completed,2026-08-01,2026-08-02 16:17:00
9638,1154,Rahul Sharma,Printer,5,12000,Cancelled,2026-01-11,2026-01-12 15:26:00
9639,704,Divya Menon,Printer,3,12000,Completed,2026-08-12,2026-08-13 03:34:00
9640,838,Arjun Kumar,Monitor,3,15000,Completed,2026-04-12,2026-04-14 05:31:00
9641,918,Ananya Das,Laptop Bag,5,3500,Completed,2026-02-25,2026-02-27 08:59:00
9642,1413,Arjun Kumar,Webcam,3,5000,Completed,2026-02-18,2026-02-20 20:28:00
9643,1072,Ajay Reddy,Printer,3,12000,Pending,2026-05-18,2026-05-20 13:07:00
9644,1266,Arjun Kumar,Smart Watch,5,7500,Completed,2026-08-26,2026-08-28 12:00:00
9645,525,Vikram Singh,USB Hub,2,1800,Completed,2026-07-07,2026-07-07 03:21:00
9646,1031,Manoj Rao,Webcam,5,5000,Completed,2026-04-09,2026-04-11 16:52:00
9647,1138,Priya Reddy,USB Hub,5,1800,Cancelled,2026-03-11,2026-03-13 07:25:00
9648,1068,Pooja Iyer,Mouse,4,1200,Pending,2026-02-18,2026-02-19 01:10:00
9649,1096,Rohit Verma,RAM,5,4000,Pending,2026-03-31,2026-04-02 14:04:00
9650,1495,Meera Nair,Printer,5,12000,Pending,2026-04-06,2026-04-07 23:27:00
9651,689,Suresh Kumar,RAM,5,4000,Pending,2026-04-08,2026-04-09 08:57:00
9652,1494,Suresh Kumar,Mobile Phone,4,25000,Completed,2026-02-04,2026-02-06 06:27:00
9653,963,Manoj Rao,Laptop Bag,1,3500,Completed,2026-07-05,2026-07-06 05:11:00
9654,1330,Rahul Sharma,Laptop,2,65000,Cancelled,2026-01-12,2026-01-14 18:49:00
9655,1047,Rahul Sharma,Monitor,5,15000,Completed,2026-03-06,2026-03-08 02:50:00
9656,903,Divya Menon,RAM,4,4000,Cancelled,2026-02-07,2026-02-08 04:05:00
9657,709,Pooja Iyer,Mouse,5,1200,Completed,2026-09-05,2026-09-08 00:52:00
9658,917,Ananya Das,RAM,4,4000,Pending,2026-09-07,2026-09-08 22:10:00
9659,1260,Meera Nair,USB Hub,4,1800,Completed,2026-07-25,2026-07-27 10:11:00
9660,1090,Vikram Singh,Headphones,2,4500,Completed,2026-08-10,2026-08-12 08:17:00
9661,816,Priya Reddy,Monitor,5,15000,Completed,2026-05-16,2026-05-17 13:41:00
9662,663,Kiran Patel,Laptop,5,65000,Completed,2026-05-19,2026-05-21 12:46:00
9663,1051,Neha Singh,Laptop Bag,5,3500,Completed,2026-06-29,2026-06-29 10:17:00
9664,1115,Kiran Patel,Mouse,4,1200,Completed,2026-05-12,2026-05-13 15:30:00
9665,718,Ananya Das,Tablet,4,30000,Completed,2026-04-23,2026-04-23 02:30:00
9666,1154,Rahul Sharma,Keyboard,3,2500,Completed,2026-01-08,2026-01-09 21:44:00
9667,980,Ananya Das,Mouse,3,1200,Completed,2026-01-29,2026-01-30 09:52:00
9668,1218,Arjun Kumar,USB Hub,5,1800,Pending,2026-05-13,2026-05-13 17:09:00
9669,550,Rohit Verma,Printer,4,12000,Pending,2026-05-25,2026-05-27 04:21:00
9670,665,Rohit Verma,Tablet,2,30000,Completed,2026-02-27,2026-02-28 23:27:00
9671,904,Vikram Singh,Printer,5,12000,Completed,2026-05-15,2026-05-16 23:50:00
9672,1153,Ajay Reddy,RAM,1,4000,Cancelled,2026-05-22,2026-05-23 21:34:00
9673,1012,Ajay Reddy,Power Bank,1,2200,Completed,2026-04-08,2026-04-10 05:06:00
9674,1229,Rohit Verma,Monitor,5,15000,Completed,2026-06-01,2026-06-02 14:09:00
9675,1393,Rohit Verma,Mobile Phone,2,25000,Completed,2026-05-11,2026-05-13 23:02:00
9676,1014,Divya Menon,Keyboard,1,2500,Completed,2026-06-01,2026-06-03 13:34:00
9677,578,Meera Nair,Laptop,5,65000,Completed,2026-02-16,2026-02-17 04:37:00
9678,1208,Sneha Rao,Headphones,4,4500,Cancelled,2026-02-05,2026-02-05 01:23:00
9679,884,Ananya Das,Mobile Phone,4,25000,Completed,2026-09-08,2026-09-09 20:44:00
9680,539,Pooja Iyer,Power Bank,4,2200,Completed,2026-08-05,2026-08-05 18:36:00
9681,1129,Manoj Rao,Mobile Phone,4,25000,Completed,2026-02-19,2026-02-21 09:00:00
9682,650,Suresh Kumar,Mobile Phone,3,25000,Completed,2026-04-24,2026-04-24 10:03:00
9683,787,Neha Singh,Laptop,2,65000,Completed,2026-08-05,2026-08-05 23:49:00
9684,780,Rohit Verma,USB Hub,4,1800,Completed,2026-04-08,2026-04-08 19:10:00
9685,1133,Arjun Kumar,Laptop Bag,5,3500,Completed,2026-08-12,2026-08-13 06:10:00
9686,1377,Ajay Reddy,Printer,4,12000,Pending,2026-05-11,2026-05-12 08:43:00
9687,1480,Manoj Rao,Laptop Bag,3,3500,Completed,2026-07-02,2026-07-02 09:47:00
9688,1102,Neha Singh,Headphones,4,4500,Pending,2026-07-10,2026-07-11 10:01:00
9689,668,Neha Singh,Mouse,3,1200,Completed,2026-05-29,2026-05-29 15:10:00
9690,1388,Neha Singh,Mouse,5,1200,Completed,2026-08-27,2026-08-29 17:45:00
9691,1252,Neha Singh,Power Bank,5,2200,Completed,2026-03-31,2026-04-01 15:40:00
9692,1195,Sneha Rao,USB Hub,2,1800,Pending,2026-09-05,2026-09-07 14:07:00
9693,967,Vikram Singh,Power Bank,5,2200,Pending,2026-01-19,2026-01-21 03:56:00
9694,546,Vikram Singh,SSD,5,8000,Completed,2026-06-24,2026-06-26 01:41:00
9695,1343,Vikram Singh,Mouse,4,1200,Pending,2026-05-30,2026-05-31 05:49:00
9696,1270,Priya Reddy,Keyboard,3,2500,Completed,2026-03-11,2026-03-12 22:57:00
9697,728,Vikram Singh,Monitor,1,15000,Completed,2026-04-23,2026-04-24 05:14:00
9698,1393,Kiran Patel,Webcam,1,5000,Completed,2026-04-21,2026-04-23 15:15:00
9699,1147,Divya Menon,Laptop,4,65000,Completed,2026-07-09,2026-07-10 18:18:00
9700,1003,Ajay Reddy,SSD,5,8000,Completed,2026-03-15,2026-03-16 23:43:00
9701,994,Pooja Iyer,USB Hub,2,1800,Completed,2026-07-17,2026-07-19 02:13:00
9702,693,Pooja Iyer,Keyboard,5,2500,Completed,2026-08-25,2026-08-26 01:05:00
9703,802,Ananya Das,Mobile Phone,3,25000,Completed,2026-02-15,2026-02-17 11:57:00
9704,1370,Rohit Verma,Tablet,3,30000,Completed,2026-08-08,2026-08-08 15:49:00
9705,776,Suresh Kumar,Mouse,4,1200,Cancelled,2026-08-08,2026-08-10 15:43:00
9706,1269,Divya Menon,Mouse,1,1200,Completed,2026-05-22,2026-05-23 05:59:00
9707,1434,Neha Singh,Laptop Bag,2,3500,Cancelled,2026-01-13,2026-01-16 00:27:00
9708,1207,Manoj Rao,Mouse,4,1200,Completed,2026-05-30,2026-05-31 15:08:00
9709,1005,Pooja Iyer,Power Bank,1,2200,Pending,2026-08-28,2026-08-29 04:10:00
9710,717,Vikram Singh,Webcam,4,5000,Completed,2026-07-25,2026-07-25 23:38:00
9711,864,Meera Nair,SSD,2,8000,Completed,2026-03-05,2026-03-06 12:02:00
9712,1349,Ajay Reddy,Webcam,1,5000,Pending,2026-08-16,2026-08-18 19:24:00
9713,1339,Pooja Iyer,Power Bank,1,2200,Completed,2026-03-21,2026-03-22 18:16:00
9714,805,Priya Reddy,Tablet,5,30000,Completed,2026-04-21,2026-04-22 06:00:00
9715,558,Ananya Das,Printer,3,12000,Completed,2026-04-21,2026-04-22 17:45:00
9716,1292,Vikram Singh,USB Hub,1,1800,Pending,2026-07-14,2026-07-16 18:55:00
9717,705,Pooja Iyer,SSD,3,8000,Cancelled,2026-03-01,2026-03-04 00:43:00
9718,737,Meera Nair,Tablet,4,30000,Cancelled,2026-06-23,2026-06-25 07:58:00
9719,827,Neha Singh,USB Hub,2,1800,Completed,2026-02-18,2026-02-19 21:48:00
9720,678,Ajay Reddy,USB Hub,1,1800,Completed,2026-03-01,2026-03-03 17:20:00
9721,680,Rohit Verma,SSD,4,8000,Completed,2026-04-14,2026-04-14 09:04:00
9722,996,Sneha Rao,RAM,5,4000,Completed,2026-08-18,2026-08-18 10:40:00
9723,1488,Divya Menon,Laptop Bag,4,3500,Completed,2026-06-17,2026-06-18 20:30:00
9724,654,Priya Reddy,Headphones,4,4500,Completed,2026-02-25,2026-02-26 09:35:00
9725,1489,Divya Menon,Laptop Bag,1,3500,Completed,2026-02-18,2026-02-19 06:44:00
9726,924,Suresh Kumar,Keyboard,5,2500,Completed,2026-05-31,2026-05-31 14:59:00
9727,932,Priya Reddy,RAM,4,4000,Completed,2026-02-23,2026-02-25 04:56:00
9728,1449,Neha Singh,Laptop Bag,1,3500,Pending,2026-05-06,2026-05-07 23:16:00
9729,1348,Divya Menon,Printer,1,12000,Completed,2026-02-15,2026-02-15 17:00:00
9730,574,Divya Menon,Monitor,1,15000,Completed,2026-09-02,2026-09-04 17:25:00
9731,932,Vikram Singh,SSD,2,8000,Completed,2026-03-17,2026-03-19 20:58:00
9732,748,Manoj Rao,Smart Watch,1,7500,Completed,2026-02-18,2026-02-19 21:50:00
9733,763,Vikram Singh,Headphones,1,4500,Cancelled,2026-03-25,2026-03-26 22:30:00
9734,1227,Arjun Kumar,Laptop Bag,2,3500,Completed,2026-01-10,2026-01-10 08:13:00
9735,913,Arjun Kumar,Tablet,1,30000,Pending,2026-04-07,2026-04-07 11:25:00
9736,1202,Suresh Kumar,RAM,1,4000,Completed,2026-05-24,2026-05-25 20:49:00
9737,713,Meera Nair,SSD,3,8000,Completed,2026-08-04,2026-08-06 04:33:00
9738,876,Divya Menon,Power Bank,5,2200,Completed,2026-06-15,2026-06-17 11:13:00
9739,810,Neha Singh,Power Bank,5,2200,Pending,2026-08-06,2026-08-07 02:23:00
9740,1074,Meera Nair,Keyboard,1,2500,Completed,2026-08-24,2026-08-26 18:45:00
9741,1488,Manoj Rao,Power Bank,5,2200,Pending,2026-08-05,2026-08-07 07:34:00
9742,864,Rahul Sharma,Power Bank,2,2200,Completed,2026-05-14,2026-05-16 18:17:00
9743,1465,Neha Singh,USB Hub,4,1800,Completed,2026-09-01,2026-09-01 11:09:00
9744,1144,Kiran Patel,Mobile Phone,2,25000,Pending,2026-01-03,2026-01-05 17:19:00
9745,582,Rohit Verma,Smart Watch,1,7500,Pending,2026-01-17,2026-01-18 19:59:00
9746,550,Rohit Verma,SSD,5,8000,Completed,2026-03-07,2026-03-09 06:04:00
9747,628,Divya Menon,Headphones,5,4500,Completed,2026-04-19,2026-04-22 00:11:00
9748,1126,Kiran Patel,Mouse,1,1200,Cancelled,2026-02-09,2026-02-10 19:43:00
9749,1192,Meera Nair,Keyboard,3,2500,Pending,2026-03-08,2026-03-10 14:16:00
9750,1371,Arjun Kumar,Power Bank,3,2200,Completed,2026-03-17,2026-03-17 19:44:00
9751,964,Pooja Iyer,Laptop,5,65000,Completed,2026-01-02,2026-01-02 09:29:00
9752,782,Rahul Sharma,Headphones,2,4500,Completed,2026-06-23,2026-06-23 23:27:00
9753,827,Rohit Verma,Printer,5,12000,Pending,2026-03-29,2026-03-30 19:13:00
9754,652,Suresh Kumar,Laptop,4,65000,Pending,2026-04-12,2026-04-12 12:24:00
9755,717,Ananya Das,Mobile Phone,2,25000,Completed,2026-06-24,2026-06-26 22:07:00
9756,813,Arjun Kumar,Mouse,5,1200,Completed,2026-02-07,2026-02-09 23:34:00
9757,1464,Kiran Patel,Laptop Bag,2,3500,Completed,2026-06-04,2026-06-04 02:20:00
9758,726,Rahul Sharma,Webcam,1,5000,Completed,2026-02-11,2026-02-13 07:55:00
9759,525,Neha Singh,Mouse,1,1200,Completed,2026-03-10,2026-03-11 09:35:00
9760,638,Pooja Iyer,Laptop,1,65000,Completed,2026-03-27,2026-03-28 09:07:00
9761,1188,Pooja Iyer,RAM,5,4000,Completed,2026-07-01,2026-07-01 04:42:00
9762,728,Neha Singh,Webcam,5,5000,Completed,2026-01-06,2026-01-08 13:26:00
9763,1373,Manoj Rao,Mobile Phone,2,25000,Completed,2026-08-27,2026-08-29 13:53:00
9764,1415,Rohit Verma,Headphones,4,4500,Completed,2026-06-12,2026-06-12 14:00:00
9765,711,Kiran Patel,Webcam,3,5000,Completed,2026-06-09,2026-06-10 04:52:00
9766,1347,Sneha Rao,RAM,4,4000,Cancelled,2026-08-26,2026-08-28 19:41:00
9767,749,Vikram Singh,USB Hub,1,1800,Pending,2026-05-18,2026-05-20 19:16:00
9768,1244,Manoj Rao,RAM,4,4000,Completed,2026-06-04,2026-06-05 22:13:00
9769,767,Sneha Rao,Power Bank,1,2200,Completed,2026-03-13,2026-03-14 02:22:00
9770,655,Ananya Das,Webcam,1,5000,Completed,2026-04-20,2026-04-21 09:05:00
9771,1452,Suresh Kumar,Smart Watch,2,7500,Completed,2026-02-07,2026-02-07 11:02:00
9772,616,Priya Reddy,RAM,2,4000,Cancelled,2026-02-01,2026-02-03 18:50:00
9773,896,Arjun Kumar,Mobile Phone,3,25000,Completed,2026-01-18,2026-01-18 11:07:00
9774,1431,Vikram Singh,Smart Watch,2,7500,Pending,2026-01-05,2026-01-07 03:38:00
9775,756,Neha Singh,Tablet,3,30000,Pending,2026-03-06,2026-03-07 19:43:00
9776,1312,Ananya Das,Mouse,4,1200,Pending,2026-01-04,2026-01-06 04:26:00
9777,1042,Kiran Patel,Monitor,4,15000,Pending,2026-03-22,2026-03-22 17:03:00
9778,1201,Divya Menon,Power Bank,2,2200,Completed,2026-02-25,2026-02-26 06:52:00
9779,823,Manoj Rao,Mobile Phone,3,25000,Completed,2026-02-24,2026-02-24 22:00:00
9780,876,Arjun Kumar,Power Bank,1,2200,Completed,2026-08-14,2026-08-16 14:05:00
9781,1364,Suresh Kumar,SSD,5,8000,Completed,2026-08-05,2026-08-07 18:39:00
9782,1438,Arjun Kumar,Printer,4,12000,Completed,2026-04-03,2026-04-04 18:30:00
9783,915,Pooja Iyer,Smart Watch,3,7500,Pending,2026-02-14,2026-02-14 12:18:00
9784,549,Suresh Kumar,Smart Watch,5,7500,Cancelled,2026-06-29,2026-06-30 01:13:00
9785,761,Vikram Singh,Laptop,3,65000,Completed,2026-08-04,2026-08-04 21:22:00
9786,858,Arjun Kumar,Headphones,2,4500,Completed,2026-08-25,2026-08-28 00:39:00
9787,574,Neha Singh,SSD,4,8000,Pending,2026-03-26,2026-03-28 04:38:00
9788,583,Manoj Rao,Keyboard,1,2500,Pending,2026-09-04,2026-09-05 12:19:00
9789,734,Rohit Verma,Power Bank,2,2200,Completed,2026-08-13,2026-08-14 19:14:00
9790,756,Divya Menon,Power Bank,1,2200,Completed,2026-07-26,2026-07-27 05:57:00
9791,1138,Vikram Singh,RAM,1,4000,Completed,2026-02-07,2026-02-09 21:22:00
9792,682,Meera Nair,Headphones,4,4500,Cancelled,2026-09-02,2026-09-02 05:41:00
9793,784,Arjun Kumar,Printer,5,12000,Completed,2026-04-13,2026-04-15 01:51:00
9794,1357,Sneha Rao,Webcam,5,5000,Completed,2026-07-02,2026-07-04 23:43:00
9795,1011,Vikram Singh,Monitor,1,15000,Completed,2026-02-01,2026-02-03 11:20:00
9796,1255,Kiran Patel,USB Hub,1,1800,Cancelled,2026-02-01,2026-02-03 11:29:00
9797,1107,Priya Reddy,Monitor,3,15000,Completed,2026-02-27,2026-02-28 00:22:00
9798,568,Arjun Kumar,Power Bank,1,2200,Pending,2026-05-04,2026-05-04 22:09:00
9799,1273,Ajay Reddy,Smart Watch,2,7500,Pending,2026-01-18,2026-01-20 20:39:00
9800,1498,Divya Menon,RAM,4,4000,Pending,2026-06-21,2026-06-21 07:30:00
9801,967,Ajay Reddy,Laptop,4,65000,Completed,2026-05-07,2026-05-07 11:06:00
9802,587,Sneha Rao,Smart Watch,4,7500,Completed,2026-01-18,2026-01-18 21:19:00
9803,661,Manoj Rao,Mouse,4,1200,Completed,2026-07-01,2026-07-01 11:22:00
9804,739,Rohit Verma,Laptop Bag,2,3500,Cancelled,2026-03-01,2026-03-03 04:09:00
9805,1406,Divya Menon,Mobile Phone,5,25000,Pending,2026-06-22,2026-06-22 04:03:00
9806,740,Rohit Verma,Power Bank,5,2200,Cancelled,2026-02-15,2026-02-16 20:03:00
9807,1491,Arjun Kumar,USB Hub,1,1800,Pending,2026-04-05,2026-04-07 10:40:00
9808,891,Divya Menon,Monitor,3,15000,Completed,2026-04-13,2026-04-14 01:30:00
9809,963,Sneha Rao,RAM,2,4000,Completed,2026-06-30,2026-07-02 06:06:00
9810,1172,Vikram Singh,Keyboard,3,2500,Cancelled,2026-02-24,2026-02-26 12:23:00
9811,1185,Neha Singh,Monitor,5,15000,Completed,2026-05-03,2026-05-04 08:26:00
9812,720,Kiran Patel,Monitor,5,15000,Completed,2026-07-14,2026-07-16 08:20:00
9813,519,Rahul Sharma,Printer,1,12000,Pending,2026-01-10,2026-01-10 10:43:00
9814,822,Rohit Verma,Laptop Bag,4,3500,Pending,2026-04-20,2026-04-22 16:00:00
9815,1153,Kiran Patel,Mouse,3,1200,Pending,2026-06-26,2026-06-27 12:54:00
9816,647,Vikram Singh,Power Bank,2,2200,Pending,2026-02-21,2026-02-22 08:27:00
9817,1268,Pooja Iyer,Power Bank,1,2200,Pending,2026-01-09,2026-01-11 15:04:00
9818,1193,Arjun Kumar,Smart Watch,3,7500,Completed,2026-07-27,2026-07-27 06:56:00
9819,1174,Ajay Reddy,Webcam,3,5000,Completed,2026-01-06,2026-01-06 19:35:00
9820,713,Vikram Singh,Smart Watch,3,7500,Completed,2026-06-29,2026-06-30 09:27:00
9821,902,Rohit Verma,Laptop,4,65000,Completed,2026-04-01,2026-04-03 09:13:00
9822,1225,Rohit Verma,Mouse,1,1200,Pending,2026-01-14,2026-01-15 05:47:00
9823,502,Meera Nair,Mouse,3,1200,Pending,2026-07-12,2026-07-12 12:03:00
9824,887,Sneha Rao,Tablet,3,30000,Completed,2026-06-18,2026-06-20 20:08:00
9825,684,Ananya Das,Laptop Bag,1,3500,Cancelled,2026-07-02,2026-07-04 18:57:00
9826,1076,Rahul Sharma,Webcam,2,5000,Completed,2026-06-18,2026-06-19 13:37:00
9827,1377,Meera Nair,RAM,1,4000,Completed,2026-01-03,2026-01-05 23:42:00
9828,1474,Rohit Verma,Mobile Phone,3,25000,Cancelled,2026-08-29,2026-08-29 09:51:00
9829,857,Rohit Verma,SSD,2,8000,Completed,2026-03-05,2026-03-06 01:36:00
9830,860,Rahul Sharma,Tablet,5,30000,Completed,2026-04-09,2026-04-09 13:33:00
9831,939,Rahul Sharma,Headphones,1,4500,Completed,2026-03-07,2026-03-08 23:50:00
9832,1367,Suresh Kumar,Mouse,5,1200,Completed,2026-06-24,2026-06-25 07:20:00
9833,849,Meera Nair,Monitor,1,15000,Pending,2026-06-02,2026-06-02 11:29:00
9834,911,Neha Singh,Mouse,2,1200,Completed,2026-02-11,2026-02-11 17:07:00
9835,661,Priya Reddy,Laptop Bag,5,3500,Cancelled,2026-01-11,2026-01-12 17:18:00
9836,1241,Priya Reddy,Mouse,4,1200,Completed,2026-08-01,2026-08-03 02:47:00
9837,1053,Suresh Kumar,Smart Watch,5,7500,Completed,2026-03-11,2026-03-11 07:10:00
9838,1268,Ananya Das,Tablet,4,30000,Cancelled,2026-03-11,2026-03-13 23:19:00
9839,791,Divya Menon,Webcam,2,5000,Completed,2026-06-09,2026-06-10 07:40:00
9840,995,Suresh Kumar,Printer,3,12000,Completed,2026-05-31,2026-06-01 21:59:00
9841,1291,Neha Singh,Smart Watch,1,7500,Completed,2026-02-12,2026-02-14 07:11:00
9842,529,Pooja Iyer,Power Bank,3,2200,Cancelled,2026-07-28,2026-07-30 01:21:00
9843,919,Arjun Kumar,Webcam,3,5000,Pending,2026-03-02,2026-03-04 09:49:00
9844,826,Suresh Kumar,Keyboard,4,2500,Cancelled,2026-05-06,2026-05-08 08:15:00
9845,1047,Ajay Reddy,Tablet,5,30000,Completed,2026-02-18,2026-02-20 23:29:00
9846,666,Neha Singh,Monitor,1,15000,Completed,2026-05-06,2026-05-06 15:01:00
9847,1037,Meera Nair,USB Hub,4,1800,Pending,2026-07-26,2026-07-28 22:06:00
9848,1126,Ananya Das,Keyboard,2,2500,Completed,2026-05-10,2026-05-10 08:51:00
9849,1140,Arjun Kumar,Tablet,3,30000,Cancelled,2026-02-13,2026-02-15 20:49:00
9850,968,Sneha Rao,Printer,3,12000,Completed,2026-02-04,2026-02-06 09:53:00
9851,1306,Rahul Sharma,Smart Watch,4,7500,Completed,2026-01-16,2026-01-16 06:14:00
9852,1098,Suresh Kumar,RAM,3,4000,Pending,2026-01-06,2026-01-06 17:48:00
9853,1303,Ananya Das,Laptop,3,65000,Completed,2026-03-22,2026-03-23 01:03:00
9854,817,Neha Singh,Printer,1,12000,Completed,2026-06-03,2026-06-05 20:52:00
9855,1095,Vikram Singh,Headphones,4,4500,Completed,2026-08-21,2026-08-22 12:57:00
9856,874,Ajay Reddy,Printer,1,12000,Completed,2026-02-28,2026-02-28 16:13:00
9857,1209,Rohit Verma,Power Bank,4,2200,Pending,2026-07-08,2026-07-10 13:09:00
9858,1355,Divya Menon,Webcam,4,5000,Pending,2026-06-27,2026-06-27 09:40:00
9859,974,Ananya Das,Headphones,1,4500,Cancelled,2026-05-25,2026-05-26 00:34:00
9860,555,Divya Menon,Monitor,2,15000,Cancelled,2026-02-19,2026-02-19 16:02:00
9861,1075,Meera Nair,SSD,2,8000,Cancelled,2026-09-06,2026-09-07 16:23:00
9862,555,Arjun Kumar,Laptop,3,65000,Completed,2026-01-02,2026-01-02 04:05:00
9863,1378,Suresh Kumar,Laptop Bag,1,3500,Cancelled,2026-06-21,2026-06-23 20:42:00
9864,1496,Ajay Reddy,Mobile Phone,5,25000,Completed,2026-05-21,2026-05-22 10:33:00
9865,742,Kiran Patel,USB Hub,5,1800,Completed,2026-05-12,2026-05-13 02:21:00
9866,1253,Manoj Rao,USB Hub,5,1800,Completed,2026-01-07,2026-01-07 11:14:00
9867,690,Kiran Patel,Monitor,5,15000,Cancelled,2026-08-27,2026-08-28 07:21:00
9868,593,Sneha Rao,Monitor,2,15000,Completed,2026-02-06,2026-02-08 11:30:00
9869,645,Ananya Das,USB Hub,2,1800,Completed,2026-01-08,2026-01-10 05:37:00
9870,1333,Pooja Iyer,Laptop Bag,4,3500,Completed,2026-01-30,2026-01-30 14:03:00
9871,1142,Priya Reddy,Printer,1,12000,Completed,2026-07-31,2026-08-02 05:40:00
9872,577,Neha Singh,Tablet,2,30000,Cancelled,2026-01-15,2026-01-15 04:32:00
9873,1050,Rahul Sharma,SSD,3,8000,Pending,2026-01-14,2026-01-15 17:46:00
9874,612,Priya Reddy,Power Bank,3,2200,Cancelled,2026-08-29,2026-08-29 20:29:00
9875,1147,Suresh Kumar,Power Bank,1,2200,Completed,2026-04-23,2026-04-24 14:55:00
9876,967,Ananya Das,RAM,2,4000,Cancelled,2026-08-31,2026-09-02 14:20:00
9877,562,Vikram Singh,RAM,1,4000,Completed,2026-07-07,2026-07-07 21:45:00
9878,1222,Divya Menon,Mobile Phone,1,25000,Completed,2026-06-04,2026-06-07 00:18:00
9879,860,Neha Singh,Mouse,1,1200,Completed,2026-05-13,2026-05-15 03:25:00
9880,957,Suresh Kumar,RAM,2,4000,Completed,2026-04-07,2026-04-09 08:19:00
9881,650,Priya Reddy,Keyboard,4,2500,Pending,2026-07-02,2026-07-03 07:45:00
9882,545,Arjun Kumar,Laptop Bag,2,3500,Completed,2026-03-04,2026-03-04 18:21:00
9883,844,Ananya Das,Keyboard,5,2500,Completed,2026-07-28,2026-07-29 18:43:00
9884,600,Kiran Patel,Tablet,1,30000,Pending,2026-02-28,2026-03-01 12:26:00
9885,1148,Ananya Das,Headphones,3,4500,Pending,2026-08-04,2026-08-04 04:31:00
9886,1137,Sneha Rao,Mouse,2,1200,Completed,2026-09-01,2026-09-01 11:11:00
9887,1238,Suresh Kumar,Monitor,1,15000,Completed,2026-03-09,2026-03-09 07:11:00
9888,1480,Suresh Kumar,Mobile Phone,2,25000,Completed,2026-04-06,2026-04-06 04:40:00
9889,1207,Manoj Rao,RAM,2,4000,Completed,2026-06-02,2026-06-03 18:28:00
9890,1141,Suresh Kumar,Keyboard,1,2500,Cancelled,2026-01-20,2026-01-21 07:18:00
9891,858,Ajay Reddy,Keyboard,5,2500,Completed,2026-08-17,2026-08-17 08:32:00
9892,895,Meera Nair,SSD,2,8000,Completed,2026-02-26,2026-02-27 17:59:00
9893,1305,Arjun Kumar,Monitor,5,15000,Completed,2026-04-25,2026-04-27 10:55:00
9894,816,Divya Menon,Monitor,1,15000,Completed,2026-02-26,2026-02-28 06:19:00
9895,856,Meera Nair,Keyboard,5,2500,Pending,2026-02-27,2026-02-28 01:56:00
9896,953,Priya Reddy,Keyboard,2,2500,Completed,2026-08-26,2026-08-29 00:59:00
9897,716,Rohit Verma,USB Hub,2,1800,Cancelled,2026-03-14,2026-03-14 13:54:00
9898,984,Arjun Kumar,RAM,2,4000,Pending,2026-05-27,2026-05-27 01:52:00
9899,520,Neha Singh,Mobile Phone,1,25000,Completed,2026-03-24,2026-03-24 01:59:00
9900,743,Suresh Kumar,Smart Watch,3,7500,Completed,2026-09-03,2026-09-03 02:51:00
9901,1269,Neha Singh,Mobile Phone,3,25000,Completed,2026-05-22,2026-05-22 09:03:00
9902,773,Pooja Iyer,Laptop,5,65000,Completed,2026-06-21,2026-06-21 01:00:00
9903,1181,Ajay Reddy,Mobile Phone,5,25000,Completed,2026-02-16,2026-02-18 00:50:00
9904,791,Sneha Rao,Keyboard,2,2500,Cancelled,2026-07-10,2026-07-11 09:16:00
9905,1364,Sneha Rao,Power Bank,5,2200,Cancelled,2026-03-16,2026-03-17 14:56:00
9906,808,Priya Reddy,Mouse,5,1200,Completed,2026-05-24,2026-05-25 20:38:00
9907,933,Divya Menon,Headphones,3,4500,Pending,2026-08-17,2026-08-19 10:02:00
9908,1471,Pooja Iyer,Keyboard,1,2500,Completed,2026-02-27,2026-02-28 22:12:00
9909,1154,Meera Nair,RAM,3,4000,Completed,2026-08-13,2026-08-15 17:41:00
9910,1365,Neha Singh,Mobile Phone,5,25000,Completed,2026-08-15,2026-08-15 17:47:00
9911,835,Arjun Kumar,Headphones,4,4500,Completed,2026-05-28,2026-05-29 09:15:00
9912,1052,Rohit Verma,Laptop,5,65000,Completed,2026-04-18,2026-04-18 20:06:00
9913,1442,Vikram Singh,Mouse,2,1200,Pending,2026-05-31,2026-06-02 01:50:00
9914,538,Manoj Rao,Mobile Phone,1,25000,Completed,2026-04-14,2026-04-16 23:44:00
9915,1446,Rohit Verma,Webcam,4,5000,Completed,2026-08-20,2026-08-20 09:24:00
9916,683,Pooja Iyer,Printer,1,12000,Completed,2026-01-21,2026-01-23 14:16:00
9917,849,Arjun Kumar,Smart Watch,5,7500,Completed,2026-06-01,2026-06-03 08:46:00
9918,1376,Neha Singh,Printer,4,12000,Completed,2026-04-04,2026-04-06 01:22:00
9919,1180,Kiran Patel,Tablet,1,30000,Completed,2026-05-12,2026-05-13 21:24:00
9920,1018,Neha Singh,SSD,3,8000,Pending,2026-03-25,2026-03-25 17:29:00
9921,1281,Rahul Sharma,Smart Watch,1,7500,Completed,2026-05-03,2026-05-04 15:09:00
9922,1437,Suresh Kumar,Smart Watch,3,7500,Completed,2026-04-29,2026-04-29 19:55:00
9923,576,Vikram Singh,Mobile Phone,1,25000,Completed,2026-04-29,2026-04-30 17:11:00
9924,1453,Neha Singh,Keyboard,1,2500,Completed,2026-02-21,2026-02-22 15:19:00
9925,1193,Sneha Rao,Monitor,5,15000,Completed,2026-08-24,2026-08-25 07:39:00
9926,1011,Priya Reddy,Keyboard,5,2500,Completed,2026-08-06,2026-08-07 13:16:00
9927,1482,Rahul Sharma,Laptop Bag,2,3500,Completed,2026-01-15,2026-01-17 05:42:00
9928,614,Arjun Kumar,Mouse,2,1200,Completed,2026-07-02,2026-07-02 07:47:00
9929,964,Kiran Patel,Monitor,3,15000,Completed,2026-06-03,2026-06-06 00:00:00
9930,1281,Pooja Iyer,Headphones,1,4500,Completed,2026-05-19,2026-05-21 13:01:00
9931,1333,Rohit Verma,RAM,2,4000,Completed,2026-02-14,2026-02-16 20:20:00
9932,1036,Ananya Das,Headphones,4,4500,Pending,2026-04-07,2026-04-09 00:55:00
9933,768,Rahul Sharma,Laptop Bag,2,3500,Completed,2026-02-07,2026-02-09 07:06:00
9934,1384,Pooja Iyer,Smart Watch,5,7500,Completed,2026-04-22,2026-04-23 03:25:00
9935,560,Manoj Rao,Laptop Bag,2,3500,Completed,2026-05-19,2026-05-19 06:26:00
9936,622,Kiran Patel,USB Hub,4,1800,Completed,2026-02-10,2026-02-12 00:59:00
9937,1066,Manoj Rao,Webcam,1,5000,Completed,2026-09-08,2026-09-10 14:29:00
9938,576,Neha Singh,USB Hub,2,1800,Completed,2026-03-11,2026-03-11 03:42:00
9939,1050,Priya Reddy,Headphones,2,4500,Completed,2026-04-26,2026-04-27 19:23:00
9940,1154,Pooja Iyer,Laptop,1,65000,Completed,2026-03-23,2026-03-24 14:10:00
9941,1267,Arjun Kumar,Headphones,4,4500,Pending,2026-02-01,2026-02-02 14:30:00
9942,1361,Pooja Iyer,Laptop,3,65000,Completed,2026-08-09,2026-08-10 23:21:00
9943,1056,Ananya Das,Tablet,1,30000,Cancelled,2026-08-08,2026-08-10 10:33:00
9944,618,Pooja Iyer,Keyboard,4,2500,Completed,2026-03-08,2026-03-09 08:32:00
9945,1371,Suresh Kumar,SSD,1,8000,Pending,2026-05-22,2026-05-24 08:43:00
9946,869,Ajay Reddy,SSD,4,8000,Pending,2026-02-18,2026-02-18 13:26:00
9947,1242,Kiran Patel,Power Bank,4,2200,Completed,2026-08-25,2026-08-26 11:30:00
9948,624,Ananya Das,Tablet,2,30000,Completed,2026-02-05,2026-02-05 12:49:00
9949,1131,Arjun Kumar,Monitor,4,15000,Completed,2026-06-22,2026-06-24 15:19:00
9950,1023,Sneha Rao,Keyboard,4,2500,Completed,2026-08-01,2026-08-04 00:24:00
9951,1479,Manoj Rao,Keyboard,5,2500,Completed,2026-07-05,2026-07-06 02:58:00
9952,565,Pooja Iyer,Power Bank,3,2200,Completed,2026-02-16,2026-02-18 03:43:00
9953,659,Kiran Patel,Mobile Phone,3,25000,Completed,2026-04-17,2026-04-19 18:22:00
9954,1298,Suresh Kumar,Monitor,5,15000,Completed,2026-04-25,2026-04-27 01:52:00
9955,598,Arjun Kumar,Laptop,3,65000,Completed,2026-04-04,2026-04-05 14:20:00
9956,1439,Ajay Reddy,Power Bank,1,2200,Completed,2026-03-16,2026-03-18 16:46:00
9957,811,Manoj Rao,Laptop,3,65000,Pending,2026-07-19,2026-07-21 19:56:00
9958,953,Rahul Sharma,Webcam,1,5000,Completed,2026-08-03,2026-08-05 21:14:00
9959,1311,Rahul Sharma,Webcam,3,5000,Completed,2026-08-29,2026-08-30 18:39:00
9960,766,Pooja Iyer,Printer,3,12000,Completed,2026-05-15,2026-05-16 16:33:00
9961,663,Divya Menon,Webcam,4,5000,Completed,2026-04-02,2026-04-02 16:42:00
9962,904,Ananya Das,Mobile Phone,3,25000,Pending,2026-02-20,2026-02-21 04:45:00
9963,1298,Vikram Singh,Headphones,4,4500,Completed,2026-03-20,2026-03-21 04:46:00
9964,1217,Arjun Kumar,Mouse,5,1200,Pending,2026-05-28,2026-05-29 08:49:00
9965,1327,Priya Reddy,Laptop,1,65000,Pending,2026-07-22,2026-07-23 22:03:00
9966,1247,Arjun Kumar,Monitor,4,15000,Completed,2026-04-19,2026-04-20 12:03:00
9967,1084,Ajay Reddy,Laptop,4,65000,Completed,2026-09-05,2026-09-07 23:37:00
9968,1244,Neha Singh,USB Hub,1,1800,Pending,2026-02-25,2026-02-26 04:21:00
9969,1414,Divya Menon,Mobile Phone,1,25000,Completed,2026-02-16,2026-02-17 13:44:00
9970,997,Rahul Sharma,USB Hub,2,1800,Pending,2026-09-05,2026-09-07 07:47:00
9971,584,Arjun Kumar,Smart Watch,4,7500,Cancelled,2026-03-25,2026-03-27 09:06:00
9972,1476,Ananya Das,Mouse,4,1200,Cancelled,2026-07-21,2026-07-23 07:54:00
9973,618,Rahul Sharma,Mouse,2,1200,Completed,2026-04-06,2026-04-08 08:53:00
9974,1491,Manoj Rao,Headphones,3,4500,Completed,2026-05-11,2026-05-12 11:54:00
9975,540,Priya Reddy,RAM,3,4000,Pending,2026-06-28,2026-06-29 00:55:00
9976,1313,Rahul Sharma,Power Bank,5,2200,Pending,2026-05-24,2026-05-24 12:15:00
9977,552,Divya Menon,Smart Watch,2,7500,Completed,2026-01-26,2026-01-26 10:58:00
9978,896,Ajay Reddy,Laptop Bag,1,3500,Pending,2026-02-08,2026-02-09 11:36:00
9979,842,Arjun Kumar,Printer,5,12000,Completed,2026-06-26,2026-06-28 23:28:00
9980,600,Pooja Iyer,Laptop,5,65000,Pending,2026-04-20,2026-04-20 19:47:00
9981,1240,Manoj Rao,Printer,3,12000,Completed,2026-06-15,2026-06-15 09:35:00
9982,1120,Arjun Kumar,Monitor,1,15000,Pending,2026-08-04,2026-08-06 17:43:00
9983,1415,Rahul Sharma,RAM,2,4000,Cancelled,2026-02-26,2026-02-26 13:11:00
9984,982,Manoj Rao,Smart Watch,5,7500,Completed,2026-04-08,2026-04-08 11:21:00
9985,1009,Priya Reddy,Laptop Bag,5,3500,Pending,2026-04-20,2026-04-22 22:45:00
9986,1231,Sneha Rao,RAM,5,4000,Pending,2026-04-21,2026-04-22 20:04:00
9987,735,Manoj Rao,Monitor,1,15000,Cancelled,2026-02-12,2026-02-13 01:58:00
9988,1279,Pooja Iyer,Webcam,4,5000,Cancelled,2026-07-28,2026-07-29 09:55:00
9989,1377,Kiran Patel,Smart Watch,2,7500,Cancelled,2026-04-13,2026-04-15 02:25:00
9990,1115,Rohit Verma,Laptop,2,65000,Completed,2026-07-23,2026-07-23 02:33:00
9991,898,Pooja Iyer,Power Bank,1,2200,Completed,2026-01-01,2026-01-03 16:06:00
9992,1383,Kiran Patel,Printer,5,12000,Pending,2026-05-01,2026-05-01 12:32:00
9993,1321,Ananya Das,Monitor,2,15000,Completed,2026-08-18,2026-08-20 06:07:00
9994,961,Vikram Singh,Laptop,4,65000,Completed,2026-02-28,2026-02-28 06:40:00
9995,1294,Arjun Kumar,Mobile Phone,3,25000,Completed,2026-08-21,2026-08-23 21:54:00
9996,997,Vikram Singh,Headphones,3,4500,Completed,2026-05-05,2026-05-06 04:04:00
9997,1358,Ajay Reddy,Smart Watch,5,7500,Cancelled,2026-01-21,2026-01-22 05:54:00
9998,1282,Neha Singh,Laptop,1,65000,Pending,2026-05-24,2026-05-24 20:15:00
9999,609,Vikram Singh,Power Bank,5,2200,Completed,2026-05-19,2026-05-21 09:55:00
10000,801,Ajay Reddy,Webcam,2,5000,Pending,2026-07-04,2026-07-06 00:03:00
10001,1032,Divya Menon,Mouse,2,1200,Completed,2026-03-03,2026-03-04 04:08:00
10002,1399,Vikram Singh,Printer,4,12000,Completed,2026-01-04,2026-01-04 08:50:00
10003,1029,Ananya Das,Laptop,5,65000,Completed,2026-07-14,2026-07-15 11:48:00
10004,870,Manoj Rao,RAM,1,4000,Cancelled,2026-05-18,2026-05-20 03:34:00
10005,913,Rahul Sharma,Mouse,2,1200,Completed,2026-08-03,2026-08-05 05:10:00
10006,1493,Meera Nair,USB Hub,3,1800,Cancelled,2026-03-19,2026-03-20 04:56:00
10007,1399,Ajay Reddy,Webcam,3,5000,Completed,2026-05-28,2026-05-30 20:56:00
10008,823,Ananya Das,Laptop,1,65000,Completed,2026-04-03,2026-04-04 05:51:00
10009,1094,Suresh Kumar,Monitor,5,15000,Completed,2026-01-22,2026-01-24 09:18:00
10010,1012,Rahul Sharma,USB Hub,1,1800,Completed,2026-05-23,2026-05-24 04:56:00
10011,1041,Suresh Kumar,RAM,5,4000,Completed,2026-05-28,2026-05-30 14:25:00
10012,566,Kiran Patel,Printer,2,12000,Completed,2026-08-25,2026-08-27 13:36:00
10013,1004,Rahul Sharma,Monitor,4,15000,Cancelled,2026-09-08,2026-09-10 01:15:00
10014,1099,Rohit Verma,Tablet,3,30000,Completed,2026-08-11,2026-08-11 09:34:00
10015,1222,Rohit Verma,Mouse,1,1200,Completed,2026-05-14,2026-05-16 13:16:00
10016,777,Arjun Kumar,Power Bank,2,2200,Pending,2026-02-09,2026-02-10 19:09:00
10017,545,Rohit Verma,Mouse,3,1200,Completed,2026-01-14,2026-01-15 11:33:00
10018,1188,Ananya Das,Printer,1,12000,Pending,2026-08-06,2026-08-07 06:17:00
10019,818,Ananya Das,Power Bank,2,2200,Cancelled,2026-05-14,2026-05-14 03:11:00
10020,1411,Rohit Verma,Tablet,3,30000,Pending,2026-09-02,2026-09-03 06:27:00
10021,908,Priya Reddy,Monitor,4,15000,Cancelled,2026-01-17,2026-01-18 02:50:00
10022,1214,Manoj Rao,Tablet,5,30000,Completed,2026-05-11,2026-05-14 00:43:00
10023,1210,Sneha Rao,SSD,4,8000,Completed,2026-02-20,2026-02-22 02:56:00
10024,1249,Neha Singh,Power Bank,1,2200,Completed,2026-08-10,2026-08-10 02:12:00
10025,1167,Meera Nair,SSD,5,8000,Completed,2026-04-15,2026-04-16 04:41:00
10026,1254,Manoj Rao,Mobile Phone,2,25000,Pending,2026-01-17,2026-01-17 04:33:00
10027,1391,Arjun Kumar,Monitor,5,15000,Completed,2026-07-12,2026-07-13 01:32:00
10028,792,Vikram Singh,RAM,3,4000,Completed,2026-05-25,2026-05-27 03:26:00
10029,661,Vikram Singh,RAM,5,4000,Completed,2026-05-15,2026-05-15 07:53:00
10030,878,Sneha Rao,Tablet,2,30000,Completed,2026-06-05,2026-06-05 10:58:00
10031,1066,Neha Singh,Mobile Phone,4,25000,Completed,2026-07-13,2026-07-13 19:51:00
10032,680,Ananya Das,Laptop Bag,5,3500,Completed,2026-01-16,2026-01-16 22:16:00
10033,1206,Meera Nair,Laptop Bag,2,3500,Completed,2026-01-14,2026-01-15 05:33:00
10034,771,Neha Singh,USB Hub,1,1800,Completed,2026-04-28,2026-04-30 23:00:00
10035,539,Sneha Rao,USB Hub,1,1800,Completed,2026-03-13,2026-03-13 17:14:00
10036,911,Priya Reddy,Laptop,1,65000,Completed,2026-02-20,2026-02-21 14:03:00
10037,1410,Pooja Iyer,Printer,4,12000,Completed,2026-07-29,2026-07-31 05:28:00
10038,860,Meera Nair,Tablet,4,30000,Completed,2026-07-23,2026-07-24 06:37:00
10039,803,Rahul Sharma,Smart Watch,3,7500,Pending,2026-04-05,2026-04-07 12:08:00
10040,1233,Rohit Verma,Monitor,3,15000,Completed,2026-02-16,2026-02-18 05:05:00
10041,519,Pooja Iyer,Keyboard,4,2500,Completed,2026-07-08,2026-07-08 19:08:00
10042,961,Ananya Das,RAM,1,4000,Completed,2026-02-06,2026-02-06 17:11:00
10043,1478,Ajay Reddy,USB Hub,2,1800,Completed,2026-08-22,2026-08-23 09:38:00
10044,542,Ajay Reddy,Laptop,2,65000,Completed,2026-02-02,2026-02-04 01:38:00
10045,606,Divya Menon,Mobile Phone,5,25000,Pending,2026-06-10,2026-06-12 07:24:00
10046,1162,Rohit Verma,Power Bank,1,2200,Pending,2026-03-16,2026-03-17 13:21:00
10047,1058,Ajay Reddy,Keyboard,1,2500,Completed,2026-09-03,2026-09-05 14:22:00
10048,1010,Ajay Reddy,Smart Watch,1,7500,Pending,2026-04-22,2026-04-24 10:49:00
10049,1206,Pooja Iyer,Tablet,2,30000,Completed,2026-02-21,2026-02-21 04:22:00
10050,1482,Neha Singh,Tablet,2,30000,Completed,2026-01-13,2026-01-14 01:02:00
10051,949,Manoj Rao,Laptop Bag,1,3500,Cancelled,2026-06-14,2026-06-15 14:08:00
10052,1304,Arjun Kumar,USB Hub,2,1800,Cancelled,2026-08-01,2026-08-01 08:25:00
10053,849,Ajay Reddy,Power Bank,4,2200,Completed,2026-01-09,2026-01-11 03:40:00
10054,657,Suresh Kumar,SSD,2,8000,Completed,2026-01-08,2026-01-09 14:05:00
10055,924,Priya Reddy,RAM,1,4000,Completed,2026-02-01,2026-02-01 10:44:00
10056,1102,Pooja Iyer,USB Hub,4,1800,Pending,2026-06-12,2026-06-12 14:14:00
10057,1035,Rahul Sharma,Laptop,5,65000,Completed,2026-06-16,2026-06-18 19:08:00
10058,765,Manoj Rao,Mobile Phone,1,25000,Pending,2026-03-05,2026-03-07 18:02:00
10059,1062,Suresh Kumar,SSD,2,8000,Completed,2026-05-14,2026-05-14 04:54:00
10060,970,Kiran Patel,Mouse,4,1200,Completed,2026-05-15,2026-05-17 16:00:00
10061,805,Pooja Iyer,Tablet,1,30000,Completed,2026-04-03,2026-04-03 06:58:00
10062,1359,Ajay Reddy,Power Bank,5,2200,Completed,2026-02-07,2026-02-08 01:40:00
10063,934,Ananya Das,Laptop Bag,4,3500,Cancelled,2026-06-22,2026-06-24 19:29:00
10064,1183,Manoj Rao,Webcam,3,5000,Completed,2026-01-14,2026-01-16 18:55:00
10065,689,Neha Singh,USB Hub,2,1800,Completed,2026-01-10,2026-01-12 22:44:00
10066,1499,Ajay Reddy,RAM,3,4000,Pending,2026-08-25,2026-08-26 05:19:00
10067,942,Rahul Sharma,USB Hub,4,1800,Completed,2026-04-20,2026-04-22 04:27:00
10068,664,Meera Nair,SSD,3,8000,Pending,2026-01-02,2026-01-02 06:11:00
10069,1307,Suresh Kumar,Tablet,3,30000,Cancelled,2026-05-13,2026-05-14 20:23:00
10070,733,Sneha Rao,Tablet,4,30000,Completed,2026-07-10,2026-07-10 17:12:00
10071,851,Kiran Patel,Mouse,4,1200,Completed,2026-02-17,2026-02-18 17:20:00
10072,900,Meera Nair,Smart Watch,3,7500,Completed,2026-02-16,2026-02-18 18:07:00
10073,1473,Priya Reddy,Mobile Phone,5,25000,Pending,2026-02-19,2026-02-21 04:35:00
10074,914,Manoj Rao,Mobile Phone,5,25000,Completed,2026-05-30,2026-05-31 10:09:00
10075,657,Rohit Verma,Mobile Phone,3,25000,Completed,2026-05-08,2026-05-10 02:34:00
10076,791,Sneha Rao,Laptop,2,65000,Pending,2026-01-30,2026-01-30 04:44:00
10077,1097,Priya Reddy,RAM,3,4000,Completed,2026-09-07,2026-09-08 22:11:00
10078,1081,Rahul Sharma,Tablet,3,30000,Completed,2026-07-25,2026-07-27 11:27:00
10079,1130,Suresh Kumar,Webcam,3,5000,Completed,2026-04-27,2026-04-28 23:01:00
10080,1284,Priya Reddy,Smart Watch,3,7500,Completed,2026-01-17,2026-01-18 14:13:00
10081,1344,Kiran Patel,Smart Watch,4,7500,Completed,2026-01-28,2026-01-30 07:34:00
10082,693,Vikram Singh,Laptop Bag,5,3500,Completed,2026-02-21,2026-02-23 13:09:00
10083,1139,Vikram Singh,Laptop Bag,4,3500,Pending,2026-05-26,2026-05-27 04:02:00
10084,1137,Ananya Das,Mouse,2,1200,Completed,2026-04-07,2026-04-08 01:10:00
10085,1448,Arjun Kumar,Monitor,4,15000,Cancelled,2026-08-31,2026-09-02 04:43:00
10086,890,Rohit Verma,Headphones,1,4500,Completed,2026-06-08,2026-06-10 22:59:00
10087,988,Ajay Reddy,Monitor,1,15000,Completed,2026-06-29,2026-07-01 23:48:00
10088,1050,Rahul Sharma,Mobile Phone,1,25000,Completed,2026-02-11,2026-02-13 20:36:00
10089,1268,Rohit Verma,USB Hub,3,1800,Completed,2026-06-23,2026-06-24 04:12:00
10090,1134,Divya Menon,RAM,2,4000,Pending,2026-08-16,2026-08-16 19:05:00
10091,1131,Meera Nair,Headphones,3,4500,Completed,2026-06-14,2026-06-15 23:50:00
10092,1093,Vikram Singh,Smart Watch,2,7500,Cancelled,2026-06-11,2026-06-11 09:00:00
10093,1399,Vikram Singh,Smart Watch,4,7500,Completed,2026-01-14,2026-01-14 21:39:00
10094,1145,Kiran Patel,Laptop,1,65000,Completed,2026-06-15,2026-06-16 08:30:00
10095,679,Vikram Singh,Keyboard,1,2500,Completed,2026-06-18,2026-06-18 11:52:00
10096,570,Rahul Sharma,Headphones,2,4500,Cancelled,2026-08-23,2026-08-24 00:41:00
10097,949,Ajay Reddy,Mouse,2,1200,Cancelled,2026-08-27,2026-08-29 04:03:00
10098,765,Arjun Kumar,Webcam,3,5000,Completed,2026-03-06,2026-03-07 13:43:00
10099,1479,Meera Nair,Keyboard,4,2500,Completed,2026-09-02,2026-09-04 01:28:00
10100,1429,Ajay Reddy,Headphones,1,4500,Completed,2026-03-28,2026-03-29 17:11:00
10101,652,Priya Reddy,SSD,5,8000,Completed,2026-04-20,2026-04-20 22:23:00
10102,1478,Suresh Kumar,Headphones,1,4500,Completed,2026-08-25,2026-08-25 01:05:00
10103,1209,Arjun Kumar,Webcam,3,5000,Completed,2026-02-13,2026-02-14 05:50:00
10104,1152,Ajay Reddy,Monitor,1,15000,Completed,2026-03-09,2026-03-10 11:43:00
10105,670,Kiran Patel,Headphones,2,4500,Completed,2026-02-21,2026-02-22 19:22:00
10106,789,Priya Reddy,Power Bank,2,2200,Completed,2026-06-04,2026-06-05 17:36:00
10107,1154,Rohit Verma,SSD,5,8000,Completed,2026-01-20,2026-01-22 15:14:00
10108,924,Divya Menon,Laptop,3,65000,Pending,2026-05-21,2026-05-21 20:38:00
10109,1015,Arjun Kumar,Laptop,5,65000,Completed,2026-01-10,2026-01-11 17:33:00
10110,886,Meera Nair,Tablet,1,30000,Completed,2026-01-25,2026-01-27 06:10:00
10111,1181,Neha Singh,Headphones,4,4500,Pending,2026-04-09,2026-04-09 13:47:00
10112,1277,Priya Reddy,Printer,3,12000,Completed,2026-03-21,2026-03-23 00:39:00
10113,698,Sneha Rao,SSD,3,8000,Completed,2026-01-15,2026-01-15 11:35:00
10114,674,Priya Reddy,Laptop Bag,4,3500,Completed,2026-04-17,2026-04-19 04:01:00
10115,1074,Meera Nair,Headphones,2,4500,Completed,2026-01-03,2026-01-05 11:44:00
10116,599,Ananya Das,Laptop Bag,2,3500,Pending,2026-04-30,2026-04-30 14:38:00
10117,886,Ananya Das,SSD,2,8000,Completed,2026-06-11,2026-06-12 23:38:00
10118,1043,Divya Menon,Mouse,1,1200,Completed,2026-08-02,2026-08-02 17:12:00
10119,826,Neha Singh,Monitor,4,15000,Completed,2026-06-30,2026-07-01 04:42:00
10120,1320,Manoj Rao,Printer,3,12000,Completed,2026-07-18,2026-07-18 02:35:00
10121,1289,Ajay Reddy,Headphones,3,4500,Completed,2026-07-15,2026-07-15 22:10:00
10122,1277,Meera Nair,SSD,4,8000,Completed,2026-04-07,2026-04-09 03:38:00
10123,507,Divya Menon,SSD,2,8000,Completed,2026-01-13,2026-01-13 10:18:00
10124,1308,Manoj Rao,Smart Watch,4,7500,Completed,2026-04-03,2026-04-05 23:45:00
10125,1258,Divya Menon,Headphones,3,4500,Completed,2026-08-15,2026-08-17 18:21:00
10126,1199,Ajay Reddy,Mouse,4,1200,Completed,2026-08-08,2026-08-09 16:25:00
10127,891,Sneha Rao,Headphones,2,4500,Completed,2026-04-21,2026-04-23 19:57:00
10128,843,Suresh Kumar,Power Bank,2,2200,Cancelled,2026-04-03,2026-04-04 18:23:00
10129,618,Pooja Iyer,Tablet,1,30000,Completed,2026-07-02,2026-07-04 00:43:00
10130,1282,Vikram Singh,USB Hub,2,1800,Completed,2026-03-24,2026-03-25 00:26:00
10131,1251,Manoj Rao,Smart Watch,4,7500,Completed,2026-08-28,2026-08-29 23:58:00
10132,992,Suresh Kumar,Laptop Bag,4,3500,Completed,2026-05-17,2026-05-18 16:20:00
10133,742,Manoj Rao,Power Bank,3,2200,Pending,2026-07-05,2026-07-07 02:24:00
10134,1065,Rohit Verma,Mobile Phone,5,25000,Pending,2026-08-23,2026-08-23 07:23:00
10135,1321,Rahul Sharma,SSD,5,8000,Completed,2026-09-02,2026-09-02 14:14:00
10136,1065,Pooja Iyer,USB Hub,2,1800,Completed,2026-03-04,2026-03-06 14:10:00
10137,1177,Divya Menon,Laptop,4,65000,Completed,2026-08-20,2026-08-21 09:40:00
10138,1004,Rohit Verma,SSD,4,8000,Pending,2026-06-20,2026-06-22 13:34:00
10139,1040,Ananya Das,Mouse,4,1200,Completed,2026-07-02,2026-07-04 18:34:00
10140,968,Meera Nair,Tablet,1,30000,Cancelled,2026-08-25,2026-08-25 01:53:00
10141,1020,Ajay Reddy,Mouse,1,1200,Completed,2026-08-22,2026-08-22 22:15:00
10142,778,Divya Menon,Keyboard,1,2500,Completed,2026-03-12,2026-03-12 12:01:00
10143,766,Meera Nair,USB Hub,3,1800,Completed,2026-05-28,2026-05-29 20:16:00
10144,840,Rohit Verma,RAM,1,4000,Completed,2026-01-16,2026-01-18 06:23:00
10145,1311,Rohit Verma,Mouse,4,1200,Pending,2026-04-07,2026-04-07 23:41:00
10146,534,Arjun Kumar,Keyboard,5,2500,Completed,2026-08-07,2026-08-07 07:59:00
10147,1462,Meera Nair,Monitor,2,15000,Pending,2026-03-03,2026-03-04 11:01:00
10148,921,Suresh Kumar,SSD,2,8000,Pending,2026-03-09,2026-03-11 06:35:00
10149,1216,Ananya Das,Laptop Bag,2,3500,Completed,2026-03-03,2026-03-05 05:26:00
10150,1276,Suresh Kumar,Keyboard,5,2500,Completed,2026-05-18,2026-05-18 10:03:00
10151,1299,Ajay Reddy,Monitor,5,15000,Cancelled,2026-02-01,2026-02-02 01:47:00
10152,1032,Priya Reddy,Mouse,5,1200,Completed,2026-03-08,2026-03-09 05:26:00
10153,753,Rohit Verma,Webcam,1,5000,Completed,2026-02-14,2026-02-16 12:42:00
10154,722,Meera Nair,Laptop,3,65000,Cancelled,2026-01-24,2026-01-24 12:07:00
10155,1464,Rahul Sharma,Mouse,5,1200,Pending,2026-08-09,2026-08-10 05:36:00
10156,797,Rahul Sharma,Mobile Phone,5,25000,Cancelled,2026-01-05,2026-01-06 13:00:00
10157,1418,Rahul Sharma,Smart Watch,2,7500,Completed,2026-06-16,2026-06-16 05:43:00
10158,663,Rohit Verma,Laptop,4,65000,Completed,2026-04-16,2026-04-18 00:28:00
10159,876,Sneha Rao,Laptop,3,65000,Completed,2026-09-01,2026-09-01 17:00:00
10160,796,Pooja Iyer,RAM,2,4000,Completed,2026-03-06,2026-03-06 03:39:00
10161,1480,Pooja Iyer,Monitor,1,15000,Completed,2026-07-08,2026-07-09 23:05:00
10162,672,Kiran Patel,Mouse,3,1200,Cancelled,2026-02-07,2026-02-07 18:40:00
10163,660,Vikram Singh,Monitor,5,15000,Pending,2026-04-12,2026-04-14 11:56:00
10164,1433,Neha Singh,Keyboard,4,2500,Completed,2026-02-24,2026-02-25 22:56:00
10165,1409,Neha Singh,RAM,5,4000,Completed,2026-07-24,2026-07-24 06:47:00
10166,925,Neha Singh,Mouse,1,1200,Completed,2026-01-10,2026-01-11 01:43:00
10167,932,Meera Nair,Keyboard,5,2500,Completed,2026-01-27,2026-01-27 14:45:00
10168,597,Priya Reddy,USB Hub,2,1800,Completed,2026-05-01,2026-05-01 14:53:00
10169,1168,Pooja Iyer,Power Bank,5,2200,Completed,2026-01-14,2026-01-15 19:45:00
10170,709,Manoj Rao,Monitor,5,15000,Pending,2026-06-04,2026-06-05 17:18:00
10171,885,Pooja Iyer,Headphones,3,4500,Completed,2026-08-02,2026-08-04 10:17:00
10172,653,Ananya Das,Mobile Phone,3,25000,Completed,2026-01-17,2026-01-18 03:24:00
10173,698,Arjun Kumar,Power Bank,3,2200,Completed,2026-08-01,2026-08-01 10:44:00
10174,669,Pooja Iyer,Tablet,5,30000,Pending,2026-08-04,2026-08-06 14:58:00
10175,1197,Rohit Verma,Mouse,4,1200,Pending,2026-07-07,2026-07-09 04:09:00
10176,693,Meera Nair,Power Bank,3,2200,Completed,2026-02-16,2026-02-18 11:13:00
10177,1131,Rahul Sharma,SSD,5,8000,Completed,2026-09-07,2026-09-09 00:16:00
10178,661,Pooja Iyer,Webcam,1,5000,Completed,2026-03-17,2026-03-19 18:00:00
10179,930,Rahul Sharma,Keyboard,4,2500,Completed,2026-04-30,2026-05-02 21:54:00
10180,717,Neha Singh,USB Hub,4,1800,Completed,2026-05-08,2026-05-08 05:45:00
10181,501,Arjun Kumar,Mobile Phone,4,25000,Completed,2026-03-08,2026-03-09 07:31:00
10182,1142,Meera Nair,Smart Watch,1,7500,Pending,2026-09-08,2026-09-08 03:29:00
10183,514,Meera Nair,Headphones,3,4500,Pending,2026-07-10,2026-07-11 23:08:00
10184,1002,Manoj Rao,Mobile Phone,4,25000,Completed,2026-05-27,2026-05-27 11:15:00
10185,1136,Neha Singh,RAM,5,4000,Cancelled,2026-08-21,2026-08-22 15:58:00
10186,936,Ananya Das,Laptop,2,65000,Completed,2026-07-09,2026-07-11 19:27:00
10187,609,Meera Nair,Headphones,1,4500,Completed,2026-02-22,2026-02-22 07:45:00
10188,1316,Ananya Das,Laptop,4,65000,Completed,2026-06-25,2026-06-27 03:48:00
10189,1454,Rohit Verma,SSD,3,8000,Cancelled,2026-09-03,2026-09-04 10:00:00
10190,968,Priya Reddy,Keyboard,2,2500,Completed,2026-07-05,2026-07-06 17:26:00
10191,1263,Manoj Rao,Monitor,1,15000,Completed,2026-02-10,2026-02-12 13:35:00
10192,1244,Rohit Verma,Laptop Bag,5,3500,Completed,2026-02-04,2026-02-06 13:51:00
10193,586,Manoj Rao,Headphones,3,4500,Cancelled,2026-09-06,2026-09-08 18:36:00
10194,1129,Meera Nair,Printer,3,12000,Completed,2026-06-03,2026-06-05 19:38:00
10195,998,Neha Singh,Tablet,4,30000,Completed,2026-07-16,2026-07-16 03:28:00
10196,1049,Neha Singh,Laptop,4,65000,Pending,2026-06-04,2026-06-06 07:12:00
10197,1469,Vikram Singh,Keyboard,3,2500,Completed,2026-08-07,2026-08-07 16:11:00
10198,684,Priya Reddy,Mouse,2,1200,Completed,2026-03-28,2026-03-28 18:27:00
10199,1279,Sneha Rao,RAM,2,4000,Completed,2026-05-24,2026-05-24 14:41:00
10200,604,Rahul Sharma,Mouse,2,1200,Completed,2026-07-02,2026-07-03 01:35:00
10201,680,Meera Nair,Webcam,3,5000,Completed,2026-03-08,2026-03-08 11:10:00
10202,1073,Rohit Verma,Mobile Phone,3,25000,Completed,2026-08-28,2026-08-29 15:36:00
10203,1066,Ananya Das,Tablet,5,30000,Completed,2026-02-24,2026-02-25 06:43:00
10204,1254,Meera Nair,Monitor,2,15000,Cancelled,2026-06-08,2026-06-09 01:47:00
10205,955,Ajay Reddy,Webcam,4,5000,Completed,2026-08-18,2026-08-20 06:37:00
10206,1414,Arjun Kumar,Tablet,4,30000,Completed,2026-09-02,2026-09-03 01:16:00
10207,1496,Meera Nair,Headphones,1,4500,Pending,2026-04-28,2026-04-28 21:25:00
10208,989,Sneha Rao,Webcam,3,5000,Cancelled,2026-05-26,2026-05-28 10:20:00
10209,772,Priya Reddy,Laptop,1,65000,Completed,2026-03-21,2026-03-23 19:59:00
10210,918,Divya Menon,Keyboard,2,2500,Completed,2026-04-20,2026-04-21 23:49:00
10211,992,Divya Menon,RAM,2,4000,Pending,2026-06-03,2026-06-05 02:15:00
10212,712,Suresh Kumar,Mouse,1,1200,Completed,2026-03-10,2026-03-12 12:47:00
10213,1047,Suresh Kumar,RAM,3,4000,Pending,2026-01-10,2026-01-11 19:56:00
10214,1341,Meera Nair,Webcam,2,5000,Completed,2026-08-20,2026-08-22 08:09:00
10215,976,Priya Reddy,Laptop,5,65000,Completed,2026-08-30,2026-08-30 05:37:00
10216,1069,Ajay Reddy,Laptop Bag,5,3500,Completed,2026-02-06,2026-02-08 21:15:00
10217,1488,Ajay Reddy,Monitor,1,15000,Completed,2026-06-17,2026-06-17 14:20:00
10218,934,Rahul Sharma,Webcam,4,5000,Pending,2026-08-04,2026-08-06 06:16:00
10219,1273,Vikram Singh,Keyboard,1,2500,Completed,2026-04-02,2026-04-04 09:40:00
10220,1296,Manoj Rao,Smart Watch,5,7500,Cancelled,2026-01-13,2026-01-13 04:56:00
10221,1087,Ajay Reddy,Mobile Phone,2,25000,Completed,2026-02-04,2026-02-05 03:56:00
10222,538,Pooja Iyer,Mobile Phone,3,25000,Completed,2026-05-03,2026-05-03 16:02:00
10223,1009,Ajay Reddy,Tablet,3,30000,Completed,2026-06-18,2026-06-20 16:35:00
10224,1040,Divya Menon,Monitor,1,15000,Pending,2026-08-12,2026-08-12 13:38:00
10225,1401,Neha Singh,Monitor,5,15000,Completed,2026-03-18,2026-03-20 09:42:00
10226,847,Kiran Patel,Laptop Bag,4,3500,Cancelled,2026-01-18,2026-01-18 02:52:00
10227,1409,Sneha Rao,Mouse,2,1200,Completed,2026-05-21,2026-05-21 06:50:00
10228,775,Sneha Rao,Keyboard,4,2500,Pending,2026-08-31,2026-09-02 17:36:00
10229,1197,Suresh Kumar,Tablet,3,30000,Pending,2026-01-20,2026-01-21 03:11:00
10230,517,Ananya Das,Tablet,2,30000,Completed,2026-03-16,2026-03-17 17:51:00
10231,776,Rahul Sharma,USB Hub,5,1800,Pending,2026-04-15,2026-04-17 09:51:00
10232,1120,Neha Singh,SSD,1,8000,Cancelled,2026-01-24,2026-01-26 08:36:00
10233,1026,Pooja Iyer,Keyboard,5,2500,Pending,2026-06-29,2026-06-29 08:08:00
10234,899,Suresh Kumar,Monitor,2,15000,Completed,2026-01-06,2026-01-08 03:56:00
10235,1188,Rahul Sharma,SSD,2,8000,Completed,2026-08-31,2026-09-02 19:43:00
10236,1401,Manoj Rao,RAM,5,4000,Completed,2026-03-25,2026-03-28 00:34:00
10237,726,Pooja Iyer,RAM,2,4000,Completed,2026-04-18,2026-04-20 07:19:00
10238,1215,Ananya Das,Smart Watch,1,7500,Completed,2026-05-31,2026-05-31 22:23:00
10239,995,Kiran Patel,Tablet,5,30000,Completed,2026-04-03,2026-04-04 17:38:00
10240,1459,Neha Singh,Mouse,4,1200,Completed,2026-05-25,2026-05-27 13:13:00
10241,679,Priya Reddy,Mouse,5,1200,Pending,2026-05-18,2026-05-18 14:12:00
10242,1217,Rohit Verma,USB Hub,3,1800,Completed,2026-05-02,2026-05-04 05:27:00
10243,765,Vikram Singh,Tablet,3,30000,Completed,2026-05-17,2026-05-19 14:15:00
10244,552,Divya Menon,Keyboard,4,2500,Pending,2026-07-26,2026-07-26 08:05:00
10245,912,Divya Menon,Mobile Phone,3,25000,Cancelled,2026-06-21,2026-06-23 16:23:00
10246,546,Sneha Rao,Power Bank,2,2200,Completed,2026-04-18,2026-04-19 08:02:00
10247,1101,Neha Singh,Mobile Phone,2,25000,Completed,2026-07-25,2026-07-26 06:27:00
10248,1495,Suresh Kumar,Power Bank,5,2200,Pending,2026-07-11,2026-07-13 20:16:00
10249,1158,Priya Reddy,RAM,1,4000,Completed,2026-05-11,2026-05-11 13:21:00
10250,1159,Rohit Verma,Smart Watch,1,7500,Pending,2026-01-31,2026-01-31 11:31:00
10251,899,Priya Reddy,Laptop,3,65000,Completed,2026-02-24,2026-02-25 05:55:00
10252,850,Meera Nair,RAM,2,4000,Pending,2026-05-31,2026-06-02 13:08:00
10253,523,Arjun Kumar,Headphones,3,4500,Completed,2026-04-16,2026-04-16 07:27:00
10254,1263,Priya Reddy,Smart Watch,3,7500,Completed,2026-03-01,2026-03-02 19:29:00
10255,1108,Kiran Patel,Headphones,5,4500,Completed,2026-01-05,2026-01-05 01:15:00
10256,1305,Priya Reddy,Printer,2,12000,Cancelled,2026-01-20,2026-01-22 16:06:00
10257,1101,Suresh Kumar,Laptop,5,65000,Completed,2026-03-10,2026-03-10 14:45:00
10258,647,Manoj Rao,Tablet,4,30000,Completed,2026-05-14,2026-05-16 00:15:00
10259,833,Sneha Rao,Laptop,4,65000,Pending,2026-04-21,2026-04-21 06:04:00
10260,504,Priya Reddy,Smart Watch,2,7500,Cancelled,2026-01-13,2026-01-13 17:01:00
10261,1383,Rahul Sharma,RAM,4,4000,Pending,2026-05-15,2026-05-15 16:10:00
10262,689,Ananya Das,Power Bank,5,2200,Completed,2026-07-01,2026-07-01 23:29:00
10263,685,Meera Nair,SSD,2,8000,Cancelled,2026-05-14,2026-05-16 04:09:00
10264,1084,Kiran Patel,Webcam,1,5000,Cancelled,2026-08-18,2026-08-20 08:27:00
10265,1269,Ajay Reddy,Keyboard,2,2500,Completed,2026-03-04,2026-03-06 06:44:00
10266,901,Pooja Iyer,Headphones,2,4500,Completed,2026-07-21,2026-07-23 08:44:00
10267,754,Suresh Kumar,Mobile Phone,3,25000,Completed,2026-06-10,2026-06-12 23:48:00
10268,950,Manoj Rao,Mouse,1,1200,Completed,2026-03-27,2026-03-28 20:53:00
10269,825,Kiran Patel,Laptop Bag,2,3500,Completed,2026-06-20,2026-06-22 09:59:00
10270,1052,Rahul Sharma,USB Hub,4,1800,Completed,2026-02-27,2026-02-27 19:06:00
10271,992,Rohit Verma,Printer,1,12000,Pending,2026-04-04,2026-04-05 12:54:00
10272,738,Rohit Verma,Mouse,4,1200,Completed,2026-08-11,2026-08-12 08:36:00
10273,718,Divya Menon,Laptop,3,65000,Completed,2026-08-29,2026-08-29 21:20:00
10274,609,Rohit Verma,Tablet,4,30000,Completed,2026-02-21,2026-02-22 18:55:00
10275,899,Neha Singh,Keyboard,2,2500,Completed,2026-09-06,2026-09-07 15:09:00
10276,604,Manoj Rao,Printer,3,12000,Completed,2026-04-28,2026-04-29 04:33:00
10277,610,Divya Menon,Headphones,2,4500,Completed,2026-07-05,2026-07-07 09:29:00
10278,858,Pooja Iyer,Monitor,2,15000,Cancelled,2026-06-18,2026-06-20 01:00:00
10279,703,Arjun Kumar,USB Hub,3,1800,Completed,2026-04-04,2026-04-05 14:12:00
10280,516,Suresh Kumar,Printer,1,12000,Completed,2026-06-10,2026-06-11 04:29:00
10281,888,Suresh Kumar,Mouse,1,1200,Pending,2026-03-11,2026-03-11 22:41:00
10282,1221,Rohit Verma,RAM,5,4000,Completed,2026-05-17,2026-05-17 02:04:00
10283,1331,Kiran Patel,Monitor,3,15000,Cancelled,2026-09-05,2026-09-06 07:33:00
10284,1316,Sneha Rao,Laptop Bag,5,3500,Pending,2026-04-28,2026-04-28 15:59:00
10285,1328,Rohit Verma,Headphones,5,4500,Pending,2026-05-15,2026-05-17 22:53:00
10286,1211,Rahul Sharma,USB Hub,5,1800,Completed,2026-06-16,2026-06-18 06:16:00
10287,859,Ajay Reddy,Keyboard,1,2500,Completed,2026-08-19,2026-08-19 22:14:00
10288,821,Divya Menon,Laptop,4,65000,Completed,2026-03-25,2026-03-25 20:35:00
10289,1347,Rohit Verma,Smart Watch,5,7500,Completed,2026-04-21,2026-04-23 13:30:00
10290,1237,Vikram Singh,Smart Watch,4,7500,Completed,2026-02-01,2026-02-01 21:36:00
10291,692,Priya Reddy,Laptop Bag,1,3500,Completed,2026-06-17,2026-06-19 15:09:00
10292,1384,Sneha Rao,Laptop,4,65000,Completed,2026-04-07,2026-04-07 23:46:00
10293,520,Rahul Sharma,RAM,2,4000,Completed,2026-02-18,2026-02-20 06:23:00
10294,1294,Pooja Iyer,Laptop,1,65000,Completed,2026-03-28,2026-03-29 15:02:00
10295,1470,Suresh Kumar,Smart Watch,1,7500,Cancelled,2026-07-19,2026-07-21 02:23:00
10296,983,Vikram Singh,Webcam,2,5000,Pending,2026-08-25,2026-08-27 07:36:00
10297,643,Kiran Patel,Printer,3,12000,Pending,2026-07-14,2026-07-14 22:23:00
10298,1100,Ajay Reddy,Smart Watch,5,7500,Pending,2026-01-18,2026-01-18 20:22:00
10299,1326,Ananya Das,SSD,3,8000,Completed,2026-08-09,2026-08-09 11:28:00
10300,1090,Manoj Rao,Laptop,1,65000,Completed,2026-01-08,2026-01-08 08:14:00
10301,1112,Manoj Rao,Webcam,3,5000,Completed,2026-04-16,2026-04-16 14:40:00
10302,1260,Divya Menon,Mobile Phone,5,25000,Completed,2026-03-14,2026-03-14 18:13:00
10303,581,Priya Reddy,Laptop Bag,2,3500,Pending,2026-04-18,2026-04-18 12:56:00
10304,1491,Priya Reddy,Laptop Bag,4,3500,Completed,2026-08-01,2026-08-01 08:10:00
10305,638,Neha Singh,Power Bank,1,2200,Completed,2026-05-24,2026-05-24 22:19:00
10306,962,Rahul Sharma,Tablet,1,30000,Cancelled,2026-09-01,2026-09-01 04:40:00
10307,1287,Suresh Kumar,Mobile Phone,1,25000,Completed,2026-07-31,2026-08-02 21:33:00
10308,743,Vikram Singh,Tablet,1,30000,Completed,2026-08-20,2026-08-21 16:25:00
10309,1497,Divya Menon,Printer,3,12000,Pending,2026-01-15,2026-01-16 01:54:00
10310,1407,Pooja Iyer,Monitor,2,15000,Completed,2026-05-22,2026-05-23 07:23:00
10311,1237,Arjun Kumar,Webcam,1,5000,Cancelled,2026-07-27,2026-07-27 05:43:00
10312,1124,Sneha Rao,Laptop Bag,5,3500,Pending,2026-06-30,2026-07-02 10:53:00
10313,1055,Sneha Rao,Laptop,1,65000,Completed,2026-02-26,2026-02-27 11:32:00
10314,1491,Arjun Kumar,Monitor,1,15000,Completed,2026-03-09,2026-03-11 11:29:00
10315,1207,Manoj Rao,RAM,2,4000,Completed,2026-02-07,2026-02-09 10:47:00
10316,1110,Ananya Das,Laptop Bag,3,3500,Completed,2026-01-10,2026-01-10 06:59:00
10317,534,Ananya Das,Keyboard,4,2500,Completed,2026-06-19,2026-06-19 20:10:00
10318,1469,Kiran Patel,Power Bank,2,2200,Completed,2026-05-07,2026-05-07 13:28:00
10319,699,Ananya Das,Headphones,2,4500,Completed,2026-03-29,2026-03-31 07:30:00
10320,818,Ajay Reddy,Laptop,4,65000,Completed,2026-07-21,2026-07-23 01:22:00
10321,1369,Arjun Kumar,Headphones,3,4500,Pending,2026-08-10,2026-08-10 21:35:00
10322,1491,Rohit Verma,USB Hub,1,1800,Completed,2026-06-02,2026-06-03 14:04:00
10323,1266,Meera Nair,Keyboard,5,2500,Cancelled,2026-04-08,2026-04-10 11:24:00
10324,972,Neha Singh,SSD,2,8000,Completed,2026-07-14,2026-07-14 08:49:00
10325,813,Rahul Sharma,Laptop Bag,4,3500,Pending,2026-03-26,2026-03-28 04:18:00
10326,689,Rahul Sharma,Tablet,4,30000,Completed,2026-01-28,2026-01-28 11:01:00
10327,528,Pooja Iyer,Mouse,3,1200,Cancelled,2026-03-07,2026-03-08 06:36:00
10328,839,Rahul Sharma,Tablet,5,30000,Pending,2026-04-02,2026-04-03 04:18:00
10329,1382,Arjun Kumar,Webcam,5,5000,Completed,2026-04-24,2026-04-25 01:03:00
10330,772,Meera Nair,Tablet,5,30000,Completed,2026-07-08,2026-07-09 15:17:00
10331,1090,Sneha Rao,Headphones,5,4500,Cancelled,2026-08-25,2026-08-27 00:49:00
10332,941,Kiran Patel,Laptop,3,65000,Pending,2026-07-28,2026-07-29 04:29:00
10333,1032,Divya Menon,RAM,5,4000,Pending,2026-05-26,2026-05-28 19:01:00
10334,762,Manoj Rao,Webcam,2,5000,Completed,2026-01-21,2026-01-21 21:55:00
10335,1346,Suresh Kumar,USB Hub,4,1800,Completed,2026-02-01,2026-02-03 09:02:00
10336,1304,Pooja Iyer,Laptop,4,65000,Pending,2026-06-19,2026-06-21 16:27:00
10337,848,Meera Nair,Power Bank,4,2200,Completed,2026-02-22,2026-02-22 06:46:00
10338,1058,Pooja Iyer,Printer,5,12000,Completed,2026-03-25,2026-03-27 05:15:00
10339,919,Suresh Kumar,USB Hub,4,1800,Pending,2026-03-31,2026-03-31 01:09:00
10340,1454,Vikram Singh,Monitor,4,15000,Completed,2026-08-21,2026-08-22 00:20:00
10341,517,Kiran Patel,Mouse,2,1200,Completed,2026-06-24,2026-06-24 17:19:00
10342,1376,Sneha Rao,Smart Watch,2,7500,Completed,2026-02-04,2026-02-04 11:09:00
10343,1242,Priya Reddy,Laptop,2,65000,Completed,2026-02-21,2026-02-22 19:33:00
10344,862,Priya Reddy,RAM,3,4000,Completed,2026-09-04,2026-09-04 19:17:00
10345,1108,Ananya Das,RAM,4,4000,Completed,2026-08-24,2026-08-24 12:09:00
10346,583,Arjun Kumar,Laptop Bag,4,3500,Completed,2026-08-27,2026-08-29 02:58:00
10347,678,Ananya Das,Tablet,3,30000,Completed,2026-05-29,2026-05-31 20:42:00
10348,1328,Rahul Sharma,Tablet,2,30000,Completed,2026-05-10,2026-05-10 23:04:00
10349,829,Manoj Rao,Printer,5,12000,Pending,2026-07-29,2026-07-30 02:30:00
10350,788,Sneha Rao,Printer,1,12000,Completed,2026-05-19,2026-05-20 01:13:00
10351,979,Suresh Kumar,Headphones,5,4500,Completed,2026-09-02,2026-09-03 22:13:00
10352,935,Manoj Rao,Power Bank,3,2200,Completed,2026-05-01,2026-05-02 01:45:00
10353,935,Divya Menon,Smart Watch,4,7500,Completed,2026-04-15,2026-04-16 17:13:00
10354,615,Suresh Kumar,Tablet,3,30000,Pending,2026-03-03,2026-03-03 18:56:00
10355,1427,Neha Singh,Mouse,1,1200,Completed,2026-01-15,2026-01-17 04:35:00
10356,1009,Rahul Sharma,USB Hub,5,1800,Completed,2026-06-18,2026-06-18 17:35:00
10357,746,Meera Nair,Mouse,2,1200,Completed,2026-02-03,2026-02-03 02:12:00
10358,893,Neha Singh,Printer,4,12000,Completed,2026-01-05,2026-01-05 05:21:00
10359,1480,Sneha Rao,Monitor,2,15000,Completed,2026-01-17,2026-01-17 06:48:00
10360,650,Rohit Verma,Tablet,3,30000,Completed,2026-07-19,2026-07-20 03:09:00
10361,1271,Priya Reddy,Power Bank,2,2200,Completed,2026-04-20,2026-04-21 12:00:00
10362,1052,Rohit Verma,Laptop Bag,2,3500,Cancelled,2026-07-09,2026-07-11 08:24:00
10363,675,Sneha Rao,Printer,1,12000,Pending,2026-06-07,2026-06-08 01:01:00
10364,901,Arjun Kumar,Mobile Phone,3,25000,Completed,2026-06-08,2026-06-08 22:28:00
10365,1342,Vikram Singh,Webcam,5,5000,Pending,2026-03-29,2026-03-29 11:25:00
10366,1174,Sneha Rao,Laptop,5,65000,Cancelled,2026-04-18,2026-04-19 17:58:00
10367,1069,Rohit Verma,Keyboard,3,2500,Completed,2026-06-20,2026-06-21 19:46:00
10368,681,Arjun Kumar,Printer,3,12000,Completed,2026-04-08,2026-04-08 18:11:00
10369,1087,Divya Menon,SSD,2,8000,Completed,2026-04-28,2026-04-30 17:39:00
10370,1455,Divya Menon,USB Hub,3,1800,Cancelled,2026-02-27,2026-02-28 03:47:00
10371,616,Priya Reddy,Power Bank,1,2200,Completed,2026-07-17,2026-07-19 12:19:00
10372,856,Rahul Sharma,Webcam,3,5000,Cancelled,2026-02-01,2026-02-03 03:28:00
10373,511,Manoj Rao,Monitor,1,15000,Completed,2026-07-05,2026-07-06 07:20:00
10374,790,Neha Singh,Webcam,4,5000,Completed,2026-03-26,2026-03-26 05:30:00
10375,633,Neha Singh,Mobile Phone,1,25000,Pending,2026-05-02,2026-05-04 01:52:00
10376,1392,Neha Singh,Webcam,5,5000,Pending,2026-04-12,2026-04-13 19:29:00
10377,1187,Manoj Rao,Smart Watch,2,7500,Cancelled,2026-07-16,2026-07-17 12:51:00
10378,1352,Sneha Rao,SSD,4,8000,Cancelled,2026-04-26,2026-04-27 23:43:00
10379,1460,Arjun Kumar,Headphones,3,4500,Cancelled,2026-04-28,2026-04-30 04:49:00
10380,869,Arjun Kumar,Laptop Bag,5,3500,Completed,2026-08-17,2026-08-17 21:18:00
10381,1491,Rohit Verma,SSD,3,8000,Completed,2026-09-06,2026-09-07 16:34:00
10382,1405,Manoj Rao,Monitor,5,15000,Completed,2026-06-26,2026-06-27 18:23:00
10383,1456,Vikram Singh,Laptop,1,65000,Completed,2026-06-29,2026-06-29 02:59:00
10384,1496,Divya Menon,Monitor,1,15000,Cancelled,2026-09-07,2026-09-08 11:05:00
10385,1108,Neha Singh,Laptop Bag,2,3500,Completed,2026-09-06,2026-09-08 21:27:00
10386,1458,Suresh Kumar,Tablet,1,30000,Completed,2026-07-18,2026-07-19 08:21:00
10387,1335,Suresh Kumar,Keyboard,4,2500,Completed,2026-04-20,2026-04-20 01:38:00
10388,1128,Meera Nair,USB Hub,3,1800,Pending,2026-04-07,2026-04-08 16:05:00
10389,1168,Priya Reddy,Webcam,3,5000,Completed,2026-09-02,2026-09-03 11:50:00
10390,956,Priya Reddy,Tablet,5,30000,Completed,2026-08-05,2026-08-05 22:50:00
10391,821,Rohit Verma,Keyboard,4,2500,Completed,2026-08-28,2026-08-28 19:43:00
10392,837,Pooja Iyer,RAM,2,4000,Completed,2026-07-07,2026-07-09 15:15:00
10393,1298,Ananya Das,Power Bank,1,2200,Completed,2026-01-02,2026-01-03 08:58:00
10394,574,Divya Menon,Tablet,2,30000,Completed,2026-01-16,2026-01-17 02:26:00
10395,949,Vikram Singh,Mobile Phone,2,25000,Completed,2026-08-01,2026-08-01 14:20:00
10396,1476,Kiran Patel,SSD,1,8000,Completed,2026-07-09,2026-07-11 11:30:00
10397,1025,Rahul Sharma,Tablet,1,30000,Pending,2026-02-21,2026-02-22 16:34:00
10398,946,Ajay Reddy,Keyboard,5,2500,Completed,2026-04-21,2026-04-24 00:03:00
10399,1157,Vikram Singh,USB Hub,5,1800,Pending,2026-03-04,2026-03-04 15:08:00
10400,1066,Ananya Das,RAM,1,4000,Completed,2026-03-13,2026-03-14 07:19:00
10401,689,Neha Singh,Laptop,5,65000,Completed,2026-03-17,2026-03-18 11:18:00
10402,644,Priya Reddy,Laptop Bag,2,3500,Pending,2026-08-05,2026-08-06 05:07:00
10403,1297,Vikram Singh,USB Hub,3,1800,Completed,2026-06-29,2026-06-29 16:40:00
10404,1340,Kiran Patel,Keyboard,3,2500,Completed,2026-04-06,2026-04-07 11:50:00
10405,1328,Vikram Singh,Headphones,3,4500,Pending,2026-07-28,2026-07-29 02:30:00
10406,1037,Meera Nair,Mobile Phone,2,25000,Completed,2026-01-27,2026-01-28 07:20:00
10407,1409,Rohit Verma,RAM,3,4000,Pending,2026-07-25,2026-07-25 06:30:00
10408,1210,Rohit Verma,Mouse,1,1200,Pending,2026-05-26,2026-05-29 00:41:00
10409,1115,Meera Nair,Headphones,1,4500,Completed,2026-02-05,2026-02-05 03:37:00
10410,1184,Pooja Iyer,SSD,3,8000,Completed,2026-09-06,2026-09-06 18:45:00
10411,1487,Sneha Rao,SSD,5,8000,Completed,2026-04-05,2026-04-07 01:54:00
10412,663,Manoj Rao,Mouse,5,1200,Cancelled,2026-05-02,2026-05-04 10:58:00
10413,796,Ajay Reddy,Laptop,3,65000,Pending,2026-03-24,2026-03-25 13:19:00
10414,672,Rohit Verma,Smart Watch,2,7500,Completed,2026-07-30,2026-07-31 10:47:00
10415,1365,Pooja Iyer,SSD,3,8000,Completed,2026-07-14,2026-07-15 01:54:00
10416,800,Priya Reddy,Smart Watch,1,7500,Completed,2026-03-17,2026-03-19 01:38:00
10417,1245,Divya Menon,Monitor,1,15000,Completed,2026-02-11,2026-02-12 05:01:00
10418,1354,Arjun Kumar,Mobile Phone,5,25000,Completed,2026-08-23,2026-08-24 07:05:00
10419,762,Rahul Sharma,SSD,3,8000,Completed,2026-04-28,2026-04-28 05:21:00
10420,1263,Vikram Singh,Printer,5,12000,Completed,2026-09-03,2026-09-03 21:02:00
10421,801,Arjun Kumar,RAM,5,4000,Completed,2026-03-15,2026-03-17 14:47:00
10422,1033,Kiran Patel,Keyboard,3,2500,Completed,2026-09-04,2026-09-04 10:26:00
10423,508,Suresh Kumar,Laptop Bag,5,3500,Pending,2026-07-29,2026-07-29 09:11:00
10424,1475,Manoj Rao,Power Bank,1,2200,Completed,2026-04-30,2026-05-01 17:21:00
10425,805,Sneha Rao,Laptop,3,65000,Pending,2026-01-18,2026-01-19 15:44:00
10426,656,Meera Nair,Power Bank,4,2200,Completed,2026-08-22,2026-08-22 15:36:00
10427,858,Arjun Kumar,Power Bank,3,2200,Pending,2026-01-27,2026-01-27 02:17:00
10428,1142,Rahul Sharma,Mobile Phone,2,25000,Cancelled,2026-03-06,2026-03-06 01:53:00
10429,1245,Ajay Reddy,SSD,4,8000,Pending,2026-05-25,2026-05-27 20:44:00
10430,945,Suresh Kumar,USB Hub,5,1800,Completed,2026-01-20,2026-01-22 06:25:00
10431,1321,Suresh Kumar,Mobile Phone,2,25000,Completed,2026-02-21,2026-02-22 09:17:00
10432,1183,Priya Reddy,Tablet,2,30000,Completed,2026-08-17,2026-08-19 03:46:00
10433,1412,Divya Menon,Mobile Phone,5,25000,Pending,2026-01-20,2026-01-20 20:37:00
10434,778,Vikram Singh,Printer,1,12000,Completed,2026-04-14,2026-04-15 06:41:00
10435,1078,Meera Nair,Mobile Phone,4,25000,Pending,2026-07-01,2026-07-01 07:46:00
10436,1314,Pooja Iyer,Laptop,2,65000,Completed,2026-06-26,2026-06-27 01:57:00
10437,767,Rohit Verma,Keyboard,4,2500,Pending,2026-01-08,2026-01-09 21:15:00
10438,708,Neha Singh,Keyboard,3,2500,Completed,2026-02-18,2026-02-20 20:38:00
10439,1205,Rahul Sharma,Webcam,4,5000,Pending,2026-05-23,2026-05-24 18:58:00
10440,839,Kiran Patel,Printer,3,12000,Completed,2026-03-16,2026-03-17 04:51:00
10441,754,Neha Singh,RAM,3,4000,Completed,2026-08-18,2026-08-19 02:39:00
10442,834,Pooja Iyer,Mouse,4,1200,Completed,2026-08-26,2026-08-26 04:38:00
10443,1041,Ananya Das,Headphones,2,4500,Completed,2026-02-03,2026-02-04 03:02:00
10444,861,Kiran Patel,Laptop Bag,4,3500,Pending,2026-04-05,2026-04-07 19:43:00
10445,750,Suresh Kumar,Printer,2,12000,Completed,2026-05-03,2026-05-05 18:30:00
10446,773,Priya Reddy,Smart Watch,1,7500,Completed,2026-04-28,2026-04-28 10:47:00
10447,895,Ananya Das,Laptop,5,65000,Pending,2026-07-15,2026-07-16 04:18:00
10448,1115,Pooja Iyer,Tablet,1,30000,Completed,2026-07-19,2026-07-19 05:43:00
10449,722,Vikram Singh,USB Hub,4,1800,Pending,2026-07-19,2026-07-21 06:42:00
10450,565,Suresh Kumar,Mouse,2,1200,Cancelled,2026-04-08,2026-04-08 09:53:00
10451,1079,Ananya Das,Printer,4,12000,Completed,2026-01-16,2026-01-16 09:13:00
10452,1394,Sneha Rao,Laptop Bag,3,3500,Completed,2026-08-19,2026-08-19 19:49:00
10453,1457,Sneha Rao,RAM,2,4000,Completed,2026-03-01,2026-03-02 23:04:00
10454,1102,Rahul Sharma,Power Bank,2,2200,Completed,2026-07-14,2026-07-15 22:53:00
10455,1213,Priya Reddy,RAM,5,4000,Completed,2026-05-10,2026-05-12 00:18:00
10456,580,Manoj Rao,USB Hub,3,1800,Pending,2026-01-31,2026-01-31 03:52:00
10457,961,Ajay Reddy,USB Hub,1,1800,Completed,2026-02-19,2026-02-20 11:57:00
10458,577,Meera Nair,Laptop,1,65000,Completed,2026-05-30,2026-05-31 10:32:00
10459,1352,Pooja Iyer,Headphones,2,4500,Completed,2026-01-06,2026-01-07 13:24:00
10460,548,Priya Reddy,Laptop Bag,3,3500,Completed,2026-01-30,2026-01-30 11:26:00
10461,819,Ananya Das,Monitor,1,15000,Completed,2026-02-25,2026-02-25 07:25:00
10462,933,Vikram Singh,Smart Watch,3,7500,Completed,2026-02-17,2026-02-19 19:45:00
10463,680,Rahul Sharma,Monitor,4,15000,Completed,2026-06-26,2026-06-27 15:45:00
10464,886,Pooja Iyer,USB Hub,3,1800,Completed,2026-06-11,2026-06-13 08:39:00
10465,1094,Neha Singh,Laptop,5,65000,Completed,2026-03-14,2026-03-14 19:10:00
10466,1241,Meera Nair,Monitor,4,15000,Cancelled,2026-03-07,2026-03-07 03:33:00
10467,1282,Pooja Iyer,Laptop,1,65000,Completed,2026-06-02,2026-06-03 17:19:00
10468,1050,Manoj Rao,SSD,3,8000,Pending,2026-05-06,2026-05-08 21:52:00
10469,1033,Ananya Das,Monitor,2,15000,Completed,2026-04-08,2026-04-10 20:04:00
10470,1485,Rahul Sharma,RAM,5,4000,Pending,2026-02-11,2026-02-11 06:18:00
10471,794,Ananya Das,SSD,5,8000,Pending,2026-02-27,2026-03-01 20:50:00
10472,1060,Arjun Kumar,USB Hub,5,1800,Cancelled,2026-03-08,2026-03-09 00:28:00
10473,755,Kiran Patel,Printer,5,12000,Pending,2026-02-02,2026-02-03 17:13:00
10474,805,Vikram Singh,Power Bank,2,2200,Completed,2026-07-08,2026-07-09 09:36:00
10475,1142,Suresh Kumar,Monitor,4,15000,Completed,2026-03-03,2026-03-05 19:27:00
10476,1021,Arjun Kumar,Printer,3,12000,Completed,2026-01-22,2026-01-23 09:49:00
10477,1357,Rahul Sharma,USB Hub,3,1800,Cancelled,2026-03-19,2026-03-19 06:52:00
10478,1085,Meera Nair,RAM,2,4000,Completed,2026-08-16,2026-08-18 14:51:00
10479,1414,Priya Reddy,Power Bank,5,2200,Completed,2026-06-20,2026-06-21 21:34:00
10480,832,Sneha Rao,Mobile Phone,3,25000,Completed,2026-08-07,2026-08-07 13:50:00
10481,535,Neha Singh,Laptop,1,65000,Completed,2026-05-18,2026-05-20 16:47:00
10482,537,Priya Reddy,SSD,1,8000,Completed,2026-04-11,2026-04-11 17:57:00
10483,685,Meera Nair,Laptop Bag,2,3500,Completed,2026-04-05,2026-04-05 12:49:00
10484,1131,Pooja Iyer,Keyboard,1,2500,Pending,2026-08-03,2026-08-03 21:44:00
10485,1403,Rahul Sharma,Laptop Bag,4,3500,Completed,2026-02-26,2026-02-26 14:43:00
10486,854,Rahul Sharma,Laptop,2,65000,Completed,2026-03-17,2026-03-17 17:50:00
10487,864,Divya Menon,Power Bank,3,2200,Completed,2026-03-24,2026-03-25 22:25:00
10488,729,Suresh Kumar,RAM,4,4000,Cancelled,2026-01-25,2026-01-27 01:18:00
10489,830,Sneha Rao,RAM,1,4000,Completed,2026-07-16,2026-07-16 05:58:00
10490,1417,Meera Nair,Laptop,3,65000,Completed,2026-03-13,2026-03-14 15:06:00
10491,669,Divya Menon,Tablet,2,30000,Completed,2026-04-02,2026-04-04 12:43:00
10492,1417,Neha Singh,Printer,3,12000,Pending,2026-04-02,2026-04-02 17:45:00
10493,555,Ajay Reddy,Smart Watch,5,7500,Completed,2026-06-17,2026-06-19 02:18:00
10494,721,Kiran Patel,Mouse,2,1200,Pending,2026-01-14,2026-01-15 15:49:00
10495,818,Vikram Singh,Printer,5,12000,Pending,2026-07-30,2026-07-30 01:08:00
10496,1116,Vikram Singh,Webcam,5,5000,Pending,2026-05-08,2026-05-08 12:55:00
10497,1130,Kiran Patel,Printer,1,12000,Completed,2026-04-13,2026-04-14 11:23:00
10498,787,Kiran Patel,Headphones,1,4500,Completed,2026-03-20,2026-03-20 08:29:00
10499,757,Manoj Rao,Mobile Phone,2,25000,Completed,2026-06-12,2026-06-13 15:39:00
10500,1409,Kiran Patel,Laptop,1,65000,Completed,2026-01-30,2026-01-30 05:54:00
10501,532,Manoj Rao,Laptop,5,65000,Cancelled,2026-09-07,2026-09-08 11:21:00
10502,947,Ananya Das,Webcam,5,5000,Completed,2026-02-03,2026-02-03 10:47:00
10503,658,Rohit Verma,RAM,1,4000,Completed,2026-08-24,2026-08-26 19:58:00
10504,1261,Divya Menon,Tablet,4,30000,Completed,2026-05-31,2026-05-31 01:21:00
10505,976,Rohit Verma,Webcam,5,5000,Completed,2026-05-05,2026-05-07 14:51:00
10506,1257,Neha Singh,Keyboard,4,2500,Completed,2026-06-12,2026-06-13 13:40:00
10507,1108,Arjun Kumar,Headphones,2,4500,Completed,2026-03-08,2026-03-10 22:44:00
10508,973,Arjun Kumar,Printer,4,12000,Cancelled,2026-04-20,2026-04-20 19:10:00
10509,1191,Arjun Kumar,Laptop,4,65000,Completed,2026-05-22,2026-05-23 13:48:00
10510,937,Ananya Das,Headphones,4,4500,Completed,2026-03-19,2026-03-21 21:57:00
10511,1176,Divya Menon,Keyboard,3,2500,Completed,2026-08-08,2026-08-10 07:22:00
10512,501,Ajay Reddy,RAM,5,4000,Completed,2026-07-11,2026-07-12 05:26:00
10513,1200,Priya Reddy,USB Hub,3,1800,Completed,2026-07-03,2026-07-05 12:09:00
10514,1224,Vikram Singh,Laptop,2,65000,Completed,2026-04-30,2026-04-30 15:21:00
10515,546,Vikram Singh,Smart Watch,3,7500,Cancelled,2026-06-19,2026-06-21 00:00:00
10516,782,Arjun Kumar,Monitor,2,15000,Completed,2026-04-24,2026-04-26 19:46:00
10517,964,Rahul Sharma,RAM,4,4000,Completed,2026-05-25,2026-05-26 05:13:00
10518,1163,Vikram Singh,Tablet,4,30000,Completed,2026-01-04,2026-01-05 06:14:00
10519,1178,Divya Menon,Webcam,1,5000,Completed,2026-02-10,2026-02-12 04:40:00
10520,784,Rahul Sharma,Laptop Bag,2,3500,Completed,2026-05-13,2026-05-14 01:15:00
10521,716,Kiran Patel,Power Bank,4,2200,Completed,2026-01-08,2026-01-08 19:22:00
10522,1299,Kiran Patel,Keyboard,5,2500,Completed,2026-08-23,2026-08-24 16:38:00
10523,1183,Rohit Verma,Smart Watch,3,7500,Completed,2026-01-31,2026-02-02 10:51:00
10524,656,Pooja Iyer,Keyboard,4,2500,Completed,2026-01-17,2026-01-18 23:47:00
10525,1092,Neha Singh,Webcam,2,5000,Completed,2026-03-31,2026-04-01 20:08:00
10526,965,Divya Menon,USB Hub,2,1800,Completed,2026-06-20,2026-06-22 00:07:00
10527,1146,Suresh Kumar,Tablet,1,30000,Pending,2026-08-15,2026-08-15 18:51:00
10528,1310,Rahul Sharma,Smart Watch,1,7500,Completed,2026-08-26,2026-08-27 03:15:00
10529,1171,Priya Reddy,Laptop Bag,3,3500,Completed,2026-03-26,2026-03-27 06:16:00
10530,526,Neha Singh,Laptop,5,65000,Completed,2026-02-03,2026-02-04 13:30:00
10531,510,Suresh Kumar,SSD,4,8000,Completed,2026-03-22,2026-03-24 20:01:00
10532,985,Vikram Singh,SSD,5,8000,Completed,2026-08-15,2026-08-17 16:29:00
10533,980,Manoj Rao,Mouse,3,1200,Pending,2026-07-22,2026-07-24 03:45:00
10534,1386,Meera Nair,SSD,2,8000,Completed,2026-09-05,2026-09-07 19:14:00
10535,1006,Divya Menon,Webcam,4,5000,Completed,2026-09-05,2026-09-07 00:29:00
10536,861,Ananya Das,Laptop,3,65000,Completed,2026-01-18,2026-01-19 11:15:00
10537,1483,Neha Singh,Headphones,4,4500,Completed,2026-02-01,2026-02-01 16:53:00
10538,1285,Ananya Das,Tablet,2,30000,Completed,2026-03-21,2026-03-23 15:35:00
10539,910,Ajay Reddy,Webcam,5,5000,Completed,2026-04-02,2026-04-04 07:55:00
10540,1334,Manoj Rao,Laptop Bag,3,3500,Pending,2026-07-28,2026-07-30 10:12:00
10541,933,Ajay Reddy,Printer,2,12000,Completed,2026-05-19,2026-05-21 22:37:00
10542,1276,Ananya Das,USB Hub,5,1800,Completed,2026-08-30,2026-08-30 12:21:00
10543,1062,Arjun Kumar,Webcam,4,5000,Pending,2026-02-14,2026-02-15 16:22:00
10544,1158,Ajay Reddy,RAM,4,4000,Completed,2026-02-01,2026-02-01 10:59:00
10545,959,Meera Nair,Tablet,5,30000,Completed,2026-03-11,2026-03-12 03:45:00
10546,1456,Vikram Singh,Power Bank,2,2200,Completed,2026-03-13,2026-03-15 15:50:00
10547,1068,Neha Singh,Tablet,4,30000,Pending,2026-04-03,2026-04-04 03:04:00
10548,657,Neha Singh,Monitor,4,15000,Completed,2026-01-12,2026-01-14 22:02:00
10549,1285,Kiran Patel,Monitor,1,15000,Pending,2026-03-14,2026-03-16 13:32:00
10550,1370,Priya Reddy,Power Bank,1,2200,Pending,2026-02-27,2026-02-28 10:11:00
10551,616,Manoj Rao,Laptop Bag,2,3500,Cancelled,2026-01-21,2026-01-23 01:40:00
10552,742,Suresh Kumar,Power Bank,3,2200,Pending,2026-06-09,2026-06-10 05:03:00
10553,1078,Suresh Kumar,Webcam,5,5000,Pending,2026-02-19,2026-02-19 18:56:00
10554,881,Vikram Singh,Tablet,4,30000,Completed,2026-08-27,2026-08-27 06:26:00
10555,1123,Priya Reddy,Laptop Bag,2,3500,Pending,2026-03-19,2026-03-22 00:19:00
10556,732,Suresh Kumar,Mouse,1,1200,Completed,2026-01-01,2026-01-02 01:05:00
10557,715,Suresh Kumar,RAM,3,4000,Completed,2026-05-30,2026-06-01 04:17:00
10558,1133,Meera Nair,Laptop Bag,1,3500,Completed,2026-03-23,2026-03-23 19:58:00
10559,606,Divya Menon,Tablet,3,30000,Completed,2026-08-10,2026-08-12 20:22:00
10560,714,Pooja Iyer,SSD,4,8000,Completed,2026-02-08,2026-02-10 18:08:00
10561,524,Manoj Rao,Printer,5,12000,Completed,2026-04-11,2026-04-13 17:51:00
10562,1414,Pooja Iyer,Mouse,1,1200,Pending,2026-04-08,2026-04-10 19:57:00
10563,750,Manoj Rao,Webcam,2,5000,Completed,2026-06-21,2026-06-22 03:48:00
10564,969,Divya Menon,Keyboard,2,2500,Completed,2026-07-26,2026-07-27 12:14:00
10565,1373,Arjun Kumar,Mobile Phone,2,25000,Completed,2026-01-16,2026-01-17 04:10:00
10566,521,Neha Singh,Mobile Phone,3,25000,Completed,2026-02-08,2026-02-10 21:24:00
10567,1466,Manoj Rao,USB Hub,4,1800,Completed,2026-03-27,2026-03-28 04:57:00
10568,728,Priya Reddy,Tablet,4,30000,Completed,2026-07-18,2026-07-19 01:40:00
10569,585,Ananya Das,SSD,4,8000,Completed,2026-03-08,2026-03-10 21:05:00
10570,1012,Arjun Kumar,USB Hub,1,1800,Completed,2026-04-07,2026-04-08 12:46:00
10571,608,Meera Nair,Monitor,3,15000,Pending,2026-03-27,2026-03-27 04:50:00
10572,1441,Rahul Sharma,Printer,1,12000,Completed,2026-06-22,2026-06-24 21:49:00
10573,1485,Priya Reddy,Mouse,1,1200,Completed,2026-05-16,2026-05-16 08:23:00
10574,1211,Neha Singh,Mobile Phone,5,25000,Completed,2026-01-16,2026-01-17 21:31:00
10575,865,Pooja Iyer,Tablet,4,30000,Completed,2026-08-21,2026-08-23 03:48:00
10576,1431,Priya Reddy,USB Hub,5,1800,Completed,2026-02-19,2026-02-20 23:05:00
10577,1140,Ananya Das,Laptop Bag,2,3500,Completed,2026-06-08,2026-06-10 11:52:00
10578,597,Arjun Kumar,Printer,1,12000,Pending,2026-05-02,2026-05-03 17:31:00
10579,1392,Manoj Rao,Laptop Bag,2,3500,Pending,2026-04-28,2026-04-29 04:30:00
10580,584,Arjun Kumar,Keyboard,5,2500,Completed,2026-05-05,2026-05-06 23:17:00
10581,792,Pooja Iyer,Webcam,4,5000,Completed,2026-04-20,2026-04-21 09:12:00
10582,851,Rohit Verma,Webcam,5,5000,Pending,2026-07-04,2026-07-06 22:23:00
10583,1442,Rahul Sharma,Power Bank,2,2200,Completed,2026-01-31,2026-02-01 02:34:00
10584,1289,Suresh Kumar,Monitor,5,15000,Completed,2026-07-02,2026-07-03 19:34:00
10585,894,Meera Nair,Printer,1,12000,Completed,2026-01-23,2026-01-23 02:02:00
10586,510,Divya Menon,Keyboard,2,2500,Completed,2026-04-16,2026-04-17 10:53:00
10587,662,Ananya Das,Smart Watch,4,7500,Completed,2026-03-23,2026-03-23 13:02:00
10588,963,Vikram Singh,Mobile Phone,4,25000,Completed,2026-06-17,2026-06-18 14:04:00
10589,591,Ajay Reddy,Mouse,1,1200,Completed,2026-06-15,2026-06-17 02:28:00
10590,1044,Vikram Singh,Smart Watch,3,7500,Completed,2026-03-26,2026-03-26 21:32:00
10591,1486,Rohit Verma,Keyboard,4,2500,Completed,2026-07-22,2026-07-23 09:28:00
10592,1413,Rohit Verma,Mouse,3,1200,Completed,2026-05-04,2026-05-04 05:34:00
10593,1065,Rohit Verma,Webcam,2,5000,Completed,2026-01-14,2026-01-15 11:26:00
10594,526,Arjun Kumar,USB Hub,5,1800,Completed,2026-04-29,2026-04-30 13:55:00
10595,1250,Divya Menon,Laptop,3,65000,Completed,2026-05-17,2026-05-19 10:29:00
10596,737,Rohit Verma,Power Bank,1,2200,Completed,2026-06-18,2026-06-19 18:19:00
10597,1184,Arjun Kumar,Tablet,1,30000,Completed,2026-03-07,2026-03-09 07:54:00
10598,859,Rohit Verma,Printer,4,12000,Pending,2026-02-27,2026-02-28 14:13:00
10599,1048,Vikram Singh,Tablet,2,30000,Completed,2026-06-12,2026-06-13 15:56:00
10600,648,Suresh Kumar,Smart Watch,4,7500,Completed,2026-03-09,2026-03-09 05:27:00
10601,869,Arjun Kumar,SSD,1,8000,Completed,2026-01-07,2026-01-07 21:12:00
10602,887,Pooja Iyer,USB Hub,5,1800,Completed,2026-05-30,2026-05-31 18:58:00
10603,1329,Pooja Iyer,Mouse,4,1200,Completed,2026-07-19,2026-07-20 20:41:00
10604,727,Meera Nair,Monitor,4,15000,Pending,2026-08-16,2026-08-18 02:39:00
10605,1376,Pooja Iyer,Mobile Phone,4,25000,Pending,2026-08-17,2026-08-19 01:41:00
10606,1210,Pooja Iyer,Webcam,2,5000,Completed,2026-05-22,2026-05-24 01:20:00
10607,529,Meera Nair,Headphones,2,4500,Completed,2026-05-28,2026-05-28 07:36:00
10608,1189,Neha Singh,Monitor,1,15000,Completed,2026-03-06,2026-03-06 06:58:00
10609,1062,Vikram Singh,Laptop,3,65000,Completed,2026-06-04,2026-06-04 19:21:00
10610,1269,Suresh Kumar,Monitor,5,15000,Completed,2026-08-18,2026-08-19 13:01:00
10611,698,Rohit Verma,Laptop,1,65000,Pending,2026-06-01,2026-06-03 02:31:00
10612,1494,Ajay Reddy,RAM,4,4000,Completed,2026-03-28,2026-03-29 22:49:00
10613,912,Ananya Das,Mobile Phone,3,25000,Pending,2026-08-18,2026-08-19 18:58:00
10614,740,Pooja Iyer,Mobile Phone,5,25000,Completed,2026-05-24,2026-05-25 04:10:00
10615,842,Neha Singh,Smart Watch,5,7500,Completed,2026-08-18,2026-08-18 18:16:00
10616,984,Suresh Kumar,RAM,2,4000,Pending,2026-05-03,2026-05-03 21:32:00
10617,650,Rohit Verma,RAM,1,4000,Completed,2026-01-28,2026-01-29 20:30:00
10618,724,Priya Reddy,Keyboard,2,2500,Completed,2026-06-24,2026-06-25 08:36:00
10619,603,Sneha Rao,Monitor,3,15000,Completed,2026-01-25,2026-01-25 19:20:00
10620,1358,Priya Reddy,Monitor,2,15000,Pending,2026-01-01,2026-01-03 16:55:00
10621,1226,Rohit Verma,RAM,4,4000,Completed,2026-06-21,2026-06-23 21:50:00
10622,1176,Kiran Patel,Mouse,5,1200,Completed,2026-04-06,2026-04-08 17:11:00
10623,1356,Sneha Rao,SSD,1,8000,Completed,2026-06-14,2026-06-15 18:14:00
10624,651,Rohit Verma,Laptop Bag,4,3500,Completed,2026-05-14,2026-05-15 15:18:00
10625,747,Rohit Verma,Keyboard,4,2500,Completed,2026-06-19,2026-06-21 09:28:00
10626,1073,Priya Reddy,Webcam,3,5000,Completed,2026-04-16,2026-04-17 05:49:00
10627,789,Meera Nair,Keyboard,3,2500,Completed,2026-05-23,2026-05-24 03:25:00
10628,1352,Divya Menon,RAM,4,4000,Cancelled,2026-05-04,2026-05-06 01:34:00
10629,667,Priya Reddy,Mouse,4,1200,Completed,2026-02-16,2026-02-18 02:02:00
10630,560,Vikram Singh,Laptop,5,65000,Completed,2026-04-04,2026-04-05 18:36:00
10631,1051,Suresh Kumar,Mouse,4,1200,Completed,2026-05-27,2026-05-28 16:25:00
10632,633,Arjun Kumar,Webcam,1,5000,Completed,2026-02-24,2026-02-26 22:32:00
10633,740,Priya Reddy,USB Hub,5,1800,Completed,2026-07-23,2026-07-23 14:18:00
10634,536,Pooja Iyer,Mouse,1,1200,Completed,2026-06-21,2026-06-22 06:14:00
10635,910,Sneha Rao,Power Bank,5,2200,Completed,2026-02-15,2026-02-17 02:16:00
10636,1224,Rahul Sharma,Keyboard,5,2500,Completed,2026-05-29,2026-05-30 09:18:00
10637,912,Priya Reddy,Monitor,2,15000,Pending,2026-05-07,2026-05-09 18:18:00
10638,702,Neha Singh,SSD,4,8000,Completed,2026-05-15,2026-05-16 15:08:00
10639,607,Arjun Kumar,RAM,1,4000,Completed,2026-05-03,2026-05-03 23:52:00
10640,911,Vikram Singh,Keyboard,5,2500,Completed,2026-06-21,2026-06-21 19:51:00
10641,504,Vikram Singh,Headphones,5,4500,Completed,2026-05-05,2026-05-07 19:43:00
10642,595,Ananya Das,Printer,1,12000,Completed,2026-06-08,2026-06-10 18:48:00
10643,944,Priya Reddy,RAM,2,4000,Pending,2026-06-27,2026-06-29 21:42:00
10644,600,Divya Menon,Laptop,5,65000,Completed,2026-02-01,2026-02-02 23:39:00
10645,1495,Vikram Singh,SSD,1,8000,Completed,2026-02-22,2026-02-24 18:06:00
10646,795,Ajay Reddy,Tablet,3,30000,Completed,2026-06-20,2026-06-20 07:46:00
10647,1011,Arjun Kumar,Keyboard,3,2500,Completed,2026-01-01,2026-01-03 06:06:00
10648,510,Ajay Reddy,Laptop,5,65000,Cancelled,2026-08-12,2026-08-12 19:30:00
10649,1284,Manoj Rao,SSD,5,8000,Pending,2026-05-10,2026-05-12 21:27:00
10650,687,Vikram Singh,USB Hub,1,1800,Completed,2026-06-06,2026-06-07 08:15:00
10651,767,Neha Singh,Mouse,3,1200,Pending,2026-02-12,2026-02-14 13:52:00
10652,1067,Arjun Kumar,USB Hub,5,1800,Cancelled,2026-09-08,2026-09-10 10:19:00
10653,879,Meera Nair,Power Bank,3,2200,Completed,2026-01-31,2026-01-31 02:01:00
10654,642,Ananya Das,Power Bank,3,2200,Cancelled,2026-03-31,2026-04-01 18:38:00
10655,590,Kiran Patel,Mobile Phone,3,25000,Completed,2026-01-22,2026-01-22 08:05:00
10656,1381,Rohit Verma,Printer,2,12000,Pending,2026-07-08,2026-07-10 11:25:00
10657,1150,Divya Menon,Smart Watch,2,7500,Completed,2026-07-20,2026-07-20 20:09:00
10658,745,Kiran Patel,Smart Watch,4,7500,Completed,2026-02-01,2026-02-01 15:05:00
10659,1183,Priya Reddy,SSD,4,8000,Completed,2026-03-19,2026-03-19 06:34:00
10660,1107,Rahul Sharma,RAM,4,4000,Completed,2026-03-02,2026-03-03 22:31:00
10661,1172,Ananya Das,Mobile Phone,2,25000,Completed,2026-02-25,2026-02-27 17:29:00
10662,886,Pooja Iyer,Printer,5,12000,Completed,2026-09-03,2026-09-04 06:16:00
10663,786,Rahul Sharma,Keyboard,2,2500,Pending,2026-08-08,2026-08-10 05:33:00
10664,691,Kiran Patel,Tablet,4,30000,Completed,2026-07-13,2026-07-14 20:56:00
10665,1425,Kiran Patel,USB Hub,1,1800,Completed,2026-05-01,2026-05-01 02:07:00
10666,1195,Sneha Rao,RAM,2,4000,Completed,2026-06-29,2026-07-01 21:53:00
10667,1487,Meera Nair,Mouse,1,1200,Completed,2026-07-28,2026-07-30 12:53:00
10668,1326,Divya Menon,RAM,5,4000,Completed,2026-01-16,2026-01-18 03:22:00
10669,1079,Ananya Das,Printer,1,12000,Completed,2026-03-24,2026-03-26 06:28:00
10670,1203,Ananya Das,Mobile Phone,1,25000,Cancelled,2026-08-21,2026-08-22 16:16:00
10671,1413,Rohit Verma,Mobile Phone,5,25000,Completed,2026-02-28,2026-03-01 07:50:00
10672,1327,Suresh Kumar,Mobile Phone,3,25000,Completed,2026-05-08,2026-05-10 03:59:00
10673,1019,Manoj Rao,Mouse,1,1200,Completed,2026-07-02,2026-07-02 17:03:00
10674,1059,Manoj Rao,Webcam,1,5000,Completed,2026-08-17,2026-08-19 02:36:00
10675,513,Meera Nair,Laptop,5,65000,Completed,2026-07-30,2026-07-31 11:15:00
10676,1479,Ananya Das,Laptop,1,65000,Completed,2026-02-15,2026-02-16 15:58:00
10677,1447,Vikram Singh,Webcam,2,5000,Completed,2026-08-11,2026-08-12 16:03:00
10678,540,Meera Nair,SSD,2,8000,Cancelled,2026-07-18,2026-07-18 20:26:00
10679,912,Ajay Reddy,Webcam,5,5000,Completed,2026-06-30,2026-07-01 02:09:00
10680,671,Manoj Rao,RAM,3,4000,Completed,2026-04-18,2026-04-20 08:42:00
10681,1007,Arjun Kumar,Webcam,4,5000,Completed,2026-06-22,2026-06-22 21:02:00
10682,1141,Ajay Reddy,Keyboard,4,2500,Cancelled,2026-02-01,2026-02-03 03:18:00
10683,1403,Suresh Kumar,Laptop Bag,4,3500,Pending,2026-08-08,2026-08-10 02:53:00
10684,1016,Divya Menon,RAM,1,4000,Pending,2026-05-01,2026-05-03 01:58:00
10685,1500,Divya Menon,Webcam,1,5000,Completed,2026-07-03,2026-07-04 19:14:00
10686,1148,Kiran Patel,Monitor,3,15000,Completed,2026-03-02,2026-03-03 09:20:00
10687,853,Suresh Kumar,Laptop,1,65000,Completed,2026-04-12,2026-04-14 08:58:00
10688,676,Sneha Rao,Monitor,1,15000,Completed,2026-06-21,2026-06-22 09:28:00
10689,611,Rohit Verma,Laptop,3,65000,Completed,2026-07-11,2026-07-12 09:03:00
10690,749,Ajay Reddy,Webcam,4,5000,Completed,2026-03-27,2026-03-28 07:23:00
10691,1020,Meera Nair,SSD,2,8000,Cancelled,2026-08-15,2026-08-15 08:57:00
10692,1399,Rahul Sharma,RAM,5,4000,Completed,2026-06-12,2026-06-12 16:00:00
10693,1178,Arjun Kumar,Keyboard,4,2500,Completed,2026-06-09,2026-06-10 01:27:00
10694,874,Ananya Das,Mouse,4,1200,Pending,2026-06-22,2026-06-24 01:36:00
10695,863,Arjun Kumar,SSD,5,8000,Completed,2026-05-06,2026-05-07 09:49:00
10696,1406,Ajay Reddy,Keyboard,3,2500,Completed,2026-07-19,2026-07-21 15:09:00
10697,1352,Rohit Verma,RAM,2,4000,Completed,2026-03-23,2026-03-24 05:09:00
10698,1025,Vikram Singh,Tablet,3,30000,Completed,2026-06-04,2026-06-04 12:48:00
10699,806,Kiran Patel,Power Bank,2,2200,Pending,2026-01-07,2026-01-10 00:40:00
10700,1410,Priya Reddy,RAM,3,4000,Completed,2026-05-19,2026-05-19 15:58:00
10701,1432,Neha Singh,RAM,3,4000,Cancelled,2026-04-07,2026-04-08 14:14:00
10702,882,Priya Reddy,Laptop,5,65000,Completed,2026-08-21,2026-08-21 11:54:00
10703,717,Rahul Sharma,Laptop Bag,1,3500,Completed,2026-08-18,2026-08-20 11:10:00
10704,763,Vikram Singh,Keyboard,2,2500,Completed,2026-06-29,2026-07-01 21:46:00
10705,1464,Arjun Kumar,Monitor,4,15000,Pending,2026-03-06,2026-03-08 15:40:00
10706,897,Meera Nair,SSD,2,8000,Completed,2026-01-23,2026-01-25 06:00:00
10707,1281,Sneha Rao,Keyboard,2,2500,Completed,2026-05-12,2026-05-13 20:50:00
10708,613,Rohit Verma,RAM,3,4000,Completed,2026-08-17,2026-08-17 21:07:00
10709,671,Rahul Sharma,Printer,4,12000,Completed,2026-08-02,2026-08-03 00:27:00
10710,1466,Rahul Sharma,Tablet,4,30000,Completed,2026-06-25,2026-06-25 06:47:00
10711,1472,Rahul Sharma,Tablet,4,30000,Completed,2026-06-30,2026-06-30 07:08:00
10712,1356,Vikram Singh,Keyboard,3,2500,Cancelled,2026-04-25,2026-04-25 22:45:00
10713,953,Divya Menon,Smart Watch,5,7500,Completed,2026-07-04,2026-07-06 00:27:00
10714,1081,Ajay Reddy,Smart Watch,3,7500,Completed,2026-05-10,2026-05-12 05:07:00
10715,1414,Ananya Das,USB Hub,3,1800,Cancelled,2026-08-01,2026-08-03 12:16:00
10716,1465,Meera Nair,Keyboard,2,2500,Completed,2026-01-03,2026-01-04 23:12:00
10717,1205,Vikram Singh,Keyboard,2,2500,Completed,2026-05-27,2026-05-27 15:03:00
10718,1014,Vikram Singh,Mobile Phone,2,25000,Pending,2026-05-21,2026-05-21 01:07:00
10719,1273,Ajay Reddy,Webcam,2,5000,Completed,2026-03-01,2026-03-03 17:36:00
10720,742,Vikram Singh,Laptop,2,65000,Pending,2026-07-08,2026-07-08 22:32:00
10721,636,Priya Reddy,SSD,1,8000,Completed,2026-04-05,2026-04-06 02:19:00
10722,1260,Sneha Rao,RAM,3,4000,Completed,2026-02-08,2026-02-08 03:30:00
10723,1312,Arjun Kumar,SSD,2,8000,Completed,2026-04-15,2026-04-16 03:10:00
10724,1277,Kiran Patel,Power Bank,1,2200,Completed,2026-06-07,2026-06-09 18:44:00
10725,776,Meera Nair,RAM,1,4000,Pending,2026-01-26,2026-01-27 00:18:00
10726,1029,Rahul Sharma,Headphones,5,4500,Completed,2026-08-12,2026-08-14 10:20:00
10727,1389,Rahul Sharma,Mouse,3,1200,Pending,2026-07-14,2026-07-14 16:58:00
10728,1377,Vikram Singh,Monitor,3,15000,Completed,2026-02-07,2026-02-09 12:50:00
10729,888,Meera Nair,Tablet,3,30000,Pending,2026-01-27,2026-01-29 11:29:00
10730,581,Ananya Das,Tablet,3,30000,Completed,2026-06-25,2026-06-25 19:47:00
10731,772,Pooja Iyer,SSD,5,8000,Completed,2026-02-09,2026-02-11 08:51:00
10732,1230,Sneha Rao,Power Bank,4,2200,Completed,2026-07-21,2026-07-23 18:30:00
10733,1047,Divya Menon,Mouse,2,1200,Pending,2026-04-23,2026-04-23 20:55:00
10734,860,Pooja Iyer,Webcam,3,5000,Pending,2026-05-28,2026-05-29 01:18:00
10735,507,Suresh Kumar,Printer,3,12000,Completed,2026-06-21,2026-06-21 18:12:00
10736,1108,Suresh Kumar,SSD,5,8000,Completed,2026-05-02,2026-05-04 02:32:00
10737,974,Divya Menon,USB Hub,4,1800,Completed,2026-03-04,2026-03-05 05:50:00
10738,888,Pooja Iyer,Power Bank,5,2200,Completed,2026-06-21,2026-06-21 01:59:00
10739,733,Pooja Iyer,Monitor,4,15000,Completed,2026-07-23,2026-07-24 12:39:00
10740,1315,Arjun Kumar,Mobile Phone,1,25000,Pending,2026-05-23,2026-05-25 08:48:00
10741,1045,Sneha Rao,Monitor,3,15000,Completed,2026-01-21,2026-01-21 23:27:00
10742,566,Suresh Kumar,Keyboard,5,2500,Completed,2026-08-03,2026-08-04 09:23:00
10743,625,Vikram Singh,Webcam,2,5000,Completed,2026-06-23,2026-06-23 20:46:00
10744,569,Neha Singh,Webcam,1,5000,Completed,2026-03-19,2026-03-21 06:14:00
10745,741,Suresh Kumar,Smart Watch,3,7500,Pending,2026-02-25,2026-02-26 14:40:00
10746,1269,Suresh Kumar,Laptop Bag,5,3500,Cancelled,2026-04-22,2026-04-22 20:40:00
10747,983,Manoj Rao,Headphones,2,4500,Pending,2026-06-18,2026-06-19 19:03:00
10748,562,Sneha Rao,Tablet,3,30000,Completed,2026-05-16,2026-05-17 07:51:00
10749,831,Pooja Iyer,USB Hub,2,1800,Completed,2026-06-30,2026-07-02 07:27:00
10750,1478,Manoj Rao,Laptop Bag,3,3500,Pending,2026-07-01,2026-07-02 12:24:00
10751,1382,Arjun Kumar,Mouse,4,1200,Completed,2026-01-04,2026-01-05 12:15:00
10752,1497,Meera Nair,Mouse,4,1200,Pending,2026-01-26,2026-01-26 12:54:00
10753,838,Neha Singh,USB Hub,1,1800,Pending,2026-05-29,2026-05-31 07:48:00
10754,657,Arjun Kumar,Mouse,4,1200,Completed,2026-07-13,2026-07-14 01:38:00
10755,984,Kiran Patel,Webcam,4,5000,Completed,2026-06-06,2026-06-08 20:19:00
10756,1145,Priya Reddy,Power Bank,2,2200,Pending,2026-06-05,2026-06-05 18:56:00
10757,1295,Divya Menon,Headphones,1,4500,Completed,2026-02-11,2026-02-13 18:25:00
10758,1266,Manoj Rao,Webcam,1,5000,Completed,2026-02-05,2026-02-07 00:25:00
10759,968,Rohit Verma,Printer,4,12000,Completed,2026-03-03,2026-03-04 17:42:00
10760,798,Arjun Kumar,Webcam,3,5000,Completed,2026-02-08,2026-02-09 19:30:00
10761,1369,Neha Singh,Printer,4,12000,Cancelled,2026-01-05,2026-01-06 17:45:00
10762,1223,Kiran Patel,USB Hub,5,1800,Pending,2026-02-28,2026-02-28 10:10:00
10763,1444,Meera Nair,Printer,4,12000,Cancelled,2026-03-19,2026-03-19 18:33:00
10764,1088,Meera Nair,Headphones,3,4500,Pending,2026-05-14,2026-05-15 00:38:00
10765,741,Pooja Iyer,Keyboard,5,2500,Completed,2026-07-19,2026-07-19 19:58:00
10766,938,Pooja Iyer,Laptop,3,65000,Completed,2026-06-29,2026-07-01 07:08:00
10767,698,Suresh Kumar,RAM,2,4000,Completed,2026-07-12,2026-07-12 09:56:00
10768,848,Suresh Kumar,Mobile Phone,2,25000,Completed,2026-05-09,2026-05-09 12:30:00
10769,914,Vikram Singh,Webcam,3,5000,Completed,2026-05-22,2026-05-22 19:11:00
10770,943,Meera Nair,USB Hub,5,1800,Completed,2026-04-16,2026-04-17 20:41:00
10771,1083,Ajay Reddy,Laptop,1,65000,Completed,2026-08-26,2026-08-27 23:17:00
10772,629,Meera Nair,Mobile Phone,5,25000,Completed,2026-04-09,2026-04-11 17:03:00
10773,1500,Sneha Rao,Headphones,1,4500,Cancelled,2026-08-29,2026-08-29 23:15:00
10774,1425,Vikram Singh,Keyboard,3,2500,Completed,2026-03-28,2026-03-28 07:21:00
10775,826,Rahul Sharma,RAM,5,4000,Completed,2026-06-23,2026-06-25 02:02:00
10776,977,Divya Menon,Power Bank,1,2200,Pending,2026-03-21,2026-03-23 18:57:00
10777,760,Manoj Rao,Mobile Phone,5,25000,Completed,2026-08-08,2026-08-10 08:55:00
10778,1287,Manoj Rao,USB Hub,2,1800,Cancelled,2026-03-17,2026-03-18 20:56:00
10779,683,Neha Singh,RAM,4,4000,Completed,2026-01-08,2026-01-09 01:50:00
10780,710,Ananya Das,Smart Watch,5,7500,Completed,2026-02-04,2026-02-05 10:53:00
10781,1093,Neha Singh,Headphones,1,4500,Pending,2026-04-05,2026-04-07 11:01:00
10782,1456,Neha Singh,Keyboard,5,2500,Pending,2026-07-12,2026-07-14 08:12:00
10783,1342,Priya Reddy,Webcam,1,5000,Completed,2026-03-31,2026-03-31 22:38:00
10784,996,Priya Reddy,Tablet,3,30000,Completed,2026-06-21,2026-06-22 07:35:00
10785,1290,Pooja Iyer,Printer,3,12000,Completed,2026-05-29,2026-05-30 14:18:00
10786,930,Rohit Verma,Mobile Phone,5,25000,Pending,2026-08-20,2026-08-20 22:27:00
10787,1359,Priya Reddy,Headphones,3,4500,Completed,2026-03-24,2026-03-25 20:33:00
10788,885,Sneha Rao,Mobile Phone,4,25000,Pending,2026-03-29,2026-03-29 18:48:00
10789,508,Divya Menon,Mouse,4,1200,Pending,2026-06-10,2026-06-10 14:56:00
10790,517,Pooja Iyer,Laptop,5,65000,Pending,2026-04-06,2026-04-06 10:46:00
10791,999,Vikram Singh,Webcam,2,5000,Pending,2026-02-27,2026-02-28 17:37:00
10792,1285,Divya Menon,Tablet,4,30000,Completed,2026-08-26,2026-08-27 16:30:00
10793,1419,Arjun Kumar,Webcam,5,5000,Pending,2026-07-20,2026-07-20 15:55:00
10794,1038,Kiran Patel,SSD,4,8000,Cancelled,2026-05-27,2026-05-28 20:32:00
10795,701,Kiran Patel,Webcam,5,5000,Pending,2026-08-16,2026-08-17 08:02:00
10796,739,Priya Reddy,Laptop,5,65000,Completed,2026-05-22,2026-05-23 20:47:00
10797,1378,Sneha Rao,RAM,1,4000,Completed,2026-05-30,2026-05-31 12:10:00
10798,1154,Manoj Rao,USB Hub,4,1800,Pending,2026-08-09,2026-08-10 01:25:00
10799,1256,Ajay Reddy,Smart Watch,3,7500,Completed,2026-07-22,2026-07-23 14:06:00
10800,1041,Ajay Reddy,Laptop,5,65000,Completed,2026-03-09,2026-03-09 14:30:00
10801,1142,Ajay Reddy,Mobile Phone,4,25000,Pending,2026-08-29,2026-08-29 16:15:00
10802,1009,Meera Nair,Power Bank,1,2200,Completed,2026-05-23,2026-05-25 18:00:00
10803,1362,Suresh Kumar,Headphones,5,4500,Completed,2026-06-19,2026-06-21 16:38:00
10804,1450,Neha Singh,Laptop,3,65000,Completed,2026-02-07,2026-02-08 19:20:00
10805,807,Neha Singh,Tablet,1,30000,Completed,2026-01-01,2026-01-01 21:40:00
10806,680,Sneha Rao,Laptop Bag,3,3500,Completed,2026-07-29,2026-07-29 13:56:00
10807,1473,Rahul Sharma,Webcam,1,5000,Completed,2026-03-16,2026-03-18 08:48:00
10808,1323,Suresh Kumar,Printer,3,12000,Completed,2026-05-11,2026-05-12 04:22:00
10809,1492,Sneha Rao,RAM,5,4000,Completed,2026-06-28,2026-07-01 00:34:00
10810,581,Meera Nair,RAM,2,4000,Completed,2026-07-25,2026-07-26 07:27:00
10811,1285,Suresh Kumar,Laptop Bag,5,3500,Completed,2026-04-02,2026-04-04 11:23:00
10812,1389,Divya Menon,Headphones,5,4500,Pending,2026-04-01,2026-04-02 01:11:00
10813,1263,Kiran Patel,SSD,4,8000,Pending,2026-03-16,2026-03-16 08:44:00
10814,728,Ajay Reddy,USB Hub,4,1800,Cancelled,2026-02-16,2026-02-17 05:32:00
10815,1486,Suresh Kumar,Mobile Phone,5,25000,Completed,2026-01-01,2026-01-03 03:26:00
10816,677,Meera Nair,Laptop Bag,1,3500,Cancelled,2026-07-14,2026-07-14 20:33:00
10817,716,Rahul Sharma,Smart Watch,3,7500,Completed,2026-06-03,2026-06-05 16:07:00
10818,1384,Manoj Rao,SSD,1,8000,Completed,2026-05-06,2026-05-06 13:37:00
10819,1269,Manoj Rao,Smart Watch,4,7500,Completed,2026-02-28,2026-03-01 17:58:00
10820,784,Arjun Kumar,Laptop,2,65000,Cancelled,2026-02-02,2026-02-02 19:50:00
10821,1084,Suresh Kumar,Laptop Bag,5,3500,Completed,2026-08-08,2026-08-09 14:34:00
10822,894,Pooja Iyer,Mobile Phone,4,25000,Pending,2026-05-07,2026-05-09 17:08:00
10823,533,Priya Reddy,Laptop,1,65000,Completed,2026-09-05,2026-09-07 18:37:00
10824,950,Rahul Sharma,Headphones,4,4500,Completed,2026-02-24,2026-02-26 00:32:00
10825,896,Divya Menon,Mobile Phone,1,25000,Pending,2026-02-04,2026-02-04 23:05:00
10826,1471,Rahul Sharma,Smart Watch,4,7500,Pending,2026-06-05,2026-06-07 07:24:00
10827,796,Arjun Kumar,USB Hub,3,1800,Pending,2026-05-25,2026-05-25 08:47:00
10828,1141,Ajay Reddy,USB Hub,4,1800,Completed,2026-02-21,2026-02-23 11:04:00
10829,924,Rahul Sharma,Webcam,4,5000,Pending,2026-04-06,2026-04-08 19:26:00
10830,718,Priya Reddy,Headphones,4,4500,Completed,2026-01-04,2026-01-05 10:28:00
10831,1085,Manoj Rao,Power Bank,3,2200,Completed,2026-01-05,2026-01-05 01:33:00
10832,1052,Priya Reddy,SSD,1,8000,Cancelled,2026-04-17,2026-04-18 17:32:00
10833,1269,Ananya Das,Power Bank,5,2200,Pending,2026-07-13,2026-07-13 04:48:00
10834,999,Arjun Kumar,Mobile Phone,2,25000,Pending,2026-03-17,2026-03-19 08:01:00
10835,1165,Meera Nair,Mobile Phone,4,25000,Completed,2026-02-11,2026-02-13 10:57:00
10836,799,Sneha Rao,SSD,3,8000,Completed,2026-01-12,2026-01-13 21:52:00
10837,944,Sneha Rao,Headphones,4,4500,Cancelled,2026-08-23,2026-08-24 21:40:00
10838,616,Sneha Rao,Smart Watch,4,7500,Completed,2026-07-12,2026-07-13 12:10:00
10839,1365,Neha Singh,Laptop Bag,3,3500,Completed,2026-06-08,2026-06-10 23:49:00
10840,1449,Neha Singh,Headphones,4,4500,Completed,2026-05-10,2026-05-10 21:41:00
10841,544,Pooja Iyer,Mouse,2,1200,Pending,2026-05-12,2026-05-12 16:13:00
10842,1368,Ananya Das,USB Hub,5,1800,Completed,2026-09-06,2026-09-07 19:04:00
10843,708,Divya Menon,Tablet,3,30000,Completed,2026-07-16,2026-07-18 22:51:00
10844,1279,Divya Menon,USB Hub,4,1800,Completed,2026-03-08,2026-03-09 06:43:00
10845,850,Rahul Sharma,Smart Watch,1,7500,Completed,2026-04-15,2026-04-16 08:21:00
10846,1414,Arjun Kumar,Laptop Bag,5,3500,Completed,2026-04-14,2026-04-16 05:59:00
10847,709,Sneha Rao,Headphones,3,4500,Completed,2026-01-10,2026-01-12 13:05:00
10848,1490,Neha Singh,Keyboard,2,2500,Completed,2026-05-31,2026-06-02 14:29:00
10849,1329,Manoj Rao,Power Bank,1,2200,Completed,2026-02-20,2026-02-20 03:10:00
10850,599,Ajay Reddy,Power Bank,3,2200,Completed,2026-01-16,2026-01-17 06:00:00
10851,1151,Divya Menon,Webcam,3,5000,Cancelled,2026-03-23,2026-03-25 01:26:00
10852,658,Priya Reddy,Mouse,2,1200,Completed,2026-02-28,2026-03-01 00:37:00
10853,1262,Arjun Kumar,USB Hub,4,1800,Completed,2026-07-19,2026-07-20 22:09:00
10854,1172,Kiran Patel,Keyboard,5,2500,Pending,2026-03-13,2026-03-15 07:41:00
10855,1043,Pooja Iyer,Webcam,4,5000,Completed,2026-06-29,2026-06-29 18:48:00
10856,1289,Meera Nair,Keyboard,1,2500,Completed,2026-03-12,2026-03-14 07:15:00
10857,738,Meera Nair,Keyboard,1,2500,Pending,2026-04-14,2026-04-14 22:55:00
10858,558,Arjun Kumar,Printer,5,12000,Cancelled,2026-05-31,2026-05-31 15:57:00
10859,665,Neha Singh,SSD,4,8000,Cancelled,2026-07-12,2026-07-13 16:02:00
10860,1097,Arjun Kumar,Monitor,4,15000,Pending,2026-08-09,2026-08-11 05:15:00
10861,917,Suresh Kumar,RAM,5,4000,Completed,2026-07-01,2026-07-03 22:05:00
10862,1363,Ananya Das,Laptop,3,65000,Cancelled,2026-05-26,2026-05-26 19:49:00
10863,924,Priya Reddy,Mobile Phone,2,25000,Cancelled,2026-02-11,2026-02-13 03:58:00
10864,1318,Rohit Verma,Printer,3,12000,Completed,2026-05-07,2026-05-08 20:16:00
10865,672,Meera Nair,Monitor,1,15000,Completed,2026-05-18,2026-05-20 00:35:00
10866,833,Meera Nair,Headphones,3,4500,Completed,2026-02-21,2026-02-23 21:02:00
10867,1168,Divya Menon,Webcam,4,5000,Completed,2026-06-19,2026-06-19 01:00:00
10868,1462,Neha Singh,Headphones,5,4500,Completed,2026-08-26,2026-08-28 18:24:00
10869,813,Suresh Kumar,Tablet,2,30000,Completed,2026-06-07,2026-06-09 02:39:00
10870,1295,Neha Singh,Mobile Phone,5,25000,Cancelled,2026-05-30,2026-05-31 02:52:00
10871,1366,Vikram Singh,Smart Watch,4,7500,Completed,2026-06-17,2026-06-17 19:25:00
10872,1154,Manoj Rao,Tablet,4,30000,Completed,2026-07-04,2026-07-06 06:39:00
10873,877,Divya Menon,Mobile Phone,3,25000,Completed,2026-08-23,2026-08-26 00:02:00
10874,836,Rahul Sharma,Power Bank,1,2200,Completed,2026-01-11,2026-01-12 14:01:00
10875,859,Sneha Rao,Webcam,4,5000,Completed,2026-07-15,2026-07-18 00:11:00
10876,724,Sneha Rao,Power Bank,2,2200,Completed,2026-07-03,2026-07-03 14:43:00
10877,664,Arjun Kumar,USB Hub,4,1800,Pending,2026-05-08,2026-05-08 15:57:00
10878,1317,Arjun Kumar,Laptop Bag,5,3500,Completed,2026-02-08,2026-02-08 15:58:00
10879,568,Manoj Rao,Mobile Phone,2,25000,Completed,2026-05-16,2026-05-16 16:41:00
10880,528,Manoj Rao,Mobile Phone,1,25000,Completed,2026-05-24,2026-05-24 10:01:00
10881,1051,Kiran Patel,SSD,2,8000,Completed,2026-04-03,2026-04-04 16:14:00
10882,1234,Kiran Patel,Printer,4,12000,Completed,2026-05-07,2026-05-09 20:21:00
10883,1392,Rohit Verma,USB Hub,2,1800,Completed,2026-01-28,2026-01-29 21:11:00
10884,777,Suresh Kumar,Laptop Bag,1,3500,Pending,2026-03-24,2026-03-24 05:19:00
10885,1024,Arjun Kumar,Keyboard,5,2500,Completed,2026-09-01,2026-09-02 08:20:00
10886,1330,Ajay Reddy,RAM,2,4000,Completed,2026-08-25,2026-08-26 02:20:00
10887,780,Rahul Sharma,Smart Watch,3,7500,Pending,2026-03-10,2026-03-12 06:28:00
10888,651,Suresh Kumar,Keyboard,1,2500,Completed,2026-02-16,2026-02-16 02:12:00
10889,1055,Arjun Kumar,Laptop Bag,5,3500,Completed,2026-02-08,2026-02-08 06:05:00
10890,967,Sneha Rao,Smart Watch,1,7500,Cancelled,2026-06-25,2026-06-26 00:48:00
10891,621,Rahul Sharma,SSD,1,8000,Completed,2026-05-14,2026-05-14 15:38:00
10892,1003,Pooja Iyer,Smart Watch,2,7500,Completed,2026-01-18,2026-01-19 02:09:00
10893,1152,Arjun Kumar,Tablet,3,30000,Completed,2026-05-15,2026-05-16 10:15:00
10894,1060,Divya Menon,Tablet,4,30000,Completed,2026-01-25,2026-01-26 02:42:00
10895,920,Rohit Verma,Smart Watch,3,7500,Completed,2026-01-06,2026-01-07 21:59:00
10896,1212,Ananya Das,USB Hub,1,1800,Completed,2026-01-22,2026-01-22 21:15:00
10897,777,Vikram Singh,Keyboard,2,2500,Completed,2026-07-30,2026-07-31 14:36:00
10898,1310,Manoj Rao,Smart Watch,2,7500,Pending,2026-03-19,2026-03-21 07:46:00
10899,831,Divya Menon,Power Bank,1,2200,Pending,2026-03-22,2026-03-22 06:13:00
10900,664,Neha Singh,Keyboard,4,2500,Completed,2026-03-30,2026-03-30 01:19:00
10901,894,Sneha Rao,Mobile Phone,5,25000,Completed,2026-03-07,2026-03-07 02:06:00
10902,802,Divya Menon,RAM,2,4000,Completed,2026-04-18,2026-04-20 05:47:00
10903,1385,Suresh Kumar,Monitor,5,15000,Completed,2026-08-17,2026-08-17 18:16:00
10904,1035,Ananya Das,Keyboard,2,2500,Pending,2026-04-24,2026-04-26 21:00:00
10905,1241,Ajay Reddy,Mouse,2,1200,Cancelled,2026-06-28,2026-06-30 17:44:00
10906,857,Pooja Iyer,Power Bank,3,2200,Pending,2026-04-09,2026-04-09 19:44:00
10907,580,Kiran Patel,SSD,5,8000,Completed,2026-06-05,2026-06-07 23:03:00
10908,594,Rohit Verma,Headphones,2,4500,Completed,2026-08-29,2026-08-29 18:49:00
10909,1213,Meera Nair,Laptop Bag,5,3500,Completed,2026-01-16,2026-01-16 10:14:00
10910,756,Arjun Kumar,Headphones,5,4500,Completed,2026-06-29,2026-06-30 11:10:00
10911,1073,Divya Menon,Webcam,3,5000,Completed,2026-07-13,2026-07-15 17:09:00
10912,1004,Rohit Verma,Printer,4,12000,Pending,2026-03-20,2026-03-21 02:48:00
10913,1353,Sneha Rao,Keyboard,3,2500,Completed,2026-01-20,2026-01-21 19:02:00
10914,1318,Divya Menon,Printer,2,12000,Cancelled,2026-06-23,2026-06-24 13:04:00
10915,1202,Pooja Iyer,USB Hub,2,1800,Completed,2026-04-08,2026-04-09 22:41:00
10916,1008,Priya Reddy,Power Bank,2,2200,Completed,2026-06-17,2026-06-19 23:21:00
10917,1271,Manoj Rao,Monitor,4,15000,Completed,2026-04-05,2026-04-05 14:45:00
10918,1162,Priya Reddy,Mobile Phone,5,25000,Completed,2026-01-23,2026-01-25 01:48:00
10919,1283,Arjun Kumar,USB Hub,5,1800,Completed,2026-05-03,2026-05-04 22:26:00
10920,746,Kiran Patel,Monitor,4,15000,Completed,2026-06-03,2026-06-04 09:06:00
10921,1406,Kiran Patel,Webcam,1,5000,Completed,2026-07-15,2026-07-16 01:16:00
10922,996,Ananya Das,Mobile Phone,3,25000,Completed,2026-05-06,2026-05-07 09:34:00
10923,774,Rohit Verma,Laptop Bag,1,3500,Pending,2026-02-21,2026-02-22 16:01:00
10924,1446,Rahul Sharma,Keyboard,1,2500,Cancelled,2026-01-31,2026-02-02 03:33:00
10925,1495,Ananya Das,Power Bank,5,2200,Completed,2026-05-26,2026-05-26 02:55:00
10926,521,Rohit Verma,Monitor,1,15000,Completed,2026-05-15,2026-05-17 16:05:00
10927,654,Priya Reddy,Mobile Phone,3,25000,Completed,2026-06-16,2026-06-17 04:33:00
10928,1342,Arjun Kumar,Laptop Bag,5,3500,Completed,2026-07-24,2026-07-25 15:35:00
10929,1068,Arjun Kumar,Keyboard,3,2500,Completed,2026-05-20,2026-05-22 00:20:00
10930,1228,Priya Reddy,RAM,5,4000,Completed,2026-07-16,2026-07-17 16:34:00
10931,604,Neha Singh,Laptop,4,65000,Completed,2026-05-27,2026-05-27 01:56:00
10932,945,Arjun Kumar,Monitor,3,15000,Completed,2026-06-16,2026-06-16 04:46:00
10933,1227,Manoj Rao,Printer,2,12000,Completed,2026-08-10,2026-08-11 00:49:00
10934,781,Suresh Kumar,Tablet,3,30000,Completed,2026-01-04,2026-01-06 12:03:00
10935,817,Priya Reddy,Tablet,4,30000,Completed,2026-06-15,2026-06-17 23:21:00
10936,968,Pooja Iyer,USB Hub,3,1800,Pending,2026-07-22,2026-07-22 22:45:00
10937,929,Sneha Rao,Power Bank,2,2200,Completed,2026-06-03,2026-06-03 01:04:00
10938,1036,Manoj Rao,Laptop,5,65000,Completed,2026-02-18,2026-02-20 13:12:00
10939,661,Ajay Reddy,SSD,3,8000,Pending,2026-02-05,2026-02-05 20:13:00
10940,1251,Arjun Kumar,Keyboard,4,2500,Completed,2026-07-24,2026-07-25 12:08:00
10941,1007,Meera Nair,Mobile Phone,1,25000,Completed,2026-01-14,2026-01-14 01:22:00
10942,734,Arjun Kumar,Mobile Phone,4,25000,Completed,2026-01-29,2026-01-30 13:50:00
10943,573,Kiran Patel,Mobile Phone,3,25000,Completed,2026-01-12,2026-01-14 12:17:00
10944,970,Sneha Rao,Power Bank,1,2200,Completed,2026-03-07,2026-03-07 20:16:00
10945,658,Arjun Kumar,RAM,5,4000,Completed,2026-05-27,2026-05-27 12:32:00
10946,526,Sneha Rao,Mouse,5,1200,Pending,2026-01-23,2026-01-25 12:45:00
10947,834,Rahul Sharma,Laptop Bag,2,3500,Completed,2026-02-07,2026-02-09 17:36:00
10948,1471,Rahul Sharma,Monitor,1,15000,Pending,2026-08-16,2026-08-17 12:14:00
10949,509,Manoj Rao,Printer,3,12000,Completed,2026-07-09,2026-07-09 12:54:00
10950,745,Pooja Iyer,Smart Watch,5,7500,Cancelled,2026-08-20,2026-08-22 00:35:00
10951,1487,Priya Reddy,USB Hub,1,1800,Completed,2026-07-07,2026-07-08 07:45:00
10952,896,Neha Singh,Monitor,2,15000,Completed,2026-02-17,2026-02-19 12:03:00
10953,1044,Divya Menon,USB Hub,5,1800,Completed,2026-08-04,2026-08-04 17:14:00
10954,1156,Neha Singh,Laptop Bag,1,3500,Completed,2026-03-09,2026-03-09 17:18:00
10955,653,Pooja Iyer,Tablet,4,30000,Completed,2026-03-17,2026-03-17 04:26:00
10956,1086,Vikram Singh,Smart Watch,5,7500,Pending,2026-04-23,2026-04-23 06:33:00
10957,706,Priya Reddy,Mouse,1,1200,Completed,2026-05-18,2026-05-20 13:00:00
10958,884,Sneha Rao,Laptop,3,65000,Completed,2026-08-14,2026-08-16 16:10:00
10959,1496,Neha Singh,SSD,1,8000,Completed,2026-04-27,2026-04-27 22:59:00
10960,798,Neha Singh,Power Bank,3,2200,Completed,2026-07-09,2026-07-10 06:03:00
10961,619,Pooja Iyer,Printer,3,12000,Completed,2026-08-14,2026-08-16 08:04:00
10962,1234,Pooja Iyer,Power Bank,5,2200,Pending,2026-06-06,2026-06-06 22:39:00
10963,1253,Sneha Rao,Power Bank,2,2200,Completed,2026-03-02,2026-03-02 16:04:00
10964,1334,Meera Nair,Smart Watch,1,7500,Pending,2026-06-06,2026-06-06 17:27:00
10965,656,Priya Reddy,Webcam,5,5000,Pending,2026-03-03,2026-03-04 12:42:00
10966,1195,Neha Singh,Mobile Phone,5,25000,Completed,2026-01-17,2026-01-17 11:21:00
10967,1136,Ananya Das,Smart Watch,1,7500,Cancelled,2026-02-11,2026-02-11 09:57:00
10968,828,Vikram Singh,Keyboard,2,2500,Completed,2026-03-01,2026-03-02 15:40:00
10969,970,Vikram Singh,Monitor,4,15000,Completed,2026-03-06,2026-03-07 00:25:00
10970,519,Pooja Iyer,SSD,2,8000,Completed,2026-02-06,2026-02-07 14:32:00
10971,792,Vikram Singh,Smart Watch,5,7500,Completed,2026-07-20,2026-07-22 06:30:00
10972,917,Arjun Kumar,Laptop,2,65000,Completed,2026-01-09,2026-01-09 23:38:00
10973,690,Vikram Singh,Mouse,5,1200,Completed,2026-02-25,2026-02-26 02:33:00
10974,1437,Ajay Reddy,Headphones,4,4500,Completed,2026-07-13,2026-07-13 04:19:00
10975,1089,Neha Singh,Headphones,4,4500,Completed,2026-05-29,2026-05-29 23:52:00
10976,854,Pooja Iyer,Mobile Phone,3,25000,Completed,2026-04-05,2026-04-05 05:09:00
10977,878,Suresh Kumar,Webcam,4,5000,Completed,2026-03-07,2026-03-09 20:35:00
10978,1394,Rohit Verma,Mouse,2,1200,Completed,2026-01-21,2026-01-23 04:01:00
10979,762,Neha Singh,Printer,5,12000,Completed,2026-04-21,2026-04-22 10:07:00
10980,1205,Sneha Rao,Power Bank,4,2200,Completed,2026-04-04,2026-04-05 03:03:00
10981,1453,Ajay Reddy,Mouse,5,1200,Pending,2026-02-26,2026-02-26 15:44:00
10982,962,Ajay Reddy,RAM,4,4000,Pending,2026-03-29,2026-03-30 05:02:00
10983,830,Manoj Rao,Monitor,2,15000,Pending,2026-07-08,2026-07-08 05:38:00
10984,1350,Rahul Sharma,Smart Watch,2,7500,Cancelled,2026-05-24,2026-05-24 21:26:00
10985,598,Sneha Rao,Tablet,1,30000,Cancelled,2026-02-19,2026-02-19 13:45:00
10986,1076,Neha Singh,USB Hub,3,1800,Completed,2026-09-01,2026-09-01 09:33:00
10987,604,Priya Reddy,SSD,1,8000,Pending,2026-08-29,2026-08-29 19:37:00
10988,1219,Kiran Patel,USB Hub,1,1800,Completed,2026-06-07,2026-06-08 03:16:00
10989,1244,Ananya Das,RAM,2,4000,Completed,2026-08-26,2026-08-28 19:43:00
10990,1402,Meera Nair,Tablet,2,30000,Completed,2026-04-18,2026-04-18 05:52:00
10991,808,Vikram Singh,Monitor,4,15000,Completed,2026-01-27,2026-01-29 16:50:00
10992,1132,Rahul Sharma,Mouse,3,1200,Pending,2026-01-09,2026-01-10 03:26:00
10993,1077,Arjun Kumar,Monitor,5,15000,Completed,2026-08-07,2026-08-08 00:51:00
10994,1094,Priya Reddy,RAM,2,4000,Completed,2026-04-21,2026-04-21 17:26:00
10995,870,Ajay Reddy,Keyboard,2,2500,Pending,2026-08-11,2026-08-12 02:45:00
10996,623,Rahul Sharma,Laptop Bag,2,3500,Completed,2026-07-07,2026-07-07 15:35:00
10997,1061,Rahul Sharma,Monitor,5,15000,Completed,2026-02-07,2026-02-07 20:19:00
10998,983,Kiran Patel,Printer,3,12000,Completed,2026-02-10,2026-02-12 08:33:00
10999,1422,Vikram Singh,Keyboard,2,2500,Cancelled,2026-05-18,2026-05-20 08:10:00
11000,1192,Ajay Reddy,Monitor,3,15000,Cancelled,2026-08-02,2026-08-03 23:23:00
